amount,created_at,currency,customer_id,ingested_at,invoice_id,merchant_id,order_id,original,reference_id,source,source_record_id
48447.50,2026-01-05T09:39:00+00:00,INR,CUS_94518,2026-01-05T09:30:00+00:00,INV_000001,MCH_ZERO,ORD_000001,"{'amount': '48447.50', 'merchant': 'Zero Fee Internal Rail'}",REF_000001,orders.csv,orders:ORD_000001
16311.25,2026-01-05T09:49:00+00:00,INR,CUS_22015,2026-01-05T09:30:00+00:00,INV_000002,MCH_SWIFT,ORD_000002,"{'amount': '16311.25', 'merchant': 'SwiftKart Marketplace'}",REF_000002,orders.csv,orders:ORD_000002
74300.00,2026-01-05T09:55:00+00:00,INR,CUS_18992,2026-01-05T09:30:00+00:00,INV_000003,MCH_SWIFT,ORD_000003,"{'amount': '74300.00', 'merchant': 'SwiftKart Marketplace'}",REF_000003,orders.csv,orders:ORD_000003
19264.00,2026-01-05T10:07:00+00:00,INR,CUS_80807,2026-01-05T09:30:00+00:00,INV_000005,MCH_CAFE,ORD_000005,"{'amount': '19264.00', 'merchant': 'Kaveri Coffee Roasters'}",REF_000005,orders.csv,orders:ORD_000005
2247.00,2026-01-05T10:16:00+00:00,INR,CUS_41186,2026-01-05T09:30:00+00:00,INV_000006,MCH_SWIFT,ORD_000006,"{'amount': '2247.00', 'merchant': 'SwiftKart Marketplace'}",REF_000006,orders.csv,orders:ORD_000006
55476.50,2026-01-05T10:24:00+00:00,INR,CUS_24896,2026-01-05T09:30:00+00:00,INV_000007,MCH_SWIFT,ORD_000007,"{'amount': '55476.50', 'merchant': 'SwiftKart Marketplace'}",REF_000007,orders.csv,orders:ORD_000007
67571.50,2026-01-05T10:29:00+00:00,INR,CUS_24293,2026-01-05T09:30:00+00:00,INV_000008,MCH_CAFE,ORD_000008,"{'amount': '67571.50', 'merchant': 'Kaveri Coffee Roasters'}",REF_000008,orders.csv,orders:ORD_000008
86663.50,2026-01-05T10:36:00+00:00,INR,CUS_49535,2026-01-05T09:30:00+00:00,INV_000009,MCH_TRAVEL,ORD_000009,"{'amount': '86663.50', 'merchant': 'Vista Travel Desk'}",REF_000009,orders.csv,orders:ORD_000009
56172.75,2026-01-05T10:43:00+00:00,INR,CUS_24150,2026-01-05T09:30:00+00:00,INV_000010,MCH_SAAS,ORD_000010,"{'amount': '56172.75', 'merchant': 'Nila SaaS Systems'}",REF_000010,orders.csv,orders:ORD_000010
80030.00,2026-01-05T10:48:00+00:00,INR,CUS_18609,2026-01-05T09:30:00+00:00,INV_000011,MCH_CAFE,ORD_000011,"{'amount': '80030.00', 'merchant': 'Kaveri Coffee Roasters'}",REF_000011,orders.csv,orders:ORD_000011
69841.00,2026-01-05T10:58:00+00:00,INR,CUS_69469,2026-01-05T09:30:00+00:00,INV_000012,MCH_HEALTH,ORD_000012,"{'amount': '69841.00', 'merchant': 'Prana Health Online'}",REF_000012,orders.csv,orders:ORD_000012
85616.50,2026-01-05T11:04:00+00:00,INR,CUS_38183,2026-01-05T09:30:00+00:00,INV_000013,MCH_TRAVEL,ORD_000013,"{'amount': '85616.50', 'merchant': 'Vista Travel Desk'}",REF_000013,orders.csv,orders:ORD_000013
59741.25,2026-01-05T11:13:00+00:00,INR,CUS_64524,2026-01-05T09:30:00+00:00,INV_000014,MCH_CAFE,ORD_000014,"{'amount': '59741.25', 'merchant': 'Kaveri Coffee Roasters'}",REF_000014,orders.csv,orders:ORD_000014
87477.00,2026-01-05T11:16:00+00:00,INR,CUS_59060,2026-01-05T09:30:00+00:00,INV_000015,MCH_CAFE,ORD_000015,"{'amount': '87477.00', 'merchant': 'Kaveri Coffee Roasters'}",REF_000015,orders.csv,orders:ORD_000015
12519.25,2026-01-05T11:27:00+00:00,INR,CUS_22656,2026-01-05T09:30:00+00:00,INV_000016,MCH_ZERO,ORD_000016,"{'amount': '12519.25', 'merchant': 'Zero Fee Internal Rail'}",REF_000016,orders.csv,orders:ORD_000016
73908.50,2026-01-05T11:34:00+00:00,INR,CUS_53207,2026-01-05T09:30:00+00:00,INV_000017,MCH_HEALTH,ORD_000017,"{'amount': '73908.50', 'merchant': 'Prana Health Online'}",REF_000017,orders.csv,orders:ORD_000017
55735.75,2026-01-05T11:38:00+00:00,INR,CUS_16743,2026-01-05T09:30:00+00:00,INV_000018,MCH_TRAVEL,ORD_000018,"{'amount': '55735.75', 'merchant': 'Vista Travel Desk'}",REF_000018,orders.csv,orders:ORD_000018
66807.00,2026-01-05T11:48:00+00:00,INR,CUS_30280,2026-01-05T09:30:00+00:00,INV_000019,MCH_HEALTH,ORD_000019,"{'amount': '66807.00', 'merchant': 'Prana Health Online'}",REF_000019,orders.csv,orders:ORD_000019
15358.00,2026-01-05T11:51:00+00:00,INR,CUS_85248,2026-01-05T09:30:00+00:00,INV_000020,MCH_CAFE,ORD_000020,"{'amount': '15358.00', 'merchant': 'Kaveri Coffee Roasters'}",REF_000020,orders.csv,orders:ORD_000020
23947.00,2026-01-05T11:59:00+00:00,INR,CUS_50499,2026-01-05T09:30:00+00:00,INV_000021,MCH_ZERO,ORD_000021,"{'amount': '23947.00', 'merchant': 'Zero Fee Internal Rail'}",REF_000021,orders.csv,orders:ORD_000021
52831.00,2026-01-05T12:09:00+00:00,INR,CUS_28595,2026-01-05T09:30:00+00:00,INV_000022,MCH_TRAVEL,ORD_000022,"{'amount': '52831.00', 'merchant': 'Vista Travel Desk'}",REF_000022,orders.csv,orders:ORD_000022
59760.00,2026-01-05T12:13:00+00:00,INR,CUS_30631,2026-01-05T09:30:00+00:00,INV_000023,MCH_SAAS,ORD_000023,"{'amount': '59760.00', 'merchant': 'Nila SaaS Systems'}",REF_000023,orders.csv,orders:ORD_000023
20692.00,2026-01-05T12:18:00+00:00,INR,CUS_90981,2026-01-05T09:30:00+00:00,INV_000024,MCH_ZERO,ORD_000024,"{'amount': '20692.00', 'merchant': 'Zero Fee Internal Rail'}",REF_000024,orders.csv,orders:ORD_000024
55876.25,2026-01-05T12:28:00+00:00,INR,CUS_89570,2026-01-05T09:30:00+00:00,INV_000025,MCH_TRAVEL,ORD_000025,"{'amount': '55876.25', 'merchant': 'Vista Travel Desk'}",REF_000025,orders.csv,orders:ORD_000025
15218.00,2026-01-05T12:32:00+00:00,INR,CUS_66349,2026-01-05T09:30:00+00:00,INV_000026,MCH_HEALTH,ORD_000026,"{'amount': '15218.00', 'merchant': 'Prana Health Online'}",REF_000026,orders.csv,orders:ORD_000026
29203.25,2026-01-05T12:39:00+00:00,INR,CUS_88554,2026-01-05T09:30:00+00:00,INV_000027,MCH_ZERO,ORD_000027,"{'amount': '29203.25', 'merchant': 'Zero Fee Internal Rail'}",REF_000027,orders.csv,orders:ORD_000027
18287.00,2026-01-05T12:48:00+00:00,INR,CUS_47938,2026-01-05T09:30:00+00:00,INV_000028,MCH_SWIFT,ORD_000028,"{'amount': '18287.00', 'merchant': 'SwiftKart Marketplace'}",REF_000028,orders.csv,orders:ORD_000028
56746.00,2026-01-05T12:56:00+00:00,INR,CUS_26932,2026-01-05T09:30:00+00:00,INV_000029,MCH_TRAVEL,ORD_000029,"{'amount': '56746.00', 'merchant': 'Vista Travel Desk'}",REF_000029,orders.csv,orders:ORD_000029
5844.25,2026-01-05T13:03:00+00:00,INR,CUS_12456,2026-01-05T09:30:00+00:00,INV_000030,MCH_TRAVEL,ORD_000030,"{'amount': '5844.25', 'merchant': 'Vista Travel Desk'}",REF_000030,orders.csv,orders:ORD_000030
53308.75,2026-01-05T13:10:00+00:00,INR,CUS_93904,2026-01-05T09:30:00+00:00,INV_000031,MCH_HEALTH,ORD_000031,"{'amount': '53308.75', 'merchant': 'Prana Health Online'}",REF_000031,orders.csv,orders:ORD_000031
81318.25,2026-01-05T13:14:00+00:00,INR,CUS_57428,2026-01-05T09:30:00+00:00,INV_000032,MCH_SWIFT,ORD_000032,"{'amount': '81318.25', 'merchant': 'SwiftKart Marketplace'}",REF_000032,orders.csv,orders:ORD_000032
10608.25,2026-01-05T13:26:00+00:00,INR,CUS_50668,2026-01-05T09:30:00+00:00,INV_000033,MCH_HEALTH,ORD_000033,"{'amount': '10608.25', 'merchant': 'Prana Health Online'}",REF_000033,orders.csv,orders:ORD_000033
10311.50,2026-01-05T13:28:00+00:00,INR,CUS_92998,2026-01-05T09:30:00+00:00,INV_000034,MCH_SWIFT,ORD_000034,"{'amount': '10311.50', 'merchant': 'SwiftKart Marketplace'}",REF_000034,orders.csv,orders:ORD_000034
19658.00,2026-01-05T13:36:00+00:00,INR,CUS_23474,2026-01-05T09:30:00+00:00,INV_000035,MCH_TRAVEL,ORD_000035,"{'amount': '19658.00', 'merchant': 'Vista Travel Desk'}",REF_000035,orders.csv,orders:ORD_000035
20336.75,2026-01-05T13:43:00+00:00,INR,CUS_19876,2026-01-05T09:30:00+00:00,INV_000036,MCH_HEALTH,ORD_000036,"{'amount': '20336.75', 'merchant': 'Prana Health Online'}",REF_000036,orders.csv,orders:ORD_000036
74289.75,2026-01-05T13:53:00+00:00,INR,CUS_93269,2026-01-05T09:30:00+00:00,INV_000037,MCH_TRAVEL,ORD_000037,"{'amount': '74289.75', 'merchant': 'Vista Travel Desk'}",REF_000037,orders.csv,orders:ORD_000037
83056.00,2026-01-05T14:00:00+00:00,INR,CUS_46002,2026-01-05T09:30:00+00:00,INV_000038,MCH_SAAS,ORD_000038,"{'amount': '83056.00', 'merchant': 'Nila SaaS Systems'}",REF_000038,orders.csv,orders:ORD_000038
60821.25,2026-01-05T14:03:00+00:00,INR,CUS_14929,2026-01-05T09:30:00+00:00,INV_000039,MCH_CAFE,ORD_000039,"{'amount': '60821.25', 'merchant': 'Kaveri Coffee Roasters'}",REF_000039,orders.csv,orders:ORD_000039
12135.50,2026-01-05T14:14:00+00:00,INR,CUS_87867,2026-01-05T09:30:00+00:00,INV_000040,MCH_TRAVEL,ORD_000040,"{'amount': '12135.50', 'merchant': 'Vista Travel Desk'}",REF_000040,orders.csv,orders:ORD_000040
75228.75,2026-01-05T14:19:00+00:00,INR,CUS_34672,2026-01-05T09:30:00+00:00,INV_000041,MCH_SAAS,ORD_000041,"{'amount': '75228.75', 'merchant': 'Nila SaaS Systems'}",REF_000041,orders.csv,orders:ORD_000041
11353.50,2026-01-05T14:25:00+00:00,INR,CUS_94689,2026-01-05T09:30:00+00:00,INV_000042,MCH_CAFE,ORD_000042,"{'amount': '11353.50', 'merchant': 'Kaveri Coffee Roasters'}",REF_000042,orders.csv,orders:ORD_000042
68990.50,2026-01-05T14:32:00+00:00,INR,CUS_89928,2026-01-05T09:30:00+00:00,INV_000043,MCH_SAAS,ORD_000043,"{'amount': '68990.50', 'merchant': 'Nila SaaS Systems'}",REF_000043,orders.csv,orders:ORD_000043
53878.00,2026-01-05T14:42:00+00:00,INR,CUS_98984,2026-01-05T09:30:00+00:00,INV_000044,MCH_SAAS,ORD_000044,"{'amount': '53878.00', 'merchant': 'Nila SaaS Systems'}",REF_000044,orders.csv,orders:ORD_000044
12687.50,2026-01-05T14:48:00+00:00,INR,CUS_98916,2026-01-05T09:30:00+00:00,INV_000045,MCH_CAFE,ORD_000045,"{'amount': '12687.50', 'merchant': 'Kaveri Coffee Roasters'}",REF_000045,orders.csv,orders:ORD_000045
10982.50,2026-01-05T14:53:00+00:00,INR,CUS_96980,2026-01-05T09:30:00+00:00,INV_000046,MCH_CAFE,ORD_000046,"{'amount': '10982.50', 'merchant': 'Kaveri Coffee Roasters'}",REF_000046,orders.csv,orders:ORD_000046
78293.75,2026-01-05T15:01:00+00:00,INR,CUS_21104,2026-01-05T09:30:00+00:00,INV_000047,MCH_SWIFT,ORD_000047,"{'amount': '78293.75', 'merchant': 'SwiftKart Marketplace'}",REF_000047,orders.csv,orders:ORD_000047
88133.75,2026-01-05T15:10:00+00:00,INR,CUS_99838,2026-01-05T09:30:00+00:00,INV_000048,MCH_SWIFT,ORD_000048,"{'amount': '88133.75', 'merchant': 'SwiftKart Marketplace'}",REF_000048,orders.csv,orders:ORD_000048
47826.00,2026-01-05T15:14:00+00:00,INR,CUS_33627,2026-01-05T09:30:00+00:00,INV_000049,MCH_ZERO,ORD_000049,"{'amount': '47826.00', 'merchant': 'Zero Fee Internal Rail'}",REF_000049,orders.csv,orders:ORD_000049
18330.00,2026-01-05T15:22:00+00:00,INR,CUS_20114,2026-01-05T09:30:00+00:00,INV_000050,MCH_SWIFT,ORD_000050,"{'amount': '18330.00', 'merchant': 'SwiftKart Marketplace'}",REF_000050,orders.csv,orders:ORD_000050
17476.50,2026-01-05T15:28:00+00:00,INR,CUS_59377,2026-01-05T09:30:00+00:00,INV_000051,MCH_HEALTH,ORD_000051,"{'amount': '17476.50', 'merchant': 'Prana Health Online'}",REF_000051,orders.csv,orders:ORD_000051
57666.00,2026-01-05T15:36:00+00:00,INR,CUS_63852,2026-01-05T09:30:00+00:00,INV_000052,MCH_TRAVEL,ORD_000052,"{'amount': '57666.00', 'merchant': 'Vista Travel Desk'}",REF_000052,orders.csv,orders:ORD_000052
59141.00,2026-01-05T15:42:00+00:00,INR,CUS_79993,2026-01-05T09:30:00+00:00,INV_000053,MCH_TRAVEL,ORD_000053,"{'amount': '59141.00', 'merchant': 'Vista Travel Desk'}",REF_000053,orders.csv,orders:ORD_000053
50352.50,2026-01-05T15:58:00+00:00,INR,CUS_79135,2026-01-05T09:30:00+00:00,INV_000055,MCH_CAFE,ORD_000055,"{'amount': '50352.50', 'merchant': 'Kaveri Coffee Roasters'}",REF_000055,orders.csv,orders:ORD_000055
7139.75,2026-01-05T16:04:00+00:00,INR,CUS_72991,2026-01-05T09:30:00+00:00,INV_000056,MCH_CAFE,ORD_000056,"{'amount': '7139.75', 'merchant': 'Kaveri Coffee Roasters'}",REF_000056,orders.csv,orders:ORD_000056
11293.00,2026-01-05T16:12:00+00:00,INR,CUS_45755,2026-01-05T09:30:00+00:00,INV_000057,MCH_CAFE,ORD_000057,"{'amount': '11293.00', 'merchant': 'Kaveri Coffee Roasters'}",REF_000057,orders.csv,orders:ORD_000057
29402.25,2026-01-05T16:16:00+00:00,INR,CUS_55820,2026-01-05T09:30:00+00:00,INV_000058,MCH_ZERO,ORD_000058,"{'amount': '29402.25', 'merchant': 'Zero Fee Internal Rail'}",REF_000058,orders.csv,orders:ORD_000058
10996.00,2026-01-05T16:23:00+00:00,INR,CUS_39430,2026-01-05T09:30:00+00:00,INV_000059,MCH_SAAS,ORD_000059,"{'amount': '10996.00', 'merchant': 'Nila SaaS Systems'}",REF_000059,orders.csv,orders:ORD_000059
18335.00,2026-01-05T16:33:00+00:00,INR,CUS_47601,2026-01-05T09:30:00+00:00,INV_000060,MCH_SWIFT,ORD_000060,"{'amount': '18335.00', 'merchant': 'SwiftKart Marketplace'}",REF_000060,orders.csv,orders:ORD_000060
988.00,2026-01-05T16:39:00+00:00,INR,CUS_12490,2026-01-05T09:30:00+00:00,INV_000061,MCH_HEALTH,ORD_000061,"{'amount': '988.00', 'merchant': 'Prana Health Online'}",REF_000061,orders.csv,orders:ORD_000061
31447.00,2026-01-05T16:44:00+00:00,INR,CUS_25970,2026-01-05T09:30:00+00:00,INV_000062,MCH_CAFE,ORD_000062,"{'amount': '31447.00', 'merchant': 'Kaveri Coffee Roasters'}",REF_000062,orders.csv,orders:ORD_000062
14830.25,2026-01-05T16:55:00+00:00,INR,CUS_88215,2026-01-05T09:30:00+00:00,INV_000063,MCH_ZERO,ORD_000063,"{'amount': '14830.25', 'merchant': 'Zero Fee Internal Rail'}",REF_000063,orders.csv,orders:ORD_000063
56561.00,2026-01-05T17:00:00+00:00,INR,CUS_90584,2026-01-05T09:30:00+00:00,INV_000064,MCH_CAFE,ORD_000064,"{'amount': '56561.00', 'merchant': 'Kaveri Coffee Roasters'}",REF_000064,orders.csv,orders:ORD_000064
47565.00,2026-01-05T17:09:00+00:00,INR,CUS_78951,2026-01-05T09:30:00+00:00,INV_000065,MCH_HEALTH,ORD_000065,"{'amount': '47565.00', 'merchant': 'Prana Health Online'}",REF_000065,orders.csv,orders:ORD_000065
51009.00,2026-01-05T17:17:00+00:00,INR,CUS_43246,2026-01-05T09:30:00+00:00,INV_000066,MCH_TRAVEL,ORD_000066,"{'amount': '51009.00', 'merchant': 'Vista Travel Desk'}",REF_000066,orders.csv,orders:ORD_000066
86427.75,2026-01-05T17:23:00+00:00,INR,CUS_23587,2026-01-05T09:30:00+00:00,INV_000067,MCH_TRAVEL,ORD_000067,"{'amount': '86427.75', 'merchant': 'Vista Travel Desk'}",REF_000067,orders.csv,orders:ORD_000067
71867.00,2026-01-05T17:27:00+00:00,INR,CUS_94252,2026-01-05T09:30:00+00:00,INV_000068,MCH_CAFE,ORD_000068,"{'amount': '71867.00', 'merchant': 'Kaveri Coffee Roasters'}",REF_000068,orders.csv,orders:ORD_000068
8570.75,2026-01-05T17:33:00+00:00,INR,CUS_69988,2026-01-05T09:30:00+00:00,INV_000069,MCH_SWIFT,ORD_000069,"{'amount': '8570.75', 'merchant': 'SwiftKart Marketplace'}",REF_000069,orders.csv,orders:ORD_000069
5792.00,2026-01-05T17:44:00+00:00,INR,CUS_50642,2026-01-05T09:30:00+00:00,INV_000070,MCH_SWIFT,ORD_000070,"{'amount': '5792.00', 'merchant': 'SwiftKart Marketplace'}",REF_000070,orders.csv,orders:ORD_000070
85090.00,2026-01-05T17:49:00+00:00,INR,CUS_47501,2026-01-05T09:30:00+00:00,INV_000071,MCH_ZERO,ORD_000071,"{'amount': '85090.00', 'merchant': 'Zero Fee Internal Rail'}",REF_000071,orders.csv,orders:ORD_000071
48537.25,2026-01-05T17:59:00+00:00,INR,CUS_62431,2026-01-05T09:30:00+00:00,INV_000072,MCH_ZERO,ORD_000072,"{'amount': '48537.25', 'merchant': 'Zero Fee Internal Rail'}",REF_000072,orders.csv,orders:ORD_000072
65338.75,2026-01-05T18:03:00+00:00,INR,CUS_75211,2026-01-05T09:30:00+00:00,INV_000073,MCH_SWIFT,ORD_000073,"{'amount': '65338.75', 'merchant': 'SwiftKart Marketplace'}",REF_000073,orders.csv,orders:ORD_000073
55940.00,2026-01-05T18:12:00+00:00,INR,CUS_66440,2026-01-05T09:30:00+00:00,INV_000074,MCH_TRAVEL,ORD_000074,"{'amount': '55940.00', 'merchant': 'Vista Travel Desk'}",REF_000074,orders.csv,orders:ORD_000074
10794.00,2026-01-05T18:17:00+00:00,INR,CUS_96628,2026-01-05T09:30:00+00:00,INV_000075,MCH_ZERO,ORD_000075,"{'amount': '10794.00', 'merchant': 'Zero Fee Internal Rail'}",REF_000075,orders.csv,orders:ORD_000075
58483.00,2026-01-05T18:22:00+00:00,INR,CUS_68606,2026-01-05T09:30:00+00:00,INV_000076,MCH_SWIFT,ORD_000076,"{'amount': '58483.00', 'merchant': 'SwiftKart Marketplace'}",REF_000076,orders.csv,orders:ORD_000076
67551.75,2026-01-05T18:37:00+00:00,INR,CUS_99051,2026-01-05T09:30:00+00:00,INV_000078,MCH_CAFE,ORD_000078,"{'amount': '67551.75', 'merchant': 'Kaveri Coffee Roasters'}",REF_000078,orders.csv,orders:ORD_000078
16845.00,2026-01-05T18:48:00+00:00,INR,CUS_40932,2026-01-05T09:30:00+00:00,INV_000079,MCH_ZERO,ORD_000079,"{'amount': '16845.00', 'merchant': 'Zero Fee Internal Rail'}",REF_000079,orders.csv,orders:ORD_000079
4544.50,2026-01-05T18:55:00+00:00,INR,CUS_30111,2026-01-05T09:30:00+00:00,INV_000080,MCH_HEALTH,ORD_000080,"{'amount': '4544.50', 'merchant': 'Prana Health Online'}",REF_000080,orders.csv,orders:ORD_000080
10377.50,2026-01-05T19:01:00+00:00,INR,CUS_28047,2026-01-05T09:30:00+00:00,INV_000081,MCH_SAAS,ORD_000081,"{'amount': '10377.50', 'merchant': 'Nila SaaS Systems'}",REF_000081,orders.csv,orders:ORD_000081
36828.00,2026-01-05T19:04:00+00:00,INR,CUS_24869,2026-01-05T09:30:00+00:00,INV_000082,MCH_TRAVEL,ORD_000082,"{'amount': '36828.00', 'merchant': 'Vista Travel Desk'}",REF_000082,orders.csv,orders:ORD_000082
15735.00,2026-01-05T19:16:00+00:00,INR,CUS_44116,2026-01-05T09:30:00+00:00,INV_000083,MCH_HEALTH,ORD_000083,"{'amount': '15735.00', 'merchant': 'Prana Health Online'}",REF_000083,orders.csv,orders:ORD_000083
64682.00,2026-01-05T19:19:00+00:00,INR,CUS_26074,2026-01-05T09:30:00+00:00,INV_000084,MCH_TRAVEL,ORD_000084,"{'amount': '64682.00', 'merchant': 'Vista Travel Desk'}",REF_000084,orders.csv,orders:ORD_000084
58641.00,2026-01-05T19:27:00+00:00,INR,CUS_99381,2026-01-05T09:30:00+00:00,INV_000085,MCH_TRAVEL,ORD_000085,"{'amount': '58641.00', 'merchant': 'Vista Travel Desk'}",REF_000085,orders.csv,orders:ORD_000085
20944.75,2026-01-05T19:33:00+00:00,INR,CUS_93584,2026-01-05T09:30:00+00:00,INV_000086,MCH_CAFE,ORD_000086,"{'amount': '20944.75', 'merchant': 'Kaveri Coffee Roasters'}",REF_000086,orders.csv,orders:ORD_000086
18502.00,2026-01-05T19:39:00+00:00,INR,CUS_74752,2026-01-05T09:30:00+00:00,INV_000087,MCH_SWIFT,ORD_000087,"{'amount': '18502.00', 'merchant': 'SwiftKart Marketplace'}",REF_000087,orders.csv,orders:ORD_000087
17309.50,2026-01-05T19:46:00+00:00,INR,CUS_21300,2026-01-05T09:30:00+00:00,INV_000088,MCH_HEALTH,ORD_000088,"{'amount': '17309.50', 'merchant': 'Prana Health Online'}",REF_000088,orders.csv,orders:ORD_000088
54143.25,2026-01-05T19:53:00+00:00,INR,CUS_85353,2026-01-05T09:30:00+00:00,INV_000089,MCH_HEALTH,ORD_000089,"{'amount': '54143.25', 'merchant': 'Prana Health Online'}",REF_000089,orders.csv,orders:ORD_000089
61357.75,2026-01-05T20:02:00+00:00,INR,CUS_77811,2026-01-05T09:30:00+00:00,INV_000090,MCH_SAAS,ORD_000090,"{'amount': '61357.75', 'merchant': 'Nila SaaS Systems'}",REF_000090,orders.csv,orders:ORD_000090
66211.00,2026-01-05T20:11:00+00:00,INR,CUS_26274,2026-01-05T09:30:00+00:00,INV_000091,MCH_SAAS,ORD_000091,"{'amount': '66211.00', 'merchant': 'Nila SaaS Systems'}",REF_000091,orders.csv,orders:ORD_000091
42591.75,2026-01-05T20:16:00+00:00,INR,CUS_39552,2026-01-05T09:30:00+00:00,INV_000092,MCH_SWIFT,ORD_000092,"{'amount': '42591.75', 'merchant': 'SwiftKart Marketplace'}",REF_000092,orders.csv,orders:ORD_000092
26029.75,2026-01-05T20:23:00+00:00,INR,CUS_82199,2026-01-05T09:30:00+00:00,INV_000093,MCH_CAFE,ORD_000093,"{'amount': '26029.75', 'merchant': 'Kaveri Coffee Roasters'}",REF_000093,orders.csv,orders:ORD_000093
76406.00,2026-01-05T20:33:00+00:00,INR,CUS_32439,2026-01-05T09:30:00+00:00,INV_000094,MCH_HEALTH,ORD_000094,"{'amount': '76406.00', 'merchant': 'Prana Health Online'}",REF_000094,orders.csv,orders:ORD_000094
6258.75,2026-01-05T20:37:00+00:00,INR,CUS_85598,2026-01-05T09:30:00+00:00,INV_000095,MCH_ZERO,ORD_000095,"{'amount': '6258.75', 'merchant': 'Zero Fee Internal Rail'}",REF_000095,orders.csv,orders:ORD_000095
82503.50,2026-01-05T20:47:00+00:00,INR,CUS_47967,2026-01-05T09:30:00+00:00,INV_000096,MCH_SAAS,ORD_000096,"{'amount': '82503.50', 'merchant': 'Nila SaaS Systems'}",REF_000096,orders.csv,orders:ORD_000096
53527.00,2026-01-05T20:49:00+00:00,INR,CUS_69446,2026-01-05T09:30:00+00:00,INV_000097,MCH_TRAVEL,ORD_000097,"{'amount': '53527.00', 'merchant': 'Vista Travel Desk'}",REF_000097,orders.csv,orders:ORD_000097
27041.00,2026-01-05T20:57:00+00:00,INR,CUS_89516,2026-01-05T09:30:00+00:00,INV_000098,MCH_SAAS,ORD_000098,"{'amount': '27041.00', 'merchant': 'Nila SaaS Systems'}",REF_000098,orders.csv,orders:ORD_000098
17439.00,2026-01-05T21:07:00+00:00,INR,CUS_77499,2026-01-05T09:30:00+00:00,INV_000099,MCH_SAAS,ORD_000099,"{'amount': '17439.00', 'merchant': 'Nila SaaS Systems'}",REF_000099,orders.csv,orders:ORD_000099
59229.00,2026-01-05T21:10:00+00:00,INR,CUS_28465,2026-01-05T09:30:00+00:00,INV_000100,MCH_CAFE,ORD_000100,"{'amount': '59229.00', 'merchant': 'Kaveri Coffee Roasters'}",REF_000100,orders.csv,orders:ORD_000100
55105.00,2026-01-05T21:19:00+00:00,INR,CUS_30932,2026-01-05T09:30:00+00:00,INV_000101,MCH_HEALTH,ORD_000101,"{'amount': '55105.00', 'merchant': 'Prana Health Online'}",REF_000101,orders.csv,orders:ORD_000101
67766.25,2026-01-05T21:26:00+00:00,INR,CUS_75373,2026-01-05T09:30:00+00:00,INV_000102,MCH_SAAS,ORD_000102,"{'amount': '67766.25', 'merchant': 'Nila SaaS Systems'}",REF_000102,orders.csv,orders:ORD_000102
28499.50,2026-01-05T21:31:00+00:00,INR,CUS_56254,2026-01-05T09:30:00+00:00,INV_000103,MCH_SWIFT,ORD_000103,"{'amount': '28499.50', 'merchant': 'SwiftKart Marketplace'}",REF_000103,orders.csv,orders:ORD_000103
70645.00,2026-01-05T21:41:00+00:00,INR,CUS_24089,2026-01-05T09:30:00+00:00,INV_000104,MCH_CAFE,ORD_000104,"{'amount': '70645.00', 'merchant': 'Kaveri Coffee Roasters'}",REF_000104,orders.csv,orders:ORD_000104
48264.00,2026-01-05T21:45:00+00:00,INR,CUS_62505,2026-01-05T09:30:00+00:00,INV_000105,MCH_SAAS,ORD_000105,"{'amount': '48264.00', 'merchant': 'Nila SaaS Systems'}",REF_000105,orders.csv,orders:ORD_000105
38127.00,2026-01-05T21:56:00+00:00,INR,CUS_60639,2026-01-05T09:30:00+00:00,INV_000106,MCH_HEALTH,ORD_000106,"{'amount': '38127.00', 'merchant': 'Prana Health Online'}",REF_000106,orders.csv,orders:ORD_000106
12972.25,2026-01-05T22:01:00+00:00,INR,CUS_58915,2026-01-05T09:30:00+00:00,INV_000107,MCH_SWIFT,ORD_000107,"{'amount': '12972.25', 'merchant': 'SwiftKart Marketplace'}",REF_000107,orders.csv,orders:ORD_000107
79266.50,2026-01-05T22:10:00+00:00,INR,CUS_62610,2026-01-05T09:30:00+00:00,INV_000108,MCH_SWIFT,ORD_000108,"{'amount': '79266.50', 'merchant': 'SwiftKart Marketplace'}",REF_000108,orders.csv,orders:ORD_000108
43952.25,2026-01-05T22:16:00+00:00,INR,CUS_78069,2026-01-05T09:30:00+00:00,INV_000109,MCH_SWIFT,ORD_000109,"{'amount': '43952.25', 'merchant': 'SwiftKart Marketplace'}",REF_000109,orders.csv,orders:ORD_000109
42050.00,2026-01-05T22:24:00+00:00,INR,CUS_61505,2026-01-05T09:30:00+00:00,INV_000110,MCH_HEALTH,ORD_000110,"{'amount': '42050.00', 'merchant': 'Prana Health Online'}",REF_000110,orders.csv,orders:ORD_000110
74083.00,2026-01-05T22:27:00+00:00,INR,CUS_72245,2026-01-05T09:30:00+00:00,INV_000111,MCH_TRAVEL,ORD_000111,"{'amount': '74083.00', 'merchant': 'Vista Travel Desk'}",REF_000111,orders.csv,orders:ORD_000111
76807.00,2026-01-05T22:34:00+00:00,INR,CUS_92478,2026-01-05T09:30:00+00:00,INV_000112,MCH_SAAS,ORD_000112,"{'amount': '76807.00', 'merchant': 'Nila SaaS Systems'}",REF_000112,orders.csv,orders:ORD_000112
7031.50,2026-01-05T22:42:00+00:00,INR,CUS_72973,2026-01-05T09:30:00+00:00,INV_000113,MCH_TRAVEL,ORD_000113,"{'amount': '7031.50', 'merchant': 'Vista Travel Desk'}",REF_000113,orders.csv,orders:ORD_000113
32045.00,2026-01-05T22:53:00+00:00,INR,CUS_85047,2026-01-05T09:30:00+00:00,INV_000114,MCH_TRAVEL,ORD_000114,"{'amount': '32045.00', 'merchant': 'Vista Travel Desk'}",REF_000114,orders.csv,orders:ORD_000114
54427.75,2026-01-05T23:05:00+00:00,INR,CUS_36724,2026-01-05T09:30:00+00:00,INV_000116,MCH_SWIFT,ORD_000116,"{'amount': '54427.75', 'merchant': 'SwiftKart Marketplace'}",REF_000116,orders.csv,orders:ORD_000116
18398.50,2026-01-05T23:13:00+00:00,INR,CUS_37176,2026-01-05T09:30:00+00:00,INV_000117,MCH_TRAVEL,ORD_000117,"{'amount': '18398.50', 'merchant': 'Vista Travel Desk'}",REF_000117,orders.csv,orders:ORD_000117
22999.25,2026-01-05T23:18:00+00:00,INR,CUS_79878,2026-01-05T09:30:00+00:00,INV_000118,MCH_CAFE,ORD_000118,"{'amount': '22999.25', 'merchant': 'Kaveri Coffee Roasters'}",REF_000118,orders.csv,orders:ORD_000118
63762.00,2026-01-05T23:25:00+00:00,INR,CUS_42311,2026-01-05T09:30:00+00:00,INV_000119,MCH_HEALTH,ORD_000119,"{'amount': '63762.00', 'merchant': 'Prana Health Online'}",REF_000119,orders.csv,orders:ORD_000119
38180.75,2026-01-05T23:35:00+00:00,INR,CUS_37168,2026-01-05T09:30:00+00:00,INV_000120,MCH_CAFE,ORD_000120,"{'amount': '38180.75', 'merchant': 'Kaveri Coffee Roasters'}",REF_000120,orders.csv,orders:ORD_000120
73764.75,2026-01-05T23:39:00+00:00,INR,CUS_45842,2026-01-05T09:30:00+00:00,INV_000121,MCH_CAFE,ORD_000121,"{'amount': '73764.75', 'merchant': 'Kaveri Coffee Roasters'}",REF_000121,orders.csv,orders:ORD_000121
38370.00,2026-01-05T23:49:00+00:00,INR,CUS_47700,2026-01-05T09:30:00+00:00,INV_000122,MCH_SWIFT,ORD_000122,"{'amount': '38370.00', 'merchant': 'SwiftKart Marketplace'}",REF_000122,orders.csv,orders:ORD_000122
33912.75,2026-01-05T23:52:00+00:00,INR,CUS_72793,2026-01-05T09:30:00+00:00,INV_000123,MCH_TRAVEL,ORD_000123,"{'amount': '33912.75', 'merchant': 'Vista Travel Desk'}",REF_000123,orders.csv,orders:ORD_000123
14616.50,2026-01-05T23:59:00+00:00,INR,CUS_86917,2026-01-05T09:30:00+00:00,INV_000124,MCH_SWIFT,ORD_000124,"{'amount': '14616.50', 'merchant': 'SwiftKart Marketplace'}",REF_000124,orders.csv,orders:ORD_000124
30818.00,2026-01-06T00:08:00+00:00,INR,CUS_23133,2026-01-05T09:30:00+00:00,INV_000125,MCH_TRAVEL,ORD_000125,"{'amount': '30818.00', 'merchant': 'Vista Travel Desk'}",REF_000125,orders.csv,orders:ORD_000125
18318.00,2026-01-06T00:13:00+00:00,INR,CUS_82135,2026-01-05T09:30:00+00:00,INV_000126,MCH_TRAVEL,ORD_000126,"{'amount': '18318.00', 'merchant': 'Vista Travel Desk'}",REF_000126,orders.csv,orders:ORD_000126
26443.00,2026-01-06T00:21:00+00:00,INR,CUS_52096,2026-01-05T09:30:00+00:00,INV_000127,MCH_TRAVEL,ORD_000127,"{'amount': '26443.00', 'merchant': 'Vista Travel Desk'}",REF_000127,orders.csv,orders:ORD_000127
23340.00,2026-01-06T00:36:00+00:00,INR,CUS_62034,2026-01-05T09:30:00+00:00,INV_000129,MCH_SAAS,ORD_000129,"{'amount': '23340.00', 'merchant': 'Nila SaaS Systems'}",REF_000129,orders.csv,orders:ORD_000129
39410.50,2026-01-06T00:40:00+00:00,INR,CUS_89007,2026-01-05T09:30:00+00:00,INV_000130,MCH_ZERO,ORD_000130,"{'amount': '39410.50', 'merchant': 'Zero Fee Internal Rail'}",REF_000130,orders.csv,orders:ORD_000130
65038.00,2026-01-06T00:50:00+00:00,INR,CUS_76088,2026-01-05T09:30:00+00:00,INV_000131,MCH_HEALTH,ORD_000131,"{'amount': '65038.00', 'merchant': 'Prana Health Online'}",REF_000131,orders.csv,orders:ORD_000131
21598.75,2026-01-06T00:59:00+00:00,INR,CUS_70150,2026-01-05T09:30:00+00:00,INV_000132,MCH_CAFE,ORD_000132,"{'amount': '21598.75', 'merchant': 'Kaveri Coffee Roasters'}",REF_000132,orders.csv,orders:ORD_000132
44485.00,2026-01-06T01:06:00+00:00,INR,CUS_84420,2026-01-05T09:30:00+00:00,INV_000133,MCH_TRAVEL,ORD_000133,"{'amount': '44485.00', 'merchant': 'Vista Travel Desk'}",REF_000133,orders.csv,orders:ORD_000133
67838.00,2026-01-06T01:11:00+00:00,INR,CUS_21368,2026-01-05T09:30:00+00:00,INV_000134,MCH_SAAS,ORD_000134,"{'amount': '67838.00', 'merchant': 'Nila SaaS Systems'}",REF_000134,orders.csv,orders:ORD_000134
42715.00,2026-01-06T01:17:00+00:00,INR,CUS_10895,2026-01-05T09:30:00+00:00,INV_000135,MCH_SAAS,ORD_000135,"{'amount': '42715.00', 'merchant': 'Nila SaaS Systems'}",REF_000135,orders.csv,orders:ORD_000135
43504.00,2026-01-06T01:27:00+00:00,INR,CUS_86344,2026-01-05T09:30:00+00:00,INV_000136,MCH_CAFE,ORD_000136,"{'amount': '43504.00', 'merchant': 'Kaveri Coffee Roasters'}",REF_000136,orders.csv,orders:ORD_000136
31272.00,2026-01-06T01:29:00+00:00,INR,CUS_97528,2026-01-05T09:30:00+00:00,INV_000137,MCH_TRAVEL,ORD_000137,"{'amount': '31272.00', 'merchant': 'Vista Travel Desk'}",REF_000137,orders.csv,orders:ORD_000137
66166.75,2026-01-06T01:41:00+00:00,INR,CUS_50760,2026-01-05T09:30:00+00:00,INV_000138,MCH_SAAS,ORD_000138,"{'amount': '66166.75', 'merchant': 'Nila SaaS Systems'}",REF_000138,orders.csv,orders:ORD_000138
62976.00,2026-01-06T01:48:00+00:00,INR,CUS_69634,2026-01-05T09:30:00+00:00,INV_000139,MCH_SWIFT,ORD_000139,"{'amount': '62976.00', 'merchant': 'SwiftKart Marketplace'}",REF_000139,orders.csv,orders:ORD_000139
89473.50,2026-01-06T01:54:00+00:00,INR,CUS_20730,2026-01-05T09:30:00+00:00,INV_000140,MCH_SWIFT,ORD_000140,"{'amount': '89473.50', 'merchant': 'SwiftKart Marketplace'}",REF_000140,orders.csv,orders:ORD_000140
15007.00,2026-01-06T02:01:00+00:00,INR,CUS_81781,2026-01-05T09:30:00+00:00,INV_000141,MCH_HEALTH,ORD_000141,"{'amount': '15007.00', 'merchant': 'Prana Health Online'}",REF_000141,orders.csv,orders:ORD_000141
68502.25,2026-01-06T02:09:00+00:00,INR,CUS_25235,2026-01-05T09:30:00+00:00,INV_000142,MCH_CAFE,ORD_000142,"{'amount': '68502.25', 'merchant': 'Kaveri Coffee Roasters'}",REF_000142,orders.csv,orders:ORD_000142
58690.00,2026-01-06T02:12:00+00:00,INR,CUS_69432,2026-01-05T09:30:00+00:00,INV_000143,MCH_HEALTH,ORD_000143,"{'amount': '58690.00', 'merchant': 'Prana Health Online'}",REF_000143,orders.csv,orders:ORD_000143
7867.50,2026-01-06T02:23:00+00:00,INR,CUS_70604,2026-01-05T09:30:00+00:00,INV_000144,MCH_HEALTH,ORD_000144,"{'amount': '7867.50', 'merchant': 'Prana Health Online'}",REF_000144,orders.csv,orders:ORD_000144
695.75,2026-01-06T02:29:00+00:00,INR,CUS_38560,2026-01-05T09:30:00+00:00,INV_000145,MCH_CAFE,ORD_000145,"{'amount': '695.75', 'merchant': 'Kaveri Coffee Roasters'}",REF_000145,orders.csv,orders:ORD_000145
8657.50,2026-01-06T02:32:00+00:00,INR,CUS_17897,2026-01-05T09:30:00+00:00,INV_000146,MCH_CAFE,ORD_000146,"{'amount': '8657.50', 'merchant': 'Kaveri Coffee Roasters'}",REF_000146,orders.csv,orders:ORD_000146
23890.00,2026-01-06T02:44:00+00:00,INR,CUS_94085,2026-01-05T09:30:00+00:00,INV_000147,MCH_SAAS,ORD_000147,"{'amount': '23890.00', 'merchant': 'Nila SaaS Systems'}",REF_000147,orders.csv,orders:ORD_000147
49779.25,2026-01-06T02:51:00+00:00,INR,CUS_20518,2026-01-05T09:30:00+00:00,INV_000148,MCH_SAAS,ORD_000148,"{'amount': '49779.25', 'merchant': 'Nila SaaS Systems'}",REF_000148,orders.csv,orders:ORD_000148
70719.25,2026-01-06T02:54:00+00:00,INR,CUS_79316,2026-01-05T09:30:00+00:00,INV_000149,MCH_SWIFT,ORD_000149,"{'amount': '70719.25', 'merchant': 'SwiftKart Marketplace'}",REF_000149,orders.csv,orders:ORD_000149
60986.75,2026-01-06T03:03:00+00:00,INR,CUS_81361,2026-01-05T09:30:00+00:00,INV_000150,MCH_CAFE,ORD_000150,"{'amount': '60986.75', 'merchant': 'Kaveri Coffee Roasters'}",REF_000150,orders.csv,orders:ORD_000150
60675.00,2026-01-06T03:09:00+00:00,INR,CUS_30332,2026-01-05T09:30:00+00:00,INV_000151,MCH_SWIFT,ORD_000151,"{'amount': '60675.00', 'merchant': 'SwiftKart Marketplace'}",REF_000151,orders.csv,orders:ORD_000151
80899.00,2026-01-06T03:15:00+00:00,INR,CUS_41544,2026-01-05T09:30:00+00:00,INV_000152,MCH_SAAS,ORD_000152,"{'amount': '80899.00', 'merchant': 'Nila SaaS Systems'}",REF_000152,orders.csv,orders:ORD_000152
78652.75,2026-01-06T03:22:00+00:00,INR,CUS_16380,2026-01-05T09:30:00+00:00,INV_000153,MCH_SAAS,ORD_000153,"{'amount': '78652.75', 'merchant': 'Nila SaaS Systems'}",REF_000153,orders.csv,orders:ORD_000153
71047.00,2026-01-06T03:29:00+00:00,INR,CUS_17398,2026-01-05T09:30:00+00:00,INV_000154,MCH_SWIFT,ORD_000154,"{'amount': '71047.00', 'merchant': 'SwiftKart Marketplace'}",REF_000154,orders.csv,orders:ORD_000154
75811.00,2026-01-06T03:39:00+00:00,INR,CUS_85690,2026-01-05T09:30:00+00:00,INV_000155,MCH_TRAVEL,ORD_000155,"{'amount': '75811.00', 'merchant': 'Vista Travel Desk'}",REF_000155,orders.csv,orders:ORD_000155
86835.50,2026-01-06T03:45:00+00:00,INR,CUS_38972,2026-01-05T09:30:00+00:00,INV_000156,MCH_SWIFT,ORD_000156,"{'amount': '86835.50', 'merchant': 'SwiftKart Marketplace'}",REF_000156,orders.csv,orders:ORD_000156
77850.75,2026-01-06T03:54:00+00:00,INR,CUS_32955,2026-01-05T09:30:00+00:00,INV_000157,MCH_HEALTH,ORD_000157,"{'amount': '77850.75', 'merchant': 'Prana Health Online'}",REF_000157,orders.csv,orders:ORD_000157
84620.75,2026-01-06T04:00:00+00:00,INR,CUS_59958,2026-01-05T09:30:00+00:00,INV_000158,MCH_CAFE,ORD_000158,"{'amount': '84620.75', 'merchant': 'Kaveri Coffee Roasters'}",REF_000158,orders.csv,orders:ORD_000158
39606.25,2026-01-06T04:07:00+00:00,INR,CUS_34101,2026-01-05T09:30:00+00:00,INV_000159,MCH_SWIFT,ORD_000159,"{'amount': '39606.25', 'merchant': 'SwiftKart Marketplace'}",REF_000159,orders.csv,orders:ORD_000159
19220.25,2026-01-06T04:14:00+00:00,INR,CUS_17552,2026-01-05T09:30:00+00:00,INV_000160,MCH_CAFE,ORD_000160,"{'amount': '19220.25', 'merchant': 'Kaveri Coffee Roasters'}",REF_000160,orders.csv,orders:ORD_000160
32131.00,2026-01-06T04:19:00+00:00,INR,CUS_36651,2026-01-05T09:30:00+00:00,INV_000161,MCH_SAAS,ORD_000161,"{'amount': '32131.00', 'merchant': 'Nila SaaS Systems'}",REF_000161,orders.csv,orders:ORD_000161
70506.75,2026-01-06T04:24:00+00:00,INR,CUS_34966,2026-01-05T09:30:00+00:00,INV_000162,MCH_ZERO,ORD_000162,"{'amount': '70506.75', 'merchant': 'Zero Fee Internal Rail'}",REF_000162,orders.csv,orders:ORD_000162
24962.50,2026-01-06T04:35:00+00:00,INR,CUS_98008,2026-01-05T09:30:00+00:00,INV_000163,MCH_ZERO,ORD_000163,"{'amount': '24962.50', 'merchant': 'Zero Fee Internal Rail'}",REF_000163,orders.csv,orders:ORD_000163
25206.75,2026-01-06T04:50:00+00:00,INR,CUS_25376,2026-01-05T09:30:00+00:00,INV_000165,MCH_SWIFT,ORD_000165,"{'amount': '25206.75', 'merchant': 'SwiftKart Marketplace'}",REF_000165,orders.csv,orders:ORD_000165
42454.00,2026-01-06T04:55:00+00:00,INR,CUS_59894,2026-01-05T09:30:00+00:00,INV_000166,MCH_HEALTH,ORD_000166,"{'amount': '42454.00', 'merchant': 'Prana Health Online'}",REF_000166,orders.csv,orders:ORD_000166
47439.50,2026-01-06T05:02:00+00:00,INR,CUS_75179,2026-01-05T09:30:00+00:00,INV_000167,MCH_CAFE,ORD_000167,"{'amount': '47439.50', 'merchant': 'Kaveri Coffee Roasters'}",REF_000167,orders.csv,orders:ORD_000167
48889.00,2026-01-06T05:06:00+00:00,INR,CUS_64254,2026-01-05T09:30:00+00:00,INV_000168,MCH_SWIFT,ORD_000168,"{'amount': '48889.00', 'merchant': 'SwiftKart Marketplace'}",REF_000168,orders.csv,orders:ORD_000168
72823.50,2026-01-06T05:18:00+00:00,INR,CUS_85909,2026-01-05T09:30:00+00:00,INV_000169,MCH_CAFE,ORD_000169,"{'amount': '72823.50', 'merchant': 'Kaveri Coffee Roasters'}",REF_000169,orders.csv,orders:ORD_000169
43536.00,2026-01-06T05:24:00+00:00,INR,CUS_59786,2026-01-05T09:30:00+00:00,INV_000170,MCH_SWIFT,ORD_000170,"{'amount': '43536.00', 'merchant': 'SwiftKart Marketplace'}",REF_000170,orders.csv,orders:ORD_000170
22350.75,2026-01-06T05:35:00+00:00,INR,CUS_56160,2026-01-05T09:30:00+00:00,INV_000172,MCH_SAAS,ORD_000172,"{'amount': '22350.75', 'merchant': 'Nila SaaS Systems'}",REF_000172,orders.csv,orders:ORD_000172
84423.00,2026-01-06T05:41:00+00:00,INR,CUS_78674,2026-01-05T09:30:00+00:00,INV_000173,MCH_HEALTH,ORD_000173,"{'amount': '84423.00', 'merchant': 'Prana Health Online'}",REF_000173,orders.csv,orders:ORD_000173
18321.75,2026-01-06T05:48:00+00:00,INR,CUS_40334,2026-01-05T09:30:00+00:00,INV_000174,MCH_SAAS,ORD_000174,"{'amount': '18321.75', 'merchant': 'Nila SaaS Systems'}",REF_000174,orders.csv,orders:ORD_000174
81280.75,2026-01-06T05:59:00+00:00,INR,CUS_97392,2026-01-05T09:30:00+00:00,INV_000175,MCH_ZERO,ORD_000175,"{'amount': '81280.75', 'merchant': 'Zero Fee Internal Rail'}",REF_000175,orders.csv,orders:ORD_000175
1853.00,2026-01-06T06:07:00+00:00,INR,CUS_79391,2026-01-05T09:30:00+00:00,INV_000176,MCH_SAAS,ORD_000176,"{'amount': '1853.00', 'merchant': 'Nila SaaS Systems'}",REF_000176,orders.csv,orders:ORD_000176
88646.25,2026-01-06T06:09:00+00:00,INR,CUS_33496,2026-01-05T09:30:00+00:00,INV_000177,MCH_HEALTH,ORD_000177,"{'amount': '88646.25', 'merchant': 'Prana Health Online'}",REF_000177,orders.csv,orders:ORD_000177
81535.50,2026-01-06T06:18:00+00:00,INR,CUS_43084,2026-01-05T09:30:00+00:00,INV_000178,MCH_SWIFT,ORD_000178,"{'amount': '81535.50', 'merchant': 'SwiftKart Marketplace'}",REF_000178,orders.csv,orders:ORD_000178
53518.25,2026-01-06T06:24:00+00:00,INR,CUS_84055,2026-01-05T09:30:00+00:00,INV_000179,MCH_CAFE,ORD_000179,"{'amount': '53518.25', 'merchant': 'Kaveri Coffee Roasters'}",REF_000179,orders.csv,orders:ORD_000179
85482.00,2026-01-06T06:33:00+00:00,INR,CUS_22255,2026-01-05T09:30:00+00:00,INV_000180,MCH_TRAVEL,ORD_000180,"{'amount': '85482.00', 'merchant': 'Vista Travel Desk'}",REF_000180,orders.csv,orders:ORD_000180
83759.00,2026-01-06T06:37:00+00:00,INR,CUS_32463,2026-01-05T09:30:00+00:00,INV_000181,MCH_ZERO,ORD_000181,"{'amount': '83759.00', 'merchant': 'Zero Fee Internal Rail'}",REF_000181,orders.csv,orders:ORD_000181
5877.00,2026-01-06T06:49:00+00:00,INR,CUS_37710,2026-01-05T09:30:00+00:00,INV_000182,MCH_HEALTH,ORD_000182,"{'amount': '5877.00', 'merchant': 'Prana Health Online'}",REF_000182,orders.csv,orders:ORD_000182
37049.50,2026-01-06T06:56:00+00:00,INR,CUS_83860,2026-01-05T09:30:00+00:00,INV_000183,MCH_ZERO,ORD_000183,"{'amount': '37049.50', 'merchant': 'Zero Fee Internal Rail'}",REF_000183,orders.csv,orders:ORD_000183
77243.00,2026-01-06T06:58:00+00:00,INR,CUS_62205,2026-01-05T09:30:00+00:00,INV_000184,MCH_SWIFT,ORD_000184,"{'amount': '77243.00', 'merchant': 'SwiftKart Marketplace'}",REF_000184,orders.csv,orders:ORD_000184
51307.75,2026-01-06T07:07:00+00:00,INR,CUS_80852,2026-01-05T09:30:00+00:00,INV_000185,MCH_HEALTH,ORD_000185,"{'amount': '51307.75', 'merchant': 'Prana Health Online'}",REF_000185,orders.csv,orders:ORD_000185
45632.00,2026-01-06T07:15:00+00:00,INR,CUS_22803,2026-01-05T09:30:00+00:00,INV_000186,MCH_HEALTH,ORD_000186,"{'amount': '45632.00', 'merchant': 'Prana Health Online'}",REF_000186,orders.csv,orders:ORD_000186
80760.50,2026-01-06T07:21:00+00:00,INR,CUS_61996,2026-01-05T09:30:00+00:00,INV_000187,MCH_HEALTH,ORD_000187,"{'amount': '80760.50', 'merchant': 'Prana Health Online'}",REF_000187,orders.csv,orders:ORD_000187
30202.00,2026-01-06T07:29:00+00:00,INR,CUS_82487,2026-01-05T09:30:00+00:00,INV_000188,MCH_SAAS,ORD_000188,"{'amount': '30202.00', 'merchant': 'Nila SaaS Systems'}",REF_000188,orders.csv,orders:ORD_000188
81383.00,2026-01-06T07:38:00+00:00,INR,CUS_42302,2026-01-05T09:30:00+00:00,INV_000189,MCH_ZERO,ORD_000189,"{'amount': '81383.00', 'merchant': 'Zero Fee Internal Rail'}",REF_000189,orders.csv,orders:ORD_000189
50107.75,2026-01-06T07:41:00+00:00,INR,CUS_93086,2026-01-05T09:30:00+00:00,INV_000190,MCH_SWIFT,ORD_000190,"{'amount': '50107.75', 'merchant': 'SwiftKart Marketplace'}",REF_000190,orders.csv,orders:ORD_000190
12295.00,2026-01-06T07:50:00+00:00,INR,CUS_50405,2026-01-05T09:30:00+00:00,INV_000191,MCH_ZERO,ORD_000191,"{'amount': '12295.00', 'merchant': 'Zero Fee Internal Rail'}",REF_000191,orders.csv,orders:ORD_000191
11742.00,2026-01-06T07:57:00+00:00,INR,CUS_66489,2026-01-05T09:30:00+00:00,INV_000192,MCH_SWIFT,ORD_000192,"{'amount': '11742.00', 'merchant': 'SwiftKart Marketplace'}",REF_000192,orders.csv,orders:ORD_000192
12046.00,2026-01-06T08:01:00+00:00,INR,CUS_82642,2026-01-05T09:30:00+00:00,INV_000193,MCH_ZERO,ORD_000193,"{'amount': '12046.00', 'merchant': 'Zero Fee Internal Rail'}",REF_000193,orders.csv,orders:ORD_000193
73639.00,2026-01-06T08:19:00+00:00,INR,CUS_84967,2026-01-05T09:30:00+00:00,INV_000195,MCH_ZERO,ORD_000195,"{'amount': '73639.00', 'merchant': 'Zero Fee Internal Rail'}",REF_000195,orders.csv,orders:ORD_000195
35547.00,2026-01-06T08:25:00+00:00,INR,CUS_45180,2026-01-05T09:30:00+00:00,INV_000196,MCH_SWIFT,ORD_000196,"{'amount': '35547.00', 'merchant': 'SwiftKart Marketplace'}",REF_000196,orders.csv,orders:ORD_000196
36470.25,2026-01-06T08:32:00+00:00,INR,CUS_49289,2026-01-05T09:30:00+00:00,INV_000197,MCH_SAAS,ORD_000197,"{'amount': '36470.25', 'merchant': 'Nila SaaS Systems'}",REF_000197,orders.csv,orders:ORD_000197
82224.25,2026-01-06T08:40:00+00:00,INR,CUS_87831,2026-01-05T09:30:00+00:00,INV_000198,MCH_SWIFT,ORD_000198,"{'amount': '82224.25', 'merchant': 'SwiftKart Marketplace'}",REF_000198,orders.csv,orders:ORD_000198
40232.00,2026-01-06T08:45:00+00:00,INR,CUS_61864,2026-01-05T09:30:00+00:00,INV_000199,MCH_SWIFT,ORD_000199,"{'amount': '40232.00', 'merchant': 'SwiftKart Marketplace'}",REF_000199,orders.csv,orders:ORD_000199
78208.00,2026-01-06T08:52:00+00:00,INR,CUS_49378,2026-01-05T09:30:00+00:00,INV_000200,MCH_TRAVEL,ORD_000200,"{'amount': '78208.00', 'merchant': 'Vista Travel Desk'}",REF_000200,orders.csv,orders:ORD_000200
38500.75,2026-01-06T09:00:00+00:00,INR,CUS_92955,2026-01-05T09:30:00+00:00,INV_000201,MCH_CAFE,ORD_000201,"{'amount': '38500.75', 'merchant': 'Kaveri Coffee Roasters'}",REF_000201,orders.csv,orders:ORD_000201
74205.00,2026-01-06T09:15:00+00:00,INR,CUS_87624,2026-01-05T09:30:00+00:00,INV_000203,MCH_ZERO,ORD_000203,"{'amount': '74205.00', 'merchant': 'Zero Fee Internal Rail'}",REF_000203,orders.csv,orders:ORD_000203
38485.75,2026-01-06T09:21:00+00:00,INR,CUS_19064,2026-01-05T09:30:00+00:00,INV_000204,MCH_SAAS,ORD_000204,"{'amount': '38485.75', 'merchant': 'Nila SaaS Systems'}",REF_000204,orders.csv,orders:ORD_000204
33419.75,2026-01-06T09:30:00+00:00,INR,CUS_30203,2026-01-05T09:30:00+00:00,INV_000205,MCH_SWIFT,ORD_000205,"{'amount': '33419.75', 'merchant': 'SwiftKart Marketplace'}",REF_000205,orders.csv,orders:ORD_000205
78672.25,2026-01-06T09:35:00+00:00,INR,CUS_86315,2026-01-05T09:30:00+00:00,INV_000206,MCH_SAAS,ORD_000206,"{'amount': '78672.25', 'merchant': 'Nila SaaS Systems'}",REF_000206,orders.csv,orders:ORD_000206
70673.50,2026-01-06T09:39:00+00:00,INR,CUS_93647,2026-01-05T09:30:00+00:00,INV_000207,MCH_CAFE,ORD_000207,"{'amount': '70673.50', 'merchant': 'Kaveri Coffee Roasters'}",REF_000207,orders.csv,orders:ORD_000207
85103.50,2026-01-06T09:50:00+00:00,INR,CUS_15806,2026-01-05T09:30:00+00:00,INV_000208,MCH_SWIFT,ORD_000208,"{'amount': '85103.50', 'merchant': 'SwiftKart Marketplace'}",REF_000208,orders.csv,orders:ORD_000208
1682.00,2026-01-06T09:54:00+00:00,INR,CUS_43913,2026-01-05T09:30:00+00:00,INV_000209,MCH_ZERO,ORD_000209,"{'amount': '1682.00', 'merchant': 'Zero Fee Internal Rail'}",REF_000209,orders.csv,orders:ORD_000209
51566.25,2026-01-06T10:04:00+00:00,INR,CUS_99070,2026-01-05T09:30:00+00:00,INV_000210,MCH_CAFE,ORD_000210,"{'amount': '51566.25', 'merchant': 'Kaveri Coffee Roasters'}",REF_000210,orders.csv,orders:ORD_000210
14003.00,2026-01-06T10:07:00+00:00,INR,CUS_64522,2026-01-05T09:30:00+00:00,INV_000211,MCH_SAAS,ORD_000211,"{'amount': '14003.00', 'merchant': 'Nila SaaS Systems'}",REF_000211,orders.csv,orders:ORD_000211
45266.25,2026-01-06T10:18:00+00:00,INR,CUS_37114,2026-01-05T09:30:00+00:00,INV_000212,MCH_CAFE,ORD_000212,"{'amount': '45266.25', 'merchant': 'Kaveri Coffee Roasters'}",REF_000212,orders.csv,orders:ORD_000212
59603.00,2026-01-06T10:23:00+00:00,INR,CUS_18804,2026-01-05T09:30:00+00:00,INV_000213,MCH_TRAVEL,ORD_000213,"{'amount': '59603.00', 'merchant': 'Vista Travel Desk'}",REF_000213,orders.csv,orders:ORD_000213
85230.00,2026-01-06T10:29:00+00:00,INR,CUS_98754,2026-01-05T09:30:00+00:00,INV_000214,MCH_CAFE,ORD_000214,"{'amount': '85230.00', 'merchant': 'Kaveri Coffee Roasters'}",REF_000214,orders.csv,orders:ORD_000214
73680.25,2026-01-06T10:36:00+00:00,INR,CUS_70562,2026-01-05T09:30:00+00:00,INV_000215,MCH_CAFE,ORD_000215,"{'amount': '73680.25', 'merchant': 'Kaveri Coffee Roasters'}",REF_000215,orders.csv,orders:ORD_000215
86454.25,2026-01-06T10:42:00+00:00,INR,CUS_61849,2026-01-05T09:30:00+00:00,INV_000216,MCH_TRAVEL,ORD_000216,"{'amount': '86454.25', 'merchant': 'Vista Travel Desk'}",REF_000216,orders.csv,orders:ORD_000216
28453.00,2026-01-06T10:54:00+00:00,INR,CUS_46483,2026-01-05T09:30:00+00:00,INV_000217,MCH_TRAVEL,ORD_000217,"{'amount': '28453.00', 'merchant': 'Vista Travel Desk'}",REF_000217,orders.csv,orders:ORD_000217
43027.00,2026-01-06T10:56:00+00:00,INR,CUS_69972,2026-01-05T09:30:00+00:00,INV_000218,MCH_CAFE,ORD_000218,"{'amount': '43027.00', 'merchant': 'Kaveri Coffee Roasters'}",REF_000218,orders.csv,orders:ORD_000218
51239.50,2026-01-06T11:07:00+00:00,INR,CUS_61451,2026-01-05T09:30:00+00:00,INV_000219,MCH_HEALTH,ORD_000219,"{'amount': '51239.50', 'merchant': 'Prana Health Online'}",REF_000219,orders.csv,orders:ORD_000219
81218.00,2026-01-06T11:15:00+00:00,INR,CUS_98288,2026-01-05T09:30:00+00:00,INV_000220,MCH_SAAS,ORD_000220,"{'amount': '81218.00', 'merchant': 'Nila SaaS Systems'}",REF_000220,orders.csv,orders:ORD_000220
15748.00,2026-01-06T11:17:00+00:00,INR,CUS_50026,2026-01-05T09:30:00+00:00,INV_000221,MCH_CAFE,ORD_000221,"{'amount': '15748.00', 'merchant': 'Kaveri Coffee Roasters'}",REF_000221,orders.csv,orders:ORD_000221
51216.25,2026-01-06T11:25:00+00:00,INR,CUS_88174,2026-01-05T09:30:00+00:00,INV_000222,MCH_HEALTH,ORD_000222,"{'amount': '51216.25', 'merchant': 'Prana Health Online'}",REF_000222,orders.csv,orders:ORD_000222
83596.50,2026-01-06T11:32:00+00:00,INR,CUS_94575,2026-01-05T09:30:00+00:00,INV_000223,MCH_SAAS,ORD_000223,"{'amount': '83596.50', 'merchant': 'Nila SaaS Systems'}",REF_000223,orders.csv,orders:ORD_000223
18688.00,2026-01-06T11:41:00+00:00,INR,CUS_51232,2026-01-05T09:30:00+00:00,INV_000224,MCH_CAFE,ORD_000224,"{'amount': '18688.00', 'merchant': 'Kaveri Coffee Roasters'}",REF_000224,orders.csv,orders:ORD_000224
50624.50,2026-01-06T11:50:00+00:00,INR,CUS_76248,2026-01-05T09:30:00+00:00,INV_000225,MCH_SWIFT,ORD_000225,"{'amount': '50624.50', 'merchant': 'SwiftKart Marketplace'}",REF_000225,orders.csv,orders:ORD_000225
58476.25,2026-01-06T11:52:00+00:00,INR,CUS_31922,2026-01-05T09:30:00+00:00,INV_000226,MCH_SAAS,ORD_000226,"{'amount': '58476.25', 'merchant': 'Nila SaaS Systems'}",REF_000226,orders.csv,orders:ORD_000226
36325.00,2026-01-06T12:01:00+00:00,INR,CUS_80465,2026-01-05T09:30:00+00:00,INV_000227,MCH_ZERO,ORD_000227,"{'amount': '36325.00', 'merchant': 'Zero Fee Internal Rail'}",REF_000227,orders.csv,orders:ORD_000227
67252.00,2026-01-06T12:06:00+00:00,INR,CUS_85066,2026-01-05T09:30:00+00:00,INV_000228,MCH_HEALTH,ORD_000228,"{'amount': '67252.00', 'merchant': 'Prana Health Online'}",REF_000228,orders.csv,orders:ORD_000228
28944.25,2026-01-06T12:18:00+00:00,INR,CUS_23423,2026-01-05T09:30:00+00:00,INV_000229,MCH_HEALTH,ORD_000229,"{'amount': '28944.25', 'merchant': 'Prana Health Online'}",REF_000229,orders.csv,orders:ORD_000229
34747.00,2026-01-06T12:23:00+00:00,INR,CUS_21401,2026-01-05T09:30:00+00:00,INV_000230,MCH_SAAS,ORD_000230,"{'amount': '34747.00', 'merchant': 'Nila SaaS Systems'}",REF_000230,orders.csv,orders:ORD_000230
77360.75,2026-01-06T12:32:00+00:00,INR,CUS_55957,2026-01-05T09:30:00+00:00,INV_000231,MCH_TRAVEL,ORD_000231,"{'amount': '77360.75', 'merchant': 'Vista Travel Desk'}",REF_000231,orders.csv,orders:ORD_000231
27424.00,2026-01-06T12:36:00+00:00,INR,CUS_84720,2026-01-05T09:30:00+00:00,INV_000232,MCH_SWIFT,ORD_000232,"{'amount': '27424.00', 'merchant': 'SwiftKart Marketplace'}",REF_000232,orders.csv,orders:ORD_000232
38656.00,2026-01-06T12:43:00+00:00,INR,CUS_85069,2026-01-05T09:30:00+00:00,INV_000233,MCH_CAFE,ORD_000233,"{'amount': '38656.00', 'merchant': 'Kaveri Coffee Roasters'}",REF_000233,orders.csv,orders:ORD_000233
8070.00,2026-01-06T12:49:00+00:00,INR,CUS_95969,2026-01-05T09:30:00+00:00,INV_000234,MCH_SAAS,ORD_000234,"{'amount': '8070.00', 'merchant': 'Nila SaaS Systems'}",REF_000234,orders.csv,orders:ORD_000234
42517.00,2026-01-06T12:58:00+00:00,INR,CUS_98635,2026-01-05T09:30:00+00:00,INV_000235,MCH_TRAVEL,ORD_000235,"{'amount': '42517.00', 'merchant': 'Vista Travel Desk'}",REF_000235,orders.csv,orders:ORD_000235
54593.25,2026-01-06T13:02:00+00:00,INR,CUS_69243,2026-01-05T09:30:00+00:00,INV_000236,MCH_TRAVEL,ORD_000236,"{'amount': '54593.25', 'merchant': 'Vista Travel Desk'}",REF_000236,orders.csv,orders:ORD_000236
48674.25,2026-01-06T13:11:00+00:00,INR,CUS_73968,2026-01-05T09:30:00+00:00,INV_000237,MCH_TRAVEL,ORD_000237,"{'amount': '48674.25', 'merchant': 'Vista Travel Desk'}",REF_000237,orders.csv,orders:ORD_000237
87350.75,2026-01-06T13:16:00+00:00,INR,CUS_56952,2026-01-05T09:30:00+00:00,INV_000238,MCH_TRAVEL,ORD_000238,"{'amount': '87350.75', 'merchant': 'Vista Travel Desk'}",REF_000238,orders.csv,orders:ORD_000238
28067.25,2026-01-06T13:25:00+00:00,INR,CUS_45197,2026-01-05T09:30:00+00:00,INV_000239,MCH_SAAS,ORD_000239,"{'amount': '28067.25', 'merchant': 'Nila SaaS Systems'}",REF_000239,orders.csv,orders:ORD_000239
63914.00,2026-01-06T13:30:00+00:00,INR,CUS_99463,2026-01-05T09:30:00+00:00,INV_000240,MCH_HEALTH,ORD_000240,"{'amount': '63914.00', 'merchant': 'Prana Health Online'}",REF_000240,orders.csv,orders:ORD_000240
16584.00,2026-01-06T13:40:00+00:00,INR,CUS_67840,2026-01-05T09:30:00+00:00,INV_000241,MCH_ZERO,ORD_000241,"{'amount': '16584.00', 'merchant': 'Zero Fee Internal Rail'}",REF_000241,orders.csv,orders:ORD_000241
17590.75,2026-01-06T13:45:00+00:00,INR,CUS_49566,2026-01-05T09:30:00+00:00,INV_000242,MCH_TRAVEL,ORD_000242,"{'amount': '17590.75', 'merchant': 'Vista Travel Desk'}",REF_000242,orders.csv,orders:ORD_000242
11103.00,2026-01-06T13:56:00+00:00,INR,CUS_97098,2026-01-05T09:30:00+00:00,INV_000243,MCH_CAFE,ORD_000243,"{'amount': '11103.00', 'merchant': 'Kaveri Coffee Roasters'}",REF_000243,orders.csv,orders:ORD_000243
12253.75,2026-01-06T14:05:00+00:00,INR,CUS_22475,2026-01-05T09:30:00+00:00,INV_000245,MCH_TRAVEL,ORD_000245,"{'amount': '12253.75', 'merchant': 'Vista Travel Desk'}",REF_000245,orders.csv,orders:ORD_000245
78114.00,2026-01-06T14:17:00+00:00,INR,CUS_78084,2026-01-05T09:30:00+00:00,INV_000246,MCH_SWIFT,ORD_000246,"{'amount': '78114.00', 'merchant': 'SwiftKart Marketplace'}",REF_000246,orders.csv,orders:ORD_000246
17624.25,2026-01-06T14:20:00+00:00,INR,CUS_19283,2026-01-05T09:30:00+00:00,INV_000247,MCH_SAAS,ORD_000247,"{'amount': '17624.25', 'merchant': 'Nila SaaS Systems'}",REF_000247,orders.csv,orders:ORD_000247
41371.00,2026-01-06T14:27:00+00:00,INR,CUS_49223,2026-01-05T09:30:00+00:00,INV_000248,MCH_ZERO,ORD_000248,"{'amount': '41371.00', 'merchant': 'Zero Fee Internal Rail'}",REF_000248,orders.csv,orders:ORD_000248
69834.50,2026-01-06T14:37:00+00:00,INR,CUS_11110,2026-01-05T09:30:00+00:00,INV_000249,MCH_ZERO,ORD_000249,"{'amount': '69834.50', 'merchant': 'Zero Fee Internal Rail'}",REF_000249,orders.csv,orders:ORD_000249
28225.75,2026-01-06T14:43:00+00:00,INR,CUS_29840,2026-01-05T09:30:00+00:00,INV_000250,MCH_TRAVEL,ORD_000250,"{'amount': '28225.75', 'merchant': 'Vista Travel Desk'}",REF_000250,orders.csv,orders:ORD_000250
18651.00,2026-01-06T14:52:00+00:00,INR,CUS_87276,2026-01-05T09:30:00+00:00,INV_000251,MCH_ZERO,ORD_000251,"{'amount': '18651.00', 'merchant': 'Zero Fee Internal Rail'}",REF_000251,orders.csv,orders:ORD_000251
18627.00,2026-01-06T14:59:00+00:00,INR,CUS_46302,2026-01-05T09:30:00+00:00,INV_000252,MCH_CAFE,ORD_000252,"{'amount': '18627.00', 'merchant': 'Kaveri Coffee Roasters'}",REF_000252,orders.csv,orders:ORD_000252
3815.75,2026-01-06T15:02:00+00:00,INR,CUS_49537,2026-01-05T09:30:00+00:00,INV_000253,MCH_TRAVEL,ORD_000253,"{'amount': '3815.75', 'merchant': 'Vista Travel Desk'}",REF_000253,orders.csv,orders:ORD_000253
84994.00,2026-01-06T15:11:00+00:00,INR,CUS_41370,2026-01-05T09:30:00+00:00,INV_000254,MCH_CAFE,ORD_000254,"{'amount': '84994.00', 'merchant': 'Kaveri Coffee Roasters'}",REF_000254,orders.csv,orders:ORD_000254
83934.50,2026-01-06T15:19:00+00:00,INR,CUS_19307,2026-01-05T09:30:00+00:00,INV_000255,MCH_SAAS,ORD_000255,"{'amount': '83934.50', 'merchant': 'Nila SaaS Systems'}",REF_000255,orders.csv,orders:ORD_000255
55463.00,2026-01-06T15:27:00+00:00,INR,CUS_81612,2026-01-05T09:30:00+00:00,INV_000256,MCH_HEALTH,ORD_000256,"{'amount': '55463.00', 'merchant': 'Prana Health Online'}",REF_000256,orders.csv,orders:ORD_000256
2107.00,2026-01-06T15:29:00+00:00,INR,CUS_38277,2026-01-05T09:30:00+00:00,INV_000257,MCH_ZERO,ORD_000257,"{'amount': '2107.00', 'merchant': 'Zero Fee Internal Rail'}",REF_000257,orders.csv,orders:ORD_000257
65973.25,2026-01-06T15:41:00+00:00,INR,CUS_65518,2026-01-05T09:30:00+00:00,INV_000258,MCH_TRAVEL,ORD_000258,"{'amount': '65973.25', 'merchant': 'Vista Travel Desk'}",REF_000258,orders.csv,orders:ORD_000258
11257.00,2026-01-06T15:47:00+00:00,INR,CUS_20357,2026-01-05T09:30:00+00:00,INV_000259,MCH_CAFE,ORD_000259,"{'amount': '11257.00', 'merchant': 'Kaveri Coffee Roasters'}",REF_000259,orders.csv,orders:ORD_000259
57642.75,2026-01-06T15:57:00+00:00,INR,CUS_41278,2026-01-05T09:30:00+00:00,INV_000261,MCH_TRAVEL,ORD_000261,"{'amount': '57642.75', 'merchant': 'Vista Travel Desk'}",REF_000261,orders.csv,orders:ORD_000261
59724.50,2026-01-06T16:04:00+00:00,INR,CUS_89800,2026-01-05T09:30:00+00:00,INV_000262,MCH_ZERO,ORD_000262,"{'amount': '59724.50', 'merchant': 'Zero Fee Internal Rail'}",REF_000262,orders.csv,orders:ORD_000262
18284.75,2026-01-06T16:12:00+00:00,INR,CUS_11487,2026-01-05T09:30:00+00:00,INV_000263,MCH_ZERO,ORD_000263,"{'amount': '18284.75', 'merchant': 'Zero Fee Internal Rail'}",REF_000263,orders.csv,orders:ORD_000263
49041.00,2026-01-06T16:23:00+00:00,INR,CUS_45227,2026-01-05T09:30:00+00:00,INV_000264,MCH_SWIFT,ORD_000264,"{'amount': '49041.00', 'merchant': 'SwiftKart Marketplace'}",REF_000264,orders.csv,orders:ORD_000264
35949.50,2026-01-06T16:27:00+00:00,INR,CUS_18371,2026-01-05T09:30:00+00:00,INV_000265,MCH_SAAS,ORD_000265,"{'amount': '35949.50', 'merchant': 'Nila SaaS Systems'}",REF_000265,orders.csv,orders:ORD_000265
74602.00,2026-01-06T16:33:00+00:00,INR,CUS_58193,2026-01-05T09:30:00+00:00,INV_000266,MCH_SAAS,ORD_000266,"{'amount': '74602.00', 'merchant': 'Nila SaaS Systems'}",REF_000266,orders.csv,orders:ORD_000266
66992.00,2026-01-06T16:39:00+00:00,INR,CUS_15772,2026-01-05T09:30:00+00:00,INV_000267,MCH_SWIFT,ORD_000267,"{'amount': '66992.00', 'merchant': 'SwiftKart Marketplace'}",REF_000267,orders.csv,orders:ORD_000267
50497.00,2026-01-06T16:46:00+00:00,INR,CUS_33456,2026-01-05T09:30:00+00:00,INV_000268,MCH_CAFE,ORD_000268,"{'amount': '50497.00', 'merchant': 'Kaveri Coffee Roasters'}",REF_000268,orders.csv,orders:ORD_000268
42234.00,2026-01-06T16:57:00+00:00,INR,CUS_20208,2026-01-05T09:30:00+00:00,INV_000269,MCH_SAAS,ORD_000269,"{'amount': '42234.00', 'merchant': 'Nila SaaS Systems'}",REF_000269,orders.csv,orders:ORD_000269
29553.50,2026-01-06T17:03:00+00:00,INR,CUS_16019,2026-01-05T09:30:00+00:00,INV_000270,MCH_SWIFT,ORD_000270,"{'amount': '29553.50', 'merchant': 'SwiftKart Marketplace'}",REF_000270,orders.csv,orders:ORD_000270
43199.00,2026-01-06T17:10:00+00:00,INR,CUS_82494,2026-01-05T09:30:00+00:00,INV_000271,MCH_CAFE,ORD_000271,"{'amount': '43199.00', 'merchant': 'Kaveri Coffee Roasters'}",REF_000271,orders.csv,orders:ORD_000271
81920.00,2026-01-06T17:16:00+00:00,INR,CUS_70807,2026-01-05T09:30:00+00:00,INV_000272,MCH_TRAVEL,ORD_000272,"{'amount': '81920.00', 'merchant': 'Vista Travel Desk'}",REF_000272,orders.csv,orders:ORD_000272
1135.25,2026-01-06T17:22:00+00:00,INR,CUS_13133,2026-01-05T09:30:00+00:00,INV_000273,MCH_SWIFT,ORD_000273,"{'amount': '1135.25', 'merchant': 'SwiftKart Marketplace'}",REF_000273,orders.csv,orders:ORD_000273
40606.00,2026-01-06T17:39:00+00:00,INR,CUS_36895,2026-01-05T09:30:00+00:00,INV_000275,MCH_TRAVEL,ORD_000275,"{'amount': '40606.00', 'merchant': 'Vista Travel Desk'}",REF_000275,orders.csv,orders:ORD_000275
18961.75,2026-01-06T17:42:00+00:00,INR,CUS_46677,2026-01-05T09:30:00+00:00,INV_000276,MCH_ZERO,ORD_000276,"{'amount': '18961.75', 'merchant': 'Zero Fee Internal Rail'}",REF_000276,orders.csv,orders:ORD_000276
49123.25,2026-01-06T17:53:00+00:00,INR,CUS_21128,2026-01-05T09:30:00+00:00,INV_000277,MCH_TRAVEL,ORD_000277,"{'amount': '49123.25', 'merchant': 'Vista Travel Desk'}",REF_000277,orders.csv,orders:ORD_000277
77880.50,2026-01-06T17:59:00+00:00,INR,CUS_18163,2026-01-05T09:30:00+00:00,INV_000278,MCH_ZERO,ORD_000278,"{'amount': '77880.50', 'merchant': 'Zero Fee Internal Rail'}",REF_000278,orders.csv,orders:ORD_000278
41588.25,2026-01-06T18:05:00+00:00,INR,CUS_52762,2026-01-05T09:30:00+00:00,INV_000279,MCH_CAFE,ORD_000279,"{'amount': '41588.25', 'merchant': 'Kaveri Coffee Roasters'}",REF_000279,orders.csv,orders:ORD_000279
26869.00,2026-01-06T18:10:00+00:00,INR,CUS_86638,2026-01-05T09:30:00+00:00,INV_000280,MCH_ZERO,ORD_000280,"{'amount': '26869.00', 'merchant': 'Zero Fee Internal Rail'}",REF_000280,orders.csv,orders:ORD_000280
61386.00,2026-01-06T18:17:00+00:00,INR,CUS_63282,2026-01-05T09:30:00+00:00,INV_000281,MCH_SAAS,ORD_000281,"{'amount': '61386.00', 'merchant': 'Nila SaaS Systems'}",REF_000281,orders.csv,orders:ORD_000281
61031.00,2026-01-06T18:24:00+00:00,INR,CUS_25717,2026-01-05T09:30:00+00:00,INV_000282,MCH_CAFE,ORD_000282,"{'amount': '61031.00', 'merchant': 'Kaveri Coffee Roasters'}",REF_000282,orders.csv,orders:ORD_000282
43264.00,2026-01-06T18:36:00+00:00,INR,CUS_21955,2026-01-05T09:30:00+00:00,INV_000283,MCH_SWIFT,ORD_000283,"{'amount': '43264.00', 'merchant': 'SwiftKart Marketplace'}",REF_000283,orders.csv,orders:ORD_000283
6716.75,2026-01-06T18:40:00+00:00,INR,CUS_49169,2026-01-05T09:30:00+00:00,INV_000284,MCH_HEALTH,ORD_000284,"{'amount': '6716.75', 'merchant': 'Prana Health Online'}",REF_000284,orders.csv,orders:ORD_000284
73169.75,2026-01-06T18:46:00+00:00,INR,CUS_82105,2026-01-05T09:30:00+00:00,INV_000285,MCH_SAAS,ORD_000285,"{'amount': '73169.75', 'merchant': 'Nila SaaS Systems'}",REF_000285,orders.csv,orders:ORD_000285
29435.00,2026-01-06T19:02:00+00:00,INR,CUS_35969,2026-01-05T09:30:00+00:00,INV_000287,MCH_ZERO,ORD_000287,"{'amount': '29435.00', 'merchant': 'Zero Fee Internal Rail'}",REF_000287,orders.csv,orders:ORD_000287
8750.00,2026-01-06T19:09:00+00:00,INR,CUS_94670,2026-01-05T09:30:00+00:00,INV_000288,MCH_ZERO,ORD_000288,"{'amount': '8750.00', 'merchant': 'Zero Fee Internal Rail'}",REF_000288,orders.csv,orders:ORD_000288
5896.25,2026-01-06T19:14:00+00:00,INR,CUS_16637,2026-01-05T09:30:00+00:00,INV_000289,MCH_ZERO,ORD_000289,"{'amount': '5896.25', 'merchant': 'Zero Fee Internal Rail'}",REF_000289,orders.csv,orders:ORD_000289
50465.75,2026-01-06T19:21:00+00:00,INR,CUS_65923,2026-01-05T09:30:00+00:00,INV_000290,MCH_ZERO,ORD_000290,"{'amount': '50465.75', 'merchant': 'Zero Fee Internal Rail'}",REF_000290,orders.csv,orders:ORD_000290
36981.25,2026-01-06T19:27:00+00:00,INR,CUS_29481,2026-01-05T09:30:00+00:00,INV_000291,MCH_CAFE,ORD_000291,"{'amount': '36981.25', 'merchant': 'Kaveri Coffee Roasters'}",REF_000291,orders.csv,orders:ORD_000291
72479.25,2026-01-06T19:34:00+00:00,INR,CUS_17992,2026-01-05T09:30:00+00:00,INV_000292,MCH_SAAS,ORD_000292,"{'amount': '72479.25', 'merchant': 'Nila SaaS Systems'}",REF_000292,orders.csv,orders:ORD_000292
71558.00,2026-01-06T19:46:00+00:00,INR,CUS_60134,2026-01-05T09:30:00+00:00,INV_000293,MCH_TRAVEL,ORD_000293,"{'amount': '71558.00', 'merchant': 'Vista Travel Desk'}",REF_000293,orders.csv,orders:ORD_000293
74441.50,2026-01-06T19:51:00+00:00,INR,CUS_52153,2026-01-05T09:30:00+00:00,INV_000294,MCH_CAFE,ORD_000294,"{'amount': '74441.50', 'merchant': 'Kaveri Coffee Roasters'}",REF_000294,orders.csv,orders:ORD_000294
78565.00,2026-01-06T19:57:00+00:00,INR,CUS_13840,2026-01-05T09:30:00+00:00,INV_000295,MCH_CAFE,ORD_000295,"{'amount': '78565.00', 'merchant': 'Kaveri Coffee Roasters'}",REF_000295,orders.csv,orders:ORD_000295
13424.00,2026-01-06T20:03:00+00:00,INR,CUS_96096,2026-01-05T09:30:00+00:00,INV_000296,MCH_SWIFT,ORD_000296,"{'amount': '13424.00', 'merchant': 'SwiftKart Marketplace'}",REF_000296,orders.csv,orders:ORD_000296
51211.00,2026-01-06T20:10:00+00:00,INR,CUS_32768,2026-01-05T09:30:00+00:00,INV_000297,MCH_HEALTH,ORD_000297,"{'amount': '51211.00', 'merchant': 'Prana Health Online'}",REF_000297,orders.csv,orders:ORD_000297
3997.75,2026-01-06T20:20:00+00:00,INR,CUS_56095,2026-01-05T09:30:00+00:00,INV_000298,MCH_HEALTH,ORD_000298,"{'amount': '3997.75', 'merchant': 'Prana Health Online'}",REF_000298,orders.csv,orders:ORD_000298
40808.00,2026-01-06T20:23:00+00:00,INR,CUS_74282,2026-01-05T09:30:00+00:00,INV_000299,MCH_HEALTH,ORD_000299,"{'amount': '40808.00', 'merchant': 'Prana Health Online'}",REF_000299,orders.csv,orders:ORD_000299
28979.00,2026-01-06T20:33:00+00:00,INR,CUS_79002,2026-01-05T09:30:00+00:00,INV_000300,MCH_HEALTH,ORD_000300,"{'amount': '28979.00', 'merchant': 'Prana Health Online'}",REF_000300,orders.csv,orders:ORD_000300
8106.00,2026-01-06T20:48:00+00:00,INR,CUS_29360,2026-01-05T09:30:00+00:00,INV_000302,MCH_CAFE,ORD_000302,"{'amount': '8106.00', 'merchant': 'Kaveri Coffee Roasters'}",REF_000302,orders.csv,orders:ORD_000302
49267.75,2026-01-06T20:54:00+00:00,INR,CUS_96787,2026-01-05T09:30:00+00:00,INV_000303,MCH_ZERO,ORD_000303,"{'amount': '49267.75', 'merchant': 'Zero Fee Internal Rail'}",REF_000303,orders.csv,orders:ORD_000303
57561.75,2026-01-06T21:03:00+00:00,INR,CUS_73858,2026-01-05T09:30:00+00:00,INV_000304,MCH_TRAVEL,ORD_000304,"{'amount': '57561.75', 'merchant': 'Vista Travel Desk'}",REF_000304,orders.csv,orders:ORD_000304
87532.50,2026-01-06T21:08:00+00:00,INR,CUS_32983,2026-01-05T09:30:00+00:00,INV_000305,MCH_SWIFT,ORD_000305,"{'amount': '87532.50', 'merchant': 'SwiftKart Marketplace'}",REF_000305,orders.csv,orders:ORD_000305
535.75,2026-01-06T21:15:00+00:00,INR,CUS_85082,2026-01-05T09:30:00+00:00,INV_000306,MCH_SWIFT,ORD_000306,"{'amount': '535.75', 'merchant': 'SwiftKart Marketplace'}",REF_000306,orders.csv,orders:ORD_000306
29253.75,2026-01-06T21:19:00+00:00,INR,CUS_84127,2026-01-05T09:30:00+00:00,INV_000307,MCH_HEALTH,ORD_000307,"{'amount': '29253.75', 'merchant': 'Prana Health Online'}",REF_000307,orders.csv,orders:ORD_000307
10498.00,2026-01-06T21:28:00+00:00,INR,CUS_55457,2026-01-05T09:30:00+00:00,INV_000308,MCH_TRAVEL,ORD_000308,"{'amount': '10498.00', 'merchant': 'Vista Travel Desk'}",REF_000308,orders.csv,orders:ORD_000308
1793.00,2026-01-06T21:34:00+00:00,INR,CUS_37483,2026-01-05T09:30:00+00:00,INV_000309,MCH_SAAS,ORD_000309,"{'amount': '1793.00', 'merchant': 'Nila SaaS Systems'}",REF_000309,orders.csv,orders:ORD_000309
6610.25,2026-01-06T21:45:00+00:00,INR,CUS_67438,2026-01-05T09:30:00+00:00,INV_000310,MCH_ZERO,ORD_000310,"{'amount': '6610.25', 'merchant': 'Zero Fee Internal Rail'}",REF_000310,orders.csv,orders:ORD_000310
49938.00,2026-01-06T21:50:00+00:00,INR,CUS_81568,2026-01-05T09:30:00+00:00,INV_000311,MCH_SAAS,ORD_000311,"{'amount': '49938.00', 'merchant': 'Nila SaaS Systems'}",REF_000311,orders.csv,orders:ORD_000311
59451.00,2026-01-06T21:56:00+00:00,INR,CUS_14379,2026-01-05T09:30:00+00:00,INV_000312,MCH_SWIFT,ORD_000312,"{'amount': '59451.00', 'merchant': 'SwiftKart Marketplace'}",REF_000312,orders.csv,orders:ORD_000312
10025.00,2026-01-06T22:04:00+00:00,INR,CUS_32296,2026-01-05T09:30:00+00:00,INV_000313,MCH_ZERO,ORD_000313,"{'amount': '10025.00', 'merchant': 'Zero Fee Internal Rail'}",REF_000313,orders.csv,orders:ORD_000313
78160.50,2026-01-06T22:13:00+00:00,INR,CUS_73273,2026-01-05T09:30:00+00:00,INV_000314,MCH_CAFE,ORD_000314,"{'amount': '78160.50', 'merchant': 'Kaveri Coffee Roasters'}",REF_000314,orders.csv,orders:ORD_000314
57211.00,2026-01-06T22:15:00+00:00,INR,CUS_17019,2026-01-05T09:30:00+00:00,INV_000315,MCH_HEALTH,ORD_000315,"{'amount': '57211.00', 'merchant': 'Prana Health Online'}",REF_000315,orders.csv,orders:ORD_000315
71095.00,2026-01-06T22:24:00+00:00,INR,CUS_96585,2026-01-05T09:30:00+00:00,INV_000316,MCH_TRAVEL,ORD_000316,"{'amount': '71095.00', 'merchant': 'Vista Travel Desk'}",REF_000316,orders.csv,orders:ORD_000316
51798.50,2026-01-06T22:32:00+00:00,INR,CUS_82045,2026-01-05T09:30:00+00:00,INV_000317,MCH_ZERO,ORD_000317,"{'amount': '51798.50', 'merchant': 'Zero Fee Internal Rail'}",REF_000317,orders.csv,orders:ORD_000317
56347.00,2026-01-06T22:41:00+00:00,INR,CUS_48607,2026-01-05T09:30:00+00:00,INV_000318,MCH_ZERO,ORD_000318,"{'amount': '56347.00', 'merchant': 'Zero Fee Internal Rail'}",REF_000318,orders.csv,orders:ORD_000318
27425.00,2026-01-06T22:45:00+00:00,INR,CUS_93648,2026-01-05T09:30:00+00:00,INV_000319,MCH_ZERO,ORD_000319,"{'amount': '27425.00', 'merchant': 'Zero Fee Internal Rail'}",REF_000319,orders.csv,orders:ORD_000319
86943.00,2026-01-06T23:02:00+00:00,INR,CUS_21945,2026-01-05T09:30:00+00:00,INV_000321,MCH_SAAS,ORD_000321,"{'amount': '86943.00', 'merchant': 'Nila SaaS Systems'}",REF_000321,orders.csv,orders:ORD_000321
50296.00,2026-01-06T23:07:00+00:00,INR,CUS_34455,2026-01-05T09:30:00+00:00,INV_000322,MCH_CAFE,ORD_000322,"{'amount': '50296.00', 'merchant': 'Kaveri Coffee Roasters'}",REF_000322,orders.csv,orders:ORD_000322
35500.50,2026-01-06T23:12:00+00:00,INR,CUS_18079,2026-01-05T09:30:00+00:00,INV_000323,MCH_SWIFT,ORD_000323,"{'amount': '35500.50', 'merchant': 'SwiftKart Marketplace'}",REF_000323,orders.csv,orders:ORD_000323
30120.50,2026-01-06T23:21:00+00:00,INR,CUS_17993,2026-01-05T09:30:00+00:00,INV_000324,MCH_HEALTH,ORD_000324,"{'amount': '30120.50', 'merchant': 'Prana Health Online'}",REF_000324,orders.csv,orders:ORD_000324
31186.25,2026-01-06T23:25:00+00:00,INR,CUS_49171,2026-01-05T09:30:00+00:00,INV_000325,MCH_HEALTH,ORD_000325,"{'amount': '31186.25', 'merchant': 'Prana Health Online'}",REF_000325,orders.csv,orders:ORD_000325
59156.00,2026-01-06T23:33:00+00:00,INR,CUS_31910,2026-01-05T09:30:00+00:00,INV_000326,MCH_ZERO,ORD_000326,"{'amount': '59156.00', 'merchant': 'Zero Fee Internal Rail'}",REF_000326,orders.csv,orders:ORD_000326
82511.00,2026-01-06T23:41:00+00:00,INR,CUS_87994,2026-01-05T09:30:00+00:00,INV_000327,MCH_SWIFT,ORD_000327,"{'amount': '82511.00', 'merchant': 'SwiftKart Marketplace'}",REF_000327,orders.csv,orders:ORD_000327
68416.25,2026-01-06T23:58:00+00:00,INR,CUS_11620,2026-01-05T09:30:00+00:00,INV_000329,MCH_CAFE,ORD_000329,"{'amount': '68416.25', 'merchant': 'Kaveri Coffee Roasters'}",REF_000329,orders.csv,orders:ORD_000329
77361.50,2026-01-07T00:00:00+00:00,INR,CUS_23133,2026-01-05T09:30:00+00:00,INV_000330,MCH_HEALTH,ORD_000330,"{'amount': '77361.50', 'merchant': 'Prana Health Online'}",REF_000330,orders.csv,orders:ORD_000330
34920.25,2026-01-07T00:10:00+00:00,INR,CUS_95824,2026-01-05T09:30:00+00:00,INV_000331,MCH_SAAS,ORD_000331,"{'amount': '34920.25', 'merchant': 'Nila SaaS Systems'}",REF_000331,orders.csv,orders:ORD_000331
80077.75,2026-01-07T00:14:00+00:00,INR,CUS_62654,2026-01-05T09:30:00+00:00,INV_000332,MCH_HEALTH,ORD_000332,"{'amount': '80077.75', 'merchant': 'Prana Health Online'}",REF_000332,orders.csv,orders:ORD_000332
62587.00,2026-01-07T00:21:00+00:00,INR,CUS_58816,2026-01-05T09:30:00+00:00,INV_000333,MCH_ZERO,ORD_000333,"{'amount': '62587.00', 'merchant': 'Zero Fee Internal Rail'}",REF_000333,orders.csv,orders:ORD_000333
13173.00,2026-01-07T00:30:00+00:00,INR,CUS_27614,2026-01-05T09:30:00+00:00,INV_000334,MCH_TRAVEL,ORD_000334,"{'amount': '13173.00', 'merchant': 'Vista Travel Desk'}",REF_000334,orders.csv,orders:ORD_000334
54927.50,2026-01-07T00:35:00+00:00,INR,CUS_94614,2026-01-05T09:30:00+00:00,INV_000335,MCH_TRAVEL,ORD_000335,"{'amount': '54927.50', 'merchant': 'Vista Travel Desk'}",REF_000335,orders.csv,orders:ORD_000335
63799.50,2026-01-07T00:42:00+00:00,INR,CUS_59009,2026-01-05T09:30:00+00:00,INV_000336,MCH_SAAS,ORD_000336,"{'amount': '63799.50', 'merchant': 'Nila SaaS Systems'}",REF_000336,orders.csv,orders:ORD_000336
18079.50,2026-01-07T00:49:00+00:00,INR,CUS_84537,2026-01-05T09:30:00+00:00,INV_000337,MCH_SAAS,ORD_000337,"{'amount': '18079.50', 'merchant': 'Nila SaaS Systems'}",REF_000337,orders.csv,orders:ORD_000337
33001.00,2026-01-07T00:56:00+00:00,INR,CUS_69827,2026-01-05T09:30:00+00:00,INV_000338,MCH_ZERO,ORD_000338,"{'amount': '33001.00', 'merchant': 'Zero Fee Internal Rail'}",REF_000338,orders.csv,orders:ORD_000338
52328.75,2026-01-07T01:08:00+00:00,INR,CUS_26236,2026-01-05T09:30:00+00:00,INV_000339,MCH_HEALTH,ORD_000339,"{'amount': '52328.75', 'merchant': 'Prana Health Online'}",REF_000339,orders.csv,orders:ORD_000339
78162.25,2026-01-07T01:13:00+00:00,INR,CUS_33276,2026-01-05T09:30:00+00:00,INV_000340,MCH_SAAS,ORD_000340,"{'amount': '78162.25', 'merchant': 'Nila SaaS Systems'}",REF_000340,orders.csv,orders:ORD_000340
34203.75,2026-01-07T01:19:00+00:00,INR,CUS_21847,2026-01-05T09:30:00+00:00,INV_000341,MCH_SWIFT,ORD_000341,"{'amount': '34203.75', 'merchant': 'SwiftKart Marketplace'}",REF_000341,orders.csv,orders:ORD_000341
29312.75,2026-01-07T01:29:00+00:00,INR,CUS_39505,2026-01-05T09:30:00+00:00,INV_000342,MCH_SWIFT,ORD_000342,"{'amount': '29312.75', 'merchant': 'SwiftKart Marketplace'}",REF_000342,orders.csv,orders:ORD_000342
2928.75,2026-01-07T01:34:00+00:00,INR,CUS_11166,2026-01-05T09:30:00+00:00,INV_000343,MCH_HEALTH,ORD_000343,"{'amount': '2928.75', 'merchant': 'Prana Health Online'}",REF_000343,orders.csv,orders:ORD_000343
33381.50,2026-01-07T01:43:00+00:00,INR,CUS_50037,2026-01-05T09:30:00+00:00,INV_000344,MCH_SWIFT,ORD_000344,"{'amount': '33381.50', 'merchant': 'SwiftKart Marketplace'}",REF_000344,orders.csv,orders:ORD_000344
60461.00,2026-01-07T01:48:00+00:00,INR,CUS_38601,2026-01-05T09:30:00+00:00,INV_000345,MCH_CAFE,ORD_000345,"{'amount': '60461.00', 'merchant': 'Kaveri Coffee Roasters'}",REF_000345,orders.csv,orders:ORD_000345
67345.75,2026-01-07T01:56:00+00:00,INR,CUS_59051,2026-01-05T09:30:00+00:00,INV_000346,MCH_ZERO,ORD_000346,"{'amount': '67345.75', 'merchant': 'Zero Fee Internal Rail'}",REF_000346,orders.csv,orders:ORD_000346
8667.00,2026-01-07T02:04:00+00:00,INR,CUS_46239,2026-01-05T09:30:00+00:00,INV_000347,MCH_SAAS,ORD_000347,"{'amount': '8667.00', 'merchant': 'Nila SaaS Systems'}",REF_000347,orders.csv,orders:ORD_000347
85689.00,2026-01-07T02:07:00+00:00,INR,CUS_34688,2026-01-05T09:30:00+00:00,INV_000348,MCH_TRAVEL,ORD_000348,"{'amount': '85689.00', 'merchant': 'Vista Travel Desk'}",REF_000348,orders.csv,orders:ORD_000348
53265.75,2026-01-07T02:18:00+00:00,INR,CUS_51888,2026-01-05T09:30:00+00:00,INV_000349,MCH_HEALTH,ORD_000349,"{'amount': '53265.75', 'merchant': 'Prana Health Online'}",REF_000349,orders.csv,orders:ORD_000349
34303.25,2026-01-07T02:23:00+00:00,INR,CUS_63031,2026-01-05T09:30:00+00:00,INV_000350,MCH_CAFE,ORD_000350,"{'amount': '34303.25', 'merchant': 'Kaveri Coffee Roasters'}",REF_000350,orders.csv,orders:ORD_000350
29445.75,2026-01-07T02:32:00+00:00,INR,CUS_80075,2026-01-05T09:30:00+00:00,INV_000351,MCH_TRAVEL,ORD_000351,"{'amount': '29445.75', 'merchant': 'Vista Travel Desk'}",REF_000351,orders.csv,orders:ORD_000351
73470.00,2026-01-07T02:34:00+00:00,INR,CUS_48506,2026-01-05T09:30:00+00:00,INV_000352,MCH_TRAVEL,ORD_000352,"{'amount': '73470.00', 'merchant': 'Vista Travel Desk'}",REF_000352,orders.csv,orders:ORD_000352
12004.00,2026-01-07T02:49:00+00:00,INR,CUS_56567,2026-01-05T09:30:00+00:00,INV_000354,MCH_TRAVEL,ORD_000354,"{'amount': '12004.00', 'merchant': 'Vista Travel Desk'}",REF_000354,orders.csv,orders:ORD_000354
34452.50,2026-01-07T02:58:00+00:00,INR,CUS_48541,2026-01-05T09:30:00+00:00,INV_000355,MCH_CAFE,ORD_000355,"{'amount': '34452.50', 'merchant': 'Kaveri Coffee Roasters'}",REF_000355,orders.csv,orders:ORD_000355
76362.50,2026-01-07T03:05:00+00:00,INR,CUS_19334,2026-01-05T09:30:00+00:00,INV_000356,MCH_HEALTH,ORD_000356,"{'amount': '76362.50', 'merchant': 'Prana Health Online'}",REF_000356,orders.csv,orders:ORD_000356
39406.25,2026-01-07T03:10:00+00:00,INR,CUS_17086,2026-01-05T09:30:00+00:00,INV_000357,MCH_HEALTH,ORD_000357,"{'amount': '39406.25', 'merchant': 'Prana Health Online'}",REF_000357,orders.csv,orders:ORD_000357
74932.25,2026-01-07T03:18:00+00:00,INR,CUS_28772,2026-01-05T09:30:00+00:00,INV_000358,MCH_SAAS,ORD_000358,"{'amount': '74932.25', 'merchant': 'Nila SaaS Systems'}",REF_000358,orders.csv,orders:ORD_000358
83010.00,2026-01-07T03:28:00+00:00,INR,CUS_51079,2026-01-05T09:30:00+00:00,INV_000359,MCH_CAFE,ORD_000359,"{'amount': '83010.00', 'merchant': 'Kaveri Coffee Roasters'}",REF_000359,orders.csv,orders:ORD_000359
27744.00,2026-01-07T03:31:00+00:00,INR,CUS_85534,2026-01-05T09:30:00+00:00,INV_000360,MCH_CAFE,ORD_000360,"{'amount': '27744.00', 'merchant': 'Kaveri Coffee Roasters'}",REF_000360,orders.csv,orders:ORD_000360
57147.75,2026-01-07T03:40:00+00:00,INR,CUS_66283,2026-01-05T09:30:00+00:00,INV_000361,MCH_HEALTH,ORD_000361,"{'amount': '57147.75', 'merchant': 'Prana Health Online'}",REF_000361,orders.csv,orders:ORD_000361
49203.00,2026-01-07T03:48:00+00:00,INR,CUS_52233,2026-01-05T09:30:00+00:00,INV_000362,MCH_TRAVEL,ORD_000362,"{'amount': '49203.00', 'merchant': 'Vista Travel Desk'}",REF_000362,orders.csv,orders:ORD_000362
32913.00,2026-01-07T03:53:00+00:00,INR,CUS_55134,2026-01-05T09:30:00+00:00,INV_000363,MCH_TRAVEL,ORD_000363,"{'amount': '32913.00', 'merchant': 'Vista Travel Desk'}",REF_000363,orders.csv,orders:ORD_000363
77458.00,2026-01-07T03:58:00+00:00,INR,CUS_31891,2026-01-05T09:30:00+00:00,INV_000364,MCH_HEALTH,ORD_000364,"{'amount': '77458.00', 'merchant': 'Prana Health Online'}",REF_000364,orders.csv,orders:ORD_000364
68495.50,2026-01-07T04:07:00+00:00,INR,CUS_78697,2026-01-05T09:30:00+00:00,INV_000365,MCH_SAAS,ORD_000365,"{'amount': '68495.50', 'merchant': 'Nila SaaS Systems'}",REF_000365,orders.csv,orders:ORD_000365
47387.00,2026-01-07T04:15:00+00:00,INR,CUS_31611,2026-01-05T09:30:00+00:00,INV_000366,MCH_SAAS,ORD_000366,"{'amount': '47387.00', 'merchant': 'Nila SaaS Systems'}",REF_000366,orders.csv,orders:ORD_000366
17497.00,2026-01-07T04:23:00+00:00,INR,CUS_12872,2026-01-05T09:30:00+00:00,INV_000367,MCH_TRAVEL,ORD_000367,"{'amount': '17497.00', 'merchant': 'Vista Travel Desk'}",REF_000367,orders.csv,orders:ORD_000367
85567.00,2026-01-07T04:31:00+00:00,INR,CUS_59177,2026-01-05T09:30:00+00:00,INV_000368,MCH_CAFE,ORD_000368,"{'amount': '85567.00', 'merchant': 'Kaveri Coffee Roasters'}",REF_000368,orders.csv,orders:ORD_000368
2887.00,2026-01-07T04:36:00+00:00,INR,CUS_25176,2026-01-05T09:30:00+00:00,INV_000369,MCH_TRAVEL,ORD_000369,"{'amount': '2887.00', 'merchant': 'Vista Travel Desk'}",REF_000369,orders.csv,orders:ORD_000369
20370.00,2026-01-07T04:52:00+00:00,INR,CUS_99881,2026-01-05T09:30:00+00:00,INV_000371,MCH_TRAVEL,ORD_000371,"{'amount': '20370.00', 'merchant': 'Vista Travel Desk'}",REF_000371,orders.csv,orders:ORD_000371
13535.75,2026-01-07T04:56:00+00:00,INR,CUS_78197,2026-01-05T09:30:00+00:00,INV_000372,MCH_TRAVEL,ORD_000372,"{'amount': '13535.75', 'merchant': 'Vista Travel Desk'}",REF_000372,orders.csv,orders:ORD_000372
15243.00,2026-01-07T05:02:00+00:00,INR,CUS_75239,2026-01-05T09:30:00+00:00,INV_000373,MCH_CAFE,ORD_000373,"{'amount': '15243.00', 'merchant': 'Kaveri Coffee Roasters'}",REF_000373,orders.csv,orders:ORD_000373
54007.00,2026-01-07T05:08:00+00:00,INR,CUS_31020,2026-01-05T09:30:00+00:00,INV_000374,MCH_TRAVEL,ORD_000374,"{'amount': '54007.00', 'merchant': 'Vista Travel Desk'}",REF_000374,orders.csv,orders:ORD_000374
63301.00,2026-01-07T05:15:00+00:00,INR,CUS_40737,2026-01-05T09:30:00+00:00,INV_000375,MCH_TRAVEL,ORD_000375,"{'amount': '63301.00', 'merchant': 'Vista Travel Desk'}",REF_000375,orders.csv,orders:ORD_000375
87990.25,2026-01-07T05:22:00+00:00,INR,CUS_29548,2026-01-05T09:30:00+00:00,INV_000376,MCH_HEALTH,ORD_000376,"{'amount': '87990.25', 'merchant': 'Prana Health Online'}",REF_000376,orders.csv,orders:ORD_000376
84754.00,2026-01-07T05:31:00+00:00,INR,CUS_69867,2026-01-05T09:30:00+00:00,INV_000377,MCH_CAFE,ORD_000377,"{'amount': '84754.00', 'merchant': 'Kaveri Coffee Roasters'}",REF_000377,orders.csv,orders:ORD_000377
23198.00,2026-01-07T05:38:00+00:00,INR,CUS_48085,2026-01-05T09:30:00+00:00,INV_000378,MCH_ZERO,ORD_000378,"{'amount': '23198.00', 'merchant': 'Zero Fee Internal Rail'}",REF_000378,orders.csv,orders:ORD_000378
6314.00,2026-01-07T05:48:00+00:00,INR,CUS_28139,2026-01-05T09:30:00+00:00,INV_000379,MCH_ZERO,ORD_000379,"{'amount': '6314.00', 'merchant': 'Zero Fee Internal Rail'}",REF_000379,orders.csv,orders:ORD_000379
81801.00,2026-01-07T05:52:00+00:00,INR,CUS_22183,2026-01-05T09:30:00+00:00,INV_000380,MCH_SAAS,ORD_000380,"{'amount': '81801.00', 'merchant': 'Nila SaaS Systems'}",REF_000380,orders.csv,orders:ORD_000380
50856.75,2026-01-07T06:00:00+00:00,INR,CUS_72684,2026-01-05T09:30:00+00:00,INV_000381,MCH_CAFE,ORD_000381,"{'amount': '50856.75', 'merchant': 'Kaveri Coffee Roasters'}",REF_000381,orders.csv,orders:ORD_000381
13893.25,2026-01-07T06:07:00+00:00,INR,CUS_87430,2026-01-05T09:30:00+00:00,INV_000382,MCH_SWIFT,ORD_000382,"{'amount': '13893.25', 'merchant': 'SwiftKart Marketplace'}",REF_000382,orders.csv,orders:ORD_000382
80431.00,2026-01-07T06:16:00+00:00,INR,CUS_99714,2026-01-05T09:30:00+00:00,INV_000383,MCH_CAFE,ORD_000383,"{'amount': '80431.00', 'merchant': 'Kaveri Coffee Roasters'}",REF_000383,orders.csv,orders:ORD_000383
54207.25,2026-01-07T06:18:00+00:00,INR,CUS_16025,2026-01-05T09:30:00+00:00,INV_000384,MCH_ZERO,ORD_000384,"{'amount': '54207.25', 'merchant': 'Zero Fee Internal Rail'}",REF_000384,orders.csv,orders:ORD_000384
89157.50,2026-01-07T06:30:00+00:00,INR,CUS_85582,2026-01-05T09:30:00+00:00,INV_000385,MCH_TRAVEL,ORD_000385,"{'amount': '89157.50', 'merchant': 'Vista Travel Desk'}",REF_000385,orders.csv,orders:ORD_000385
87032.75,2026-01-07T06:35:00+00:00,INR,CUS_42581,2026-01-05T09:30:00+00:00,INV_000386,MCH_SAAS,ORD_000386,"{'amount': '87032.75', 'merchant': 'Nila SaaS Systems'}",REF_000386,orders.csv,orders:ORD_000386
80635.00,2026-01-07T06:44:00+00:00,INR,CUS_11526,2026-01-05T09:30:00+00:00,INV_000387,MCH_HEALTH,ORD_000387,"{'amount': '80635.00', 'merchant': 'Prana Health Online'}",REF_000387,orders.csv,orders:ORD_000387
10112.25,2026-01-07T06:47:00+00:00,INR,CUS_52026,2026-01-05T09:30:00+00:00,INV_000388,MCH_SWIFT,ORD_000388,"{'amount': '10112.25', 'merchant': 'SwiftKart Marketplace'}",REF_000388,orders.csv,orders:ORD_000388
29490.50,2026-01-07T06:56:00+00:00,INR,CUS_94320,2026-01-05T09:30:00+00:00,INV_000389,MCH_HEALTH,ORD_000389,"{'amount': '29490.50', 'merchant': 'Prana Health Online'}",REF_000389,orders.csv,orders:ORD_000389
58520.50,2026-01-07T07:00:00+00:00,INR,CUS_68733,2026-01-05T09:30:00+00:00,INV_000390,MCH_SAAS,ORD_000390,"{'amount': '58520.50', 'merchant': 'Nila SaaS Systems'}",REF_000390,orders.csv,orders:ORD_000390
53179.25,2026-01-07T07:18:00+00:00,INR,CUS_14696,2026-01-05T09:30:00+00:00,INV_000392,MCH_ZERO,ORD_000392,"{'amount': '53179.25', 'merchant': 'Zero Fee Internal Rail'}",REF_000392,orders.csv,orders:ORD_000392
81442.75,2026-01-07T07:25:00+00:00,INR,CUS_49924,2026-01-05T09:30:00+00:00,INV_000393,MCH_HEALTH,ORD_000393,"{'amount': '81442.75', 'merchant': 'Prana Health Online'}",REF_000393,orders.csv,orders:ORD_000393
47924.00,2026-01-07T07:31:00+00:00,INR,CUS_39218,2026-01-05T09:30:00+00:00,INV_000394,MCH_CAFE,ORD_000394,"{'amount': '47924.00', 'merchant': 'Kaveri Coffee Roasters'}",REF_000394,orders.csv,orders:ORD_000394
59614.00,2026-01-07T07:40:00+00:00,INR,CUS_22771,2026-01-05T09:30:00+00:00,INV_000395,MCH_TRAVEL,ORD_000395,"{'amount': '59614.00', 'merchant': 'Vista Travel Desk'}",REF_000395,orders.csv,orders:ORD_000395
83355.00,2026-01-07T07:46:00+00:00,INR,CUS_81786,2026-01-05T09:30:00+00:00,INV_000396,MCH_CAFE,ORD_000396,"{'amount': '83355.00', 'merchant': 'Kaveri Coffee Roasters'}",REF_000396,orders.csv,orders:ORD_000396
64842.00,2026-01-07T07:49:00+00:00,INR,CUS_63636,2026-01-05T09:30:00+00:00,INV_000397,MCH_SWIFT,ORD_000397,"{'amount': '64842.00', 'merchant': 'SwiftKart Marketplace'}",REF_000397,orders.csv,orders:ORD_000397
51797.00,2026-01-07T07:57:00+00:00,INR,CUS_69905,2026-01-05T09:30:00+00:00,INV_000398,MCH_ZERO,ORD_000398,"{'amount': '51797.00', 'merchant': 'Zero Fee Internal Rail'}",REF_000398,orders.csv,orders:ORD_000398
83300.75,2026-01-07T08:03:00+00:00,INR,CUS_87176,2026-01-05T09:30:00+00:00,INV_000399,MCH_ZERO,ORD_000399,"{'amount': '83300.75', 'merchant': 'Zero Fee Internal Rail'}",REF_000399,orders.csv,orders:ORD_000399
868.50,2026-01-07T08:14:00+00:00,INR,CUS_16366,2026-01-05T09:30:00+00:00,INV_000400,MCH_SAAS,ORD_000400,"{'amount': '868.50', 'merchant': 'Nila SaaS Systems'}",REF_000400,orders.csv,orders:ORD_000400
76132.00,2026-01-07T08:17:00+00:00,INR,CUS_26827,2026-01-05T09:30:00+00:00,INV_000401,MCH_TRAVEL,ORD_000401,"{'amount': '76132.00', 'merchant': 'Vista Travel Desk'}",REF_000401,orders.csv,orders:ORD_000401
80122.75,2026-01-07T08:26:00+00:00,INR,CUS_42537,2026-01-05T09:30:00+00:00,INV_000402,MCH_SAAS,ORD_000402,"{'amount': '80122.75', 'merchant': 'Nila SaaS Systems'}",REF_000402,orders.csv,orders:ORD_000402
17781.00,2026-01-07T08:35:00+00:00,INR,CUS_64099,2026-01-05T09:30:00+00:00,INV_000403,MCH_SAAS,ORD_000403,"{'amount': '17781.00', 'merchant': 'Nila SaaS Systems'}",REF_000403,orders.csv,orders:ORD_000403
82110.75,2026-01-07T08:50:00+00:00,INR,CUS_48086,2026-01-05T09:30:00+00:00,INV_000405,MCH_SWIFT,ORD_000405,"{'amount': '82110.75', 'merchant': 'SwiftKart Marketplace'}",REF_000405,orders.csv,orders:ORD_000405
42555.75,2026-01-07T08:54:00+00:00,INR,CUS_25126,2026-01-05T09:30:00+00:00,INV_000406,MCH_TRAVEL,ORD_000406,"{'amount': '42555.75', 'merchant': 'Vista Travel Desk'}",REF_000406,orders.csv,orders:ORD_000406
70279.00,2026-01-07T08:59:00+00:00,INR,CUS_65363,2026-01-05T09:30:00+00:00,INV_000407,MCH_TRAVEL,ORD_000407,"{'amount': '70279.00', 'merchant': 'Vista Travel Desk'}",REF_000407,orders.csv,orders:ORD_000407
19348.00,2026-01-07T09:06:00+00:00,INR,CUS_97851,2026-01-05T09:30:00+00:00,INV_000408,MCH_SAAS,ORD_000408,"{'amount': '19348.00', 'merchant': 'Nila SaaS Systems'}",REF_000408,orders.csv,orders:ORD_000408
89873.00,2026-01-07T09:13:00+00:00,INR,CUS_29192,2026-01-05T09:30:00+00:00,INV_000409,MCH_CAFE,ORD_000409,"{'amount': '89873.00', 'merchant': 'Kaveri Coffee Roasters'}",REF_000409,orders.csv,orders:ORD_000409
59622.00,2026-01-07T09:25:00+00:00,INR,CUS_90754,2026-01-05T09:30:00+00:00,INV_000410,MCH_CAFE,ORD_000410,"{'amount': '59622.00', 'merchant': 'Kaveri Coffee Roasters'}",REF_000410,orders.csv,orders:ORD_000410
67267.75,2026-01-07T09:32:00+00:00,INR,CUS_47701,2026-01-05T09:30:00+00:00,INV_000411,MCH_SWIFT,ORD_000411,"{'amount': '67267.75', 'merchant': 'SwiftKart Marketplace'}",REF_000411,orders.csv,orders:ORD_000411
72668.00,2026-01-07T09:39:00+00:00,INR,CUS_11699,2026-01-05T09:30:00+00:00,INV_000412,MCH_CAFE,ORD_000412,"{'amount': '72668.00', 'merchant': 'Kaveri Coffee Roasters'}",REF_000412,orders.csv,orders:ORD_000412
83371.75,2026-01-07T09:43:00+00:00,INR,CUS_94886,2026-01-05T09:30:00+00:00,INV_000413,MCH_SWIFT,ORD_000413,"{'amount': '83371.75', 'merchant': 'SwiftKart Marketplace'}",REF_000413,orders.csv,orders:ORD_000413
59127.00,2026-01-07T09:48:00+00:00,INR,CUS_99477,2026-01-05T09:30:00+00:00,INV_000414,MCH_CAFE,ORD_000414,"{'amount': '59127.00', 'merchant': 'Kaveri Coffee Roasters'}",REF_000414,orders.csv,orders:ORD_000414
5626.25,2026-01-07T09:59:00+00:00,INR,CUS_46583,2026-01-05T09:30:00+00:00,INV_000415,MCH_SAAS,ORD_000415,"{'amount': '5626.25', 'merchant': 'Nila SaaS Systems'}",REF_000415,orders.csv,orders:ORD_000415
33725.00,2026-01-07T10:05:00+00:00,INR,CUS_53327,2026-01-05T09:30:00+00:00,INV_000416,MCH_HEALTH,ORD_000416,"{'amount': '33725.00', 'merchant': 'Prana Health Online'}",REF_000416,orders.csv,orders:ORD_000416
78534.00,2026-01-07T10:13:00+00:00,INR,CUS_91968,2026-01-05T09:30:00+00:00,INV_000417,MCH_CAFE,ORD_000417,"{'amount': '78534.00', 'merchant': 'Kaveri Coffee Roasters'}",REF_000417,orders.csv,orders:ORD_000417
41962.50,2026-01-07T10:17:00+00:00,INR,CUS_38830,2026-01-05T09:30:00+00:00,INV_000418,MCH_ZERO,ORD_000418,"{'amount': '41962.50', 'merchant': 'Zero Fee Internal Rail'}",REF_000418,orders.csv,orders:ORD_000418
71482.50,2026-01-07T10:23:00+00:00,INR,CUS_62876,2026-01-05T09:30:00+00:00,INV_000419,MCH_SAAS,ORD_000419,"{'amount': '71482.50', 'merchant': 'Nila SaaS Systems'}",REF_000419,orders.csv,orders:ORD_000419
38779.00,2026-01-07T10:34:00+00:00,INR,CUS_91039,2026-01-05T09:30:00+00:00,INV_000420,MCH_CAFE,ORD_000420,"{'amount': '38779.00', 'merchant': 'Kaveri Coffee Roasters'}",REF_000420,orders.csv,orders:ORD_000420
45651.25,2026-01-07T10:42:00+00:00,INR,CUS_41502,2026-01-05T09:30:00+00:00,INV_000421,MCH_TRAVEL,ORD_000421,"{'amount': '45651.25', 'merchant': 'Vista Travel Desk'}",REF_000421,orders.csv,orders:ORD_000421
15160.25,2026-01-07T10:48:00+00:00,INR,CUS_43631,2026-01-05T09:30:00+00:00,INV_000422,MCH_SAAS,ORD_000422,"{'amount': '15160.25', 'merchant': 'Nila SaaS Systems'}",REF_000422,orders.csv,orders:ORD_000422
66980.25,2026-01-07T10:51:00+00:00,INR,CUS_73806,2026-01-05T09:30:00+00:00,INV_000423,MCH_HEALTH,ORD_000423,"{'amount': '66980.25', 'merchant': 'Prana Health Online'}",REF_000423,orders.csv,orders:ORD_000423
11093.00,2026-01-07T11:02:00+00:00,INR,CUS_31940,2026-01-05T09:30:00+00:00,INV_000424,MCH_HEALTH,ORD_000424,"{'amount': '11093.00', 'merchant': 'Prana Health Online'}",REF_000424,orders.csv,orders:ORD_000424
55901.00,2026-01-07T11:09:00+00:00,INR,CUS_36945,2026-01-05T09:30:00+00:00,INV_000425,MCH_TRAVEL,ORD_000425,"{'amount': '55901.00', 'merchant': 'Vista Travel Desk'}",REF_000425,orders.csv,orders:ORD_000425
60491.75,2026-01-07T11:12:00+00:00,INR,CUS_53478,2026-01-05T09:30:00+00:00,INV_000426,MCH_ZERO,ORD_000426,"{'amount': '60491.75', 'merchant': 'Zero Fee Internal Rail'}",REF_000426,orders.csv,orders:ORD_000426
33318.50,2026-01-07T11:23:00+00:00,INR,CUS_19232,2026-01-05T09:30:00+00:00,INV_000427,MCH_SWIFT,ORD_000427,"{'amount': '33318.50', 'merchant': 'SwiftKart Marketplace'}",REF_000427,orders.csv,orders:ORD_000427
59429.75,2026-01-07T11:29:00+00:00,INR,CUS_63011,2026-01-05T09:30:00+00:00,INV_000428,MCH_SAAS,ORD_000428,"{'amount': '59429.75', 'merchant': 'Nila SaaS Systems'}",REF_000428,orders.csv,orders:ORD_000428
15806.50,2026-01-07T11:38:00+00:00,INR,CUS_10773,2026-01-05T09:30:00+00:00,INV_000429,MCH_TRAVEL,ORD_000429,"{'amount': '15806.50', 'merchant': 'Vista Travel Desk'}",REF_000429,orders.csv,orders:ORD_000429
14211.00,2026-01-07T11:42:00+00:00,INR,CUS_99899,2026-01-05T09:30:00+00:00,INV_000430,MCH_HEALTH,ORD_000430,"{'amount': '14211.00', 'merchant': 'Prana Health Online'}",REF_000430,orders.csv,orders:ORD_000430
86902.00,2026-01-07T11:48:00+00:00,INR,CUS_72126,2026-01-05T09:30:00+00:00,INV_000431,MCH_SAAS,ORD_000431,"{'amount': '86902.00', 'merchant': 'Nila SaaS Systems'}",REF_000431,orders.csv,orders:ORD_000431
51548.50,2026-01-07T11:59:00+00:00,INR,CUS_48663,2026-01-05T09:30:00+00:00,INV_000432,MCH_TRAVEL,ORD_000432,"{'amount': '51548.50', 'merchant': 'Vista Travel Desk'}",REF_000432,orders.csv,orders:ORD_000432
72851.50,2026-01-07T12:01:00+00:00,INR,CUS_28530,2026-01-05T09:30:00+00:00,INV_000433,MCH_ZERO,ORD_000433,"{'amount': '72851.50', 'merchant': 'Zero Fee Internal Rail'}",REF_000433,orders.csv,orders:ORD_000433
72065.00,2026-01-07T12:09:00+00:00,INR,CUS_49936,2026-01-05T09:30:00+00:00,INV_000434,MCH_HEALTH,ORD_000434,"{'amount': '72065.00', 'merchant': 'Prana Health Online'}",REF_000434,orders.csv,orders:ORD_000434
67481.00,2026-01-07T12:16:00+00:00,INR,CUS_31096,2026-01-05T09:30:00+00:00,INV_000435,MCH_TRAVEL,ORD_000435,"{'amount': '67481.00', 'merchant': 'Vista Travel Desk'}",REF_000435,orders.csv,orders:ORD_000435
24070.75,2026-01-07T12:22:00+00:00,INR,CUS_84356,2026-01-05T09:30:00+00:00,INV_000436,MCH_ZERO,ORD_000436,"{'amount': '24070.75', 'merchant': 'Zero Fee Internal Rail'}",REF_000436,orders.csv,orders:ORD_000436
88339.00,2026-01-07T12:29:00+00:00,INR,CUS_42858,2026-01-05T09:30:00+00:00,INV_000437,MCH_CAFE,ORD_000437,"{'amount': '88339.00', 'merchant': 'Kaveri Coffee Roasters'}",REF_000437,orders.csv,orders:ORD_000437
17105.75,2026-01-07T12:37:00+00:00,INR,CUS_95914,2026-01-05T09:30:00+00:00,INV_000438,MCH_CAFE,ORD_000438,"{'amount': '17105.75', 'merchant': 'Kaveri Coffee Roasters'}",REF_000438,orders.csv,orders:ORD_000438
59367.00,2026-01-07T12:48:00+00:00,INR,CUS_90785,2026-01-05T09:30:00+00:00,INV_000439,MCH_SAAS,ORD_000439,"{'amount': '59367.00', 'merchant': 'Nila SaaS Systems'}",REF_000439,orders.csv,orders:ORD_000439
56439.00,2026-01-07T12:52:00+00:00,INR,CUS_10633,2026-01-05T09:30:00+00:00,INV_000440,MCH_CAFE,ORD_000440,"{'amount': '56439.00', 'merchant': 'Kaveri Coffee Roasters'}",REF_000440,orders.csv,orders:ORD_000440
89373.75,2026-01-07T13:00:00+00:00,INR,CUS_53458,2026-01-05T09:30:00+00:00,INV_000441,MCH_SWIFT,ORD_000441,"{'amount': '89373.75', 'merchant': 'SwiftKart Marketplace'}",REF_000441,orders.csv,orders:ORD_000441
64128.50,2026-01-07T13:05:00+00:00,INR,CUS_24264,2026-01-05T09:30:00+00:00,INV_000442,MCH_CAFE,ORD_000442,"{'amount': '64128.50', 'merchant': 'Kaveri Coffee Roasters'}",REF_000442,orders.csv,orders:ORD_000442
34802.75,2026-01-07T13:11:00+00:00,INR,CUS_92132,2026-01-05T09:30:00+00:00,INV_000443,MCH_SWIFT,ORD_000443,"{'amount': '34802.75', 'merchant': 'SwiftKart Marketplace'}",REF_000443,orders.csv,orders:ORD_000443
76177.25,2026-01-07T13:19:00+00:00,INR,CUS_87337,2026-01-05T09:30:00+00:00,INV_000444,MCH_HEALTH,ORD_000444,"{'amount': '76177.25', 'merchant': 'Prana Health Online'}",REF_000444,orders.csv,orders:ORD_000444
19781.00,2026-01-07T13:26:00+00:00,INR,CUS_61445,2026-01-05T09:30:00+00:00,INV_000445,MCH_TRAVEL,ORD_000445,"{'amount': '19781.00', 'merchant': 'Vista Travel Desk'}",REF_000445,orders.csv,orders:ORD_000445
67200.00,2026-01-07T13:34:00+00:00,INR,CUS_62007,2026-01-05T09:30:00+00:00,INV_000446,MCH_HEALTH,ORD_000446,"{'amount': '67200.00', 'merchant': 'Prana Health Online'}",REF_000446,orders.csv,orders:ORD_000446
89974.00,2026-01-07T13:40:00+00:00,INR,CUS_77388,2026-01-05T09:30:00+00:00,INV_000447,MCH_HEALTH,ORD_000447,"{'amount': '89974.00', 'merchant': 'Prana Health Online'}",REF_000447,orders.csv,orders:ORD_000447
63673.00,2026-01-07T13:47:00+00:00,INR,CUS_15297,2026-01-05T09:30:00+00:00,INV_000448,MCH_TRAVEL,ORD_000448,"{'amount': '63673.00', 'merchant': 'Vista Travel Desk'}",REF_000448,orders.csv,orders:ORD_000448
48722.00,2026-01-07T13:58:00+00:00,INR,CUS_15610,2026-01-05T09:30:00+00:00,INV_000449,MCH_CAFE,ORD_000449,"{'amount': '48722.00', 'merchant': 'Kaveri Coffee Roasters'}",REF_000449,orders.csv,orders:ORD_000449
5530.75,2026-01-07T14:00:00+00:00,INR,CUS_52476,2026-01-05T09:30:00+00:00,INV_000450,MCH_ZERO,ORD_000450,"{'amount': '5530.75', 'merchant': 'Zero Fee Internal Rail'}",REF_000450,orders.csv,orders:ORD_000450
71649.50,2026-01-07T14:10:00+00:00,INR,CUS_32786,2026-01-05T09:30:00+00:00,INV_000451,MCH_HEALTH,ORD_000451,"{'amount': '71649.50', 'merchant': 'Prana Health Online'}",REF_000451,orders.csv,orders:ORD_000451
33275.25,2026-01-07T14:18:00+00:00,INR,CUS_39215,2026-01-05T09:30:00+00:00,INV_000452,MCH_HEALTH,ORD_000452,"{'amount': '33275.25', 'merchant': 'Prana Health Online'}",REF_000452,orders.csv,orders:ORD_000452
79495.00,2026-01-07T14:22:00+00:00,INR,CUS_75776,2026-01-05T09:30:00+00:00,INV_000453,MCH_SAAS,ORD_000453,"{'amount': '79495.00', 'merchant': 'Nila SaaS Systems'}",REF_000453,orders.csv,orders:ORD_000453
67741.75,2026-01-07T14:29:00+00:00,INR,CUS_46806,2026-01-05T09:30:00+00:00,INV_000454,MCH_ZERO,ORD_000454,"{'amount': '67741.75', 'merchant': 'Zero Fee Internal Rail'}",REF_000454,orders.csv,orders:ORD_000454
79208.75,2026-01-07T14:40:00+00:00,INR,CUS_25509,2026-01-05T09:30:00+00:00,INV_000455,MCH_CAFE,ORD_000455,"{'amount': '79208.75', 'merchant': 'Kaveri Coffee Roasters'}",REF_000455,orders.csv,orders:ORD_000455
15155.25,2026-01-07T14:45:00+00:00,INR,CUS_98503,2026-01-05T09:30:00+00:00,INV_000456,MCH_TRAVEL,ORD_000456,"{'amount': '15155.25', 'merchant': 'Vista Travel Desk'}",REF_000456,orders.csv,orders:ORD_000456
54157.00,2026-01-07T14:49:00+00:00,INR,CUS_41938,2026-01-05T09:30:00+00:00,INV_000457,MCH_TRAVEL,ORD_000457,"{'amount': '54157.00', 'merchant': 'Vista Travel Desk'}",REF_000457,orders.csv,orders:ORD_000457
19549.00,2026-01-07T14:58:00+00:00,INR,CUS_31802,2026-01-05T09:30:00+00:00,INV_000458,MCH_HEALTH,ORD_000458,"{'amount': '19549.00', 'merchant': 'Prana Health Online'}",REF_000458,orders.csv,orders:ORD_000458
87036.00,2026-01-07T15:04:00+00:00,INR,CUS_21239,2026-01-05T09:30:00+00:00,INV_000459,MCH_TRAVEL,ORD_000459,"{'amount': '87036.00', 'merchant': 'Vista Travel Desk'}",REF_000459,orders.csv,orders:ORD_000459
29052.25,2026-01-07T15:11:00+00:00,INR,CUS_88753,2026-01-05T09:30:00+00:00,INV_000460,MCH_SWIFT,ORD_000460,"{'amount': '29052.25', 'merchant': 'SwiftKart Marketplace'}",REF_000460,orders.csv,orders:ORD_000460
45214.25,2026-01-07T15:21:00+00:00,INR,CUS_88188,2026-01-05T09:30:00+00:00,INV_000461,MCH_TRAVEL,ORD_000461,"{'amount': '45214.25', 'merchant': 'Vista Travel Desk'}",REF_000461,orders.csv,orders:ORD_000461
17629.00,2026-01-07T15:25:00+00:00,INR,CUS_12170,2026-01-05T09:30:00+00:00,INV_000462,MCH_SAAS,ORD_000462,"{'amount': '17629.00', 'merchant': 'Nila SaaS Systems'}",REF_000462,orders.csv,orders:ORD_000462
12922.00,2026-01-07T15:35:00+00:00,INR,CUS_72373,2026-01-05T09:30:00+00:00,INV_000463,MCH_HEALTH,ORD_000463,"{'amount': '12922.00', 'merchant': 'Prana Health Online'}",REF_000463,orders.csv,orders:ORD_000463
86727.00,2026-01-07T15:42:00+00:00,INR,CUS_89098,2026-01-05T09:30:00+00:00,INV_000464,MCH_SAAS,ORD_000464,"{'amount': '86727.00', 'merchant': 'Nila SaaS Systems'}",REF_000464,orders.csv,orders:ORD_000464
5993.75,2026-01-07T15:48:00+00:00,INR,CUS_79444,2026-01-05T09:30:00+00:00,INV_000465,MCH_CAFE,ORD_000465,"{'amount': '5993.75', 'merchant': 'Kaveri Coffee Roasters'}",REF_000465,orders.csv,orders:ORD_000465
77507.75,2026-01-07T15:52:00+00:00,INR,CUS_85513,2026-01-05T09:30:00+00:00,INV_000466,MCH_CAFE,ORD_000466,"{'amount': '77507.75', 'merchant': 'Kaveri Coffee Roasters'}",REF_000466,orders.csv,orders:ORD_000466
30775.00,2026-01-07T16:03:00+00:00,INR,CUS_47128,2026-01-05T09:30:00+00:00,INV_000467,MCH_SAAS,ORD_000467,"{'amount': '30775.00', 'merchant': 'Nila SaaS Systems'}",REF_000467,orders.csv,orders:ORD_000467
1016.75,2026-01-07T16:10:00+00:00,INR,CUS_10932,2026-01-05T09:30:00+00:00,INV_000468,MCH_SWIFT,ORD_000468,"{'amount': '1016.75', 'merchant': 'SwiftKart Marketplace'}",REF_000468,orders.csv,orders:ORD_000468
41705.25,2026-01-07T16:13:00+00:00,INR,CUS_57483,2026-01-05T09:30:00+00:00,INV_000469,MCH_TRAVEL,ORD_000469,"{'amount': '41705.25', 'merchant': 'Vista Travel Desk'}",REF_000469,orders.csv,orders:ORD_000469
55817.50,2026-01-07T16:24:00+00:00,INR,CUS_57925,2026-01-05T09:30:00+00:00,INV_000470,MCH_HEALTH,ORD_000470,"{'amount': '55817.50', 'merchant': 'Prana Health Online'}",REF_000470,orders.csv,orders:ORD_000470
72665.50,2026-01-07T16:28:00+00:00,INR,CUS_73238,2026-01-05T09:30:00+00:00,INV_000471,MCH_SAAS,ORD_000471,"{'amount': '72665.50', 'merchant': 'Nila SaaS Systems'}",REF_000471,orders.csv,orders:ORD_000471
76013.00,2026-01-07T16:39:00+00:00,INR,CUS_62183,2026-01-05T09:30:00+00:00,INV_000472,MCH_CAFE,ORD_000472,"{'amount': '76013.00', 'merchant': 'Kaveri Coffee Roasters'}",REF_000472,orders.csv,orders:ORD_000472
21506.00,2026-01-07T16:45:00+00:00,INR,CUS_38109,2026-01-05T09:30:00+00:00,INV_000473,MCH_SAAS,ORD_000473,"{'amount': '21506.00', 'merchant': 'Nila SaaS Systems'}",REF_000473,orders.csv,orders:ORD_000473
51300.75,2026-01-07T16:48:00+00:00,INR,CUS_10693,2026-01-05T09:30:00+00:00,INV_000474,MCH_SWIFT,ORD_000474,"{'amount': '51300.75', 'merchant': 'SwiftKart Marketplace'}",REF_000474,orders.csv,orders:ORD_000474
8699.00,2026-01-07T16:57:00+00:00,INR,CUS_39067,2026-01-05T09:30:00+00:00,INV_000475,MCH_ZERO,ORD_000475,"{'amount': '8699.00', 'merchant': 'Zero Fee Internal Rail'}",REF_000475,orders.csv,orders:ORD_000475
84224.25,2026-01-07T17:09:00+00:00,INR,CUS_67536,2026-01-05T09:30:00+00:00,INV_000477,MCH_SWIFT,ORD_000477,"{'amount': '84224.25', 'merchant': 'SwiftKart Marketplace'}",REF_000477,orders.csv,orders:ORD_000477
78879.50,2026-01-07T17:21:00+00:00,INR,CUS_77608,2026-01-05T09:30:00+00:00,INV_000478,MCH_ZERO,ORD_000478,"{'amount': '78879.50', 'merchant': 'Zero Fee Internal Rail'}",REF_000478,orders.csv,orders:ORD_000478
337.00,2026-01-07T17:25:00+00:00,INR,CUS_21382,2026-01-05T09:30:00+00:00,INV_000479,MCH_TRAVEL,ORD_000479,"{'amount': '337.00', 'merchant': 'Vista Travel Desk'}",REF_000479,orders.csv,orders:ORD_000479
2314.75,2026-01-07T17:30:00+00:00,INR,CUS_18993,2026-01-05T09:30:00+00:00,INV_000480,MCH_HEALTH,ORD_000480,"{'amount': '2314.75', 'merchant': 'Prana Health Online'}",REF_000480,orders.csv,orders:ORD_000480
36542.00,2026-01-07T17:38:00+00:00,INR,CUS_89477,2026-01-05T09:30:00+00:00,INV_000481,MCH_CAFE,ORD_000481,"{'amount': '36542.00', 'merchant': 'Kaveri Coffee Roasters'}",REF_000481,orders.csv,orders:ORD_000481
23242.25,2026-01-07T17:44:00+00:00,INR,CUS_76353,2026-01-05T09:30:00+00:00,INV_000482,MCH_CAFE,ORD_000482,"{'amount': '23242.25', 'merchant': 'Kaveri Coffee Roasters'}",REF_000482,orders.csv,orders:ORD_000482
15636.50,2026-01-07T17:55:00+00:00,INR,CUS_43776,2026-01-05T09:30:00+00:00,INV_000483,MCH_CAFE,ORD_000483,"{'amount': '15636.50', 'merchant': 'Kaveri Coffee Roasters'}",REF_000483,orders.csv,orders:ORD_000483
63690.00,2026-01-07T18:01:00+00:00,INR,CUS_54520,2026-01-05T09:30:00+00:00,INV_000484,MCH_HEALTH,ORD_000484,"{'amount': '63690.00', 'merchant': 'Prana Health Online'}",REF_000484,orders.csv,orders:ORD_000484
83355.00,2026-01-07T18:10:00+00:00,INR,CUS_98724,2026-01-05T09:30:00+00:00,INV_000485,MCH_SAAS,ORD_000485,"{'amount': '83355.00', 'merchant': 'Nila SaaS Systems'}",REF_000485,orders.csv,orders:ORD_000485
1574.75,2026-01-07T18:13:00+00:00,INR,CUS_44517,2026-01-05T09:30:00+00:00,INV_000486,MCH_HEALTH,ORD_000486,"{'amount': '1574.75', 'merchant': 'Prana Health Online'}",REF_000486,orders.csv,orders:ORD_000486
45125.00,2026-01-07T18:20:00+00:00,INR,CUS_82686,2026-01-05T09:30:00+00:00,INV_000487,MCH_TRAVEL,ORD_000487,"{'amount': '45125.00', 'merchant': 'Vista Travel Desk'}",REF_000487,orders.csv,orders:ORD_000487
75497.00,2026-01-07T18:31:00+00:00,INR,CUS_33957,2026-01-05T09:30:00+00:00,INV_000488,MCH_SWIFT,ORD_000488,"{'amount': '75497.00', 'merchant': 'SwiftKart Marketplace'}",REF_000488,orders.csv,orders:ORD_000488
27402.00,2026-01-07T18:34:00+00:00,INR,CUS_36577,2026-01-05T09:30:00+00:00,INV_000489,MCH_CAFE,ORD_000489,"{'amount': '27402.00', 'merchant': 'Kaveri Coffee Roasters'}",REF_000489,orders.csv,orders:ORD_000489
10587.75,2026-01-07T18:43:00+00:00,INR,CUS_96956,2026-01-05T09:30:00+00:00,INV_000490,MCH_ZERO,ORD_000490,"{'amount': '10587.75', 'merchant': 'Zero Fee Internal Rail'}",REF_000490,orders.csv,orders:ORD_000490
81652.00,2026-01-07T18:51:00+00:00,INR,CUS_74532,2026-01-05T09:30:00+00:00,INV_000491,MCH_CAFE,ORD_000491,"{'amount': '81652.00', 'merchant': 'Kaveri Coffee Roasters'}",REF_000491,orders.csv,orders:ORD_000491
37035.25,2026-01-07T18:58:00+00:00,INR,CUS_39110,2026-01-05T09:30:00+00:00,INV_000492,MCH_HEALTH,ORD_000492,"{'amount': '37035.25', 'merchant': 'Prana Health Online'}",REF_000492,orders.csv,orders:ORD_000492
71179.00,2026-01-07T19:03:00+00:00,INR,CUS_75860,2026-01-05T09:30:00+00:00,INV_000493,MCH_SAAS,ORD_000493,"{'amount': '71179.00', 'merchant': 'Nila SaaS Systems'}",REF_000493,orders.csv,orders:ORD_000493
68222.25,2026-01-07T19:13:00+00:00,INR,CUS_51373,2026-01-05T09:30:00+00:00,INV_000494,MCH_ZERO,ORD_000494,"{'amount': '68222.25', 'merchant': 'Zero Fee Internal Rail'}",REF_000494,orders.csv,orders:ORD_000494
76453.00,2026-01-07T19:17:00+00:00,INR,CUS_52655,2026-01-05T09:30:00+00:00,INV_000495,MCH_SAAS,ORD_000495,"{'amount': '76453.00', 'merchant': 'Nila SaaS Systems'}",REF_000495,orders.csv,orders:ORD_000495
35611.25,2026-01-07T19:24:00+00:00,INR,CUS_90358,2026-01-05T09:30:00+00:00,INV_000496,MCH_SWIFT,ORD_000496,"{'amount': '35611.25', 'merchant': 'SwiftKart Marketplace'}",REF_000496,orders.csv,orders:ORD_000496
27894.25,2026-01-07T19:31:00+00:00,INR,CUS_58799,2026-01-05T09:30:00+00:00,INV_000497,MCH_SAAS,ORD_000497,"{'amount': '27894.25', 'merchant': 'Nila SaaS Systems'}",REF_000497,orders.csv,orders:ORD_000497
75195.00,2026-01-07T19:41:00+00:00,INR,CUS_85483,2026-01-05T09:30:00+00:00,INV_000498,MCH_SWIFT,ORD_000498,"{'amount': '75195.00', 'merchant': 'SwiftKart Marketplace'}",REF_000498,orders.csv,orders:ORD_000498
73089.25,2026-01-07T19:44:00+00:00,INR,CUS_59923,2026-01-05T09:30:00+00:00,INV_000499,MCH_SWIFT,ORD_000499,"{'amount': '73089.25', 'merchant': 'SwiftKart Marketplace'}",REF_000499,orders.csv,orders:ORD_000499
23448.25,2026-01-07T19:51:00+00:00,INR,CUS_75483,2026-01-05T09:30:00+00:00,INV_000500,MCH_ZERO,ORD_000500,"{'amount': '23448.25', 'merchant': 'Zero Fee Internal Rail'}",REF_000500,orders.csv,orders:ORD_000500
33195.50,2026-01-07T19:57:00+00:00,INR,CUS_84427,2026-01-05T09:30:00+00:00,INV_000501,MCH_CAFE,ORD_000501,"{'amount': '33195.50', 'merchant': 'Kaveri Coffee Roasters'}",REF_000501,orders.csv,orders:ORD_000501
28541.00,2026-01-07T20:09:00+00:00,INR,CUS_72460,2026-01-05T09:30:00+00:00,INV_000502,MCH_ZERO,ORD_000502,"{'amount': '28541.00', 'merchant': 'Zero Fee Internal Rail'}",REF_000502,orders.csv,orders:ORD_000502
47612.00,2026-01-07T20:15:00+00:00,INR,CUS_83446,2026-01-05T09:30:00+00:00,INV_000503,MCH_CAFE,ORD_000503,"{'amount': '47612.00', 'merchant': 'Kaveri Coffee Roasters'}",REF_000503,orders.csv,orders:ORD_000503
16190.00,2026-01-07T20:22:00+00:00,INR,CUS_99074,2026-01-05T09:30:00+00:00,INV_000504,MCH_SAAS,ORD_000504,"{'amount': '16190.00', 'merchant': 'Nila SaaS Systems'}",REF_000504,orders.csv,orders:ORD_000504
42910.75,2026-01-07T20:28:00+00:00,INR,CUS_76904,2026-01-05T09:30:00+00:00,INV_000505,MCH_CAFE,ORD_000505,"{'amount': '42910.75', 'merchant': 'Kaveri Coffee Roasters'}",REF_000505,orders.csv,orders:ORD_000505
37855.25,2026-01-07T20:33:00+00:00,INR,CUS_92799,2026-01-05T09:30:00+00:00,INV_000506,MCH_HEALTH,ORD_000506,"{'amount': '37855.25', 'merchant': 'Prana Health Online'}",REF_000506,orders.csv,orders:ORD_000506
80556.50,2026-01-07T20:39:00+00:00,INR,CUS_63054,2026-01-05T09:30:00+00:00,INV_000507,MCH_TRAVEL,ORD_000507,"{'amount': '80556.50', 'merchant': 'Vista Travel Desk'}",REF_000507,orders.csv,orders:ORD_000507
41388.00,2026-01-07T20:48:00+00:00,INR,CUS_95591,2026-01-05T09:30:00+00:00,INV_000508,MCH_SWIFT,ORD_000508,"{'amount': '41388.00', 'merchant': 'SwiftKart Marketplace'}",REF_000508,orders.csv,orders:ORD_000508
47900.75,2026-01-07T20:57:00+00:00,INR,CUS_86928,2026-01-05T09:30:00+00:00,INV_000509,MCH_SAAS,ORD_000509,"{'amount': '47900.75', 'merchant': 'Nila SaaS Systems'}",REF_000509,orders.csv,orders:ORD_000509
3327.00,2026-01-07T21:05:00+00:00,INR,CUS_40753,2026-01-05T09:30:00+00:00,INV_000510,MCH_SWIFT,ORD_000510,"{'amount': '3327.00', 'merchant': 'SwiftKart Marketplace'}",REF_000510,orders.csv,orders:ORD_000510
52341.00,2026-01-07T21:07:00+00:00,INR,CUS_22524,2026-01-05T09:30:00+00:00,INV_000511,MCH_SWIFT,ORD_000511,"{'amount': '52341.00', 'merchant': 'SwiftKart Marketplace'}",REF_000511,orders.csv,orders:ORD_000511
68979.00,2026-01-07T21:16:00+00:00,INR,CUS_23622,2026-01-05T09:30:00+00:00,INV_000512,MCH_SAAS,ORD_000512,"{'amount': '68979.00', 'merchant': 'Nila SaaS Systems'}",REF_000512,orders.csv,orders:ORD_000512
30362.00,2026-01-07T21:24:00+00:00,INR,CUS_47247,2026-01-05T09:30:00+00:00,INV_000513,MCH_CAFE,ORD_000513,"{'amount': '30362.00', 'merchant': 'Kaveri Coffee Roasters'}",REF_000513,orders.csv,orders:ORD_000513
87272.00,2026-01-07T21:31:00+00:00,INR,CUS_52624,2026-01-05T09:30:00+00:00,INV_000514,MCH_ZERO,ORD_000514,"{'amount': '87272.00', 'merchant': 'Zero Fee Internal Rail'}",REF_000514,orders.csv,orders:ORD_000514
70985.00,2026-01-07T21:39:00+00:00,INR,CUS_87441,2026-01-05T09:30:00+00:00,INV_000515,MCH_SWIFT,ORD_000515,"{'amount': '70985.00', 'merchant': 'SwiftKart Marketplace'}",REF_000515,orders.csv,orders:ORD_000515
63431.50,2026-01-07T21:42:00+00:00,INR,CUS_39770,2026-01-05T09:30:00+00:00,INV_000516,MCH_CAFE,ORD_000516,"{'amount': '63431.50', 'merchant': 'Kaveri Coffee Roasters'}",REF_000516,orders.csv,orders:ORD_000516
1683.00,2026-01-07T21:50:00+00:00,INR,CUS_78592,2026-01-05T09:30:00+00:00,INV_000517,MCH_CAFE,ORD_000517,"{'amount': '1683.00', 'merchant': 'Kaveri Coffee Roasters'}",REF_000517,orders.csv,orders:ORD_000517
1390.75,2026-01-07T21:59:00+00:00,INR,CUS_74478,2026-01-05T09:30:00+00:00,INV_000518,MCH_HEALTH,ORD_000518,"{'amount': '1390.75', 'merchant': 'Prana Health Online'}",REF_000518,orders.csv,orders:ORD_000518
78550.00,2026-01-07T22:07:00+00:00,INR,CUS_10946,2026-01-05T09:30:00+00:00,INV_000519,MCH_CAFE,ORD_000519,"{'amount': '78550.00', 'merchant': 'Kaveri Coffee Roasters'}",REF_000519,orders.csv,orders:ORD_000519
57592.25,2026-01-07T22:11:00+00:00,INR,CUS_42754,2026-01-05T09:30:00+00:00,INV_000520,MCH_HEALTH,ORD_000520,"{'amount': '57592.25', 'merchant': 'Prana Health Online'}",REF_000520,orders.csv,orders:ORD_000520
10682.25,2026-01-07T22:18:00+00:00,INR,CUS_91962,2026-01-05T09:30:00+00:00,INV_000521,MCH_CAFE,ORD_000521,"{'amount': '10682.25', 'merchant': 'Kaveri Coffee Roasters'}",REF_000521,orders.csv,orders:ORD_000521
35535.25,2026-01-07T22:24:00+00:00,INR,CUS_34641,2026-01-05T09:30:00+00:00,INV_000522,MCH_HEALTH,ORD_000522,"{'amount': '35535.25', 'merchant': 'Prana Health Online'}",REF_000522,orders.csv,orders:ORD_000522
83778.25,2026-01-07T22:34:00+00:00,INR,CUS_90967,2026-01-05T09:30:00+00:00,INV_000523,MCH_ZERO,ORD_000523,"{'amount': '83778.25', 'merchant': 'Zero Fee Internal Rail'}",REF_000523,orders.csv,orders:ORD_000523
2842.00,2026-01-07T22:42:00+00:00,INR,CUS_16505,2026-01-05T09:30:00+00:00,INV_000524,MCH_CAFE,ORD_000524,"{'amount': '2842.00', 'merchant': 'Kaveri Coffee Roasters'}",REF_000524,orders.csv,orders:ORD_000524
57764.75,2026-01-07T22:46:00+00:00,INR,CUS_11075,2026-01-05T09:30:00+00:00,INV_000525,MCH_TRAVEL,ORD_000525,"{'amount': '57764.75', 'merchant': 'Vista Travel Desk'}",REF_000525,orders.csv,orders:ORD_000525
28767.00,2026-01-07T22:54:00+00:00,INR,CUS_65082,2026-01-05T09:30:00+00:00,INV_000526,MCH_SAAS,ORD_000526,"{'amount': '28767.00', 'merchant': 'Nila SaaS Systems'}",REF_000526,orders.csv,orders:ORD_000526
10815.00,2026-01-07T23:01:00+00:00,INR,CUS_17345,2026-01-05T09:30:00+00:00,INV_000527,MCH_CAFE,ORD_000527,"{'amount': '10815.00', 'merchant': 'Kaveri Coffee Roasters'}",REF_000527,orders.csv,orders:ORD_000527
25491.00,2026-01-07T23:06:00+00:00,INR,CUS_60014,2026-01-05T09:30:00+00:00,INV_000528,MCH_SWIFT,ORD_000528,"{'amount': '25491.00', 'merchant': 'SwiftKart Marketplace'}",REF_000528,orders.csv,orders:ORD_000528
32696.75,2026-01-07T23:14:00+00:00,INR,CUS_14392,2026-01-05T09:30:00+00:00,INV_000529,MCH_SAAS,ORD_000529,"{'amount': '32696.75', 'merchant': 'Nila SaaS Systems'}",REF_000529,orders.csv,orders:ORD_000529
51303.75,2026-01-07T23:22:00+00:00,INR,CUS_50908,2026-01-05T09:30:00+00:00,INV_000530,MCH_SAAS,ORD_000530,"{'amount': '51303.75', 'merchant': 'Nila SaaS Systems'}",REF_000530,orders.csv,orders:ORD_000530
63375.75,2026-01-07T23:28:00+00:00,INR,CUS_49166,2026-01-05T09:30:00+00:00,INV_000531,MCH_CAFE,ORD_000531,"{'amount': '63375.75', 'merchant': 'Kaveri Coffee Roasters'}",REF_000531,orders.csv,orders:ORD_000531
31228.75,2026-01-07T23:36:00+00:00,INR,CUS_66906,2026-01-05T09:30:00+00:00,INV_000532,MCH_ZERO,ORD_000532,"{'amount': '31228.75', 'merchant': 'Zero Fee Internal Rail'}",REF_000532,orders.csv,orders:ORD_000532
15982.25,2026-01-07T23:41:00+00:00,INR,CUS_41862,2026-01-05T09:30:00+00:00,INV_000533,MCH_HEALTH,ORD_000533,"{'amount': '15982.25', 'merchant': 'Prana Health Online'}",REF_000533,orders.csv,orders:ORD_000533
12028.00,2026-01-07T23:51:00+00:00,INR,CUS_30669,2026-01-05T09:30:00+00:00,INV_000534,MCH_CAFE,ORD_000534,"{'amount': '12028.00', 'merchant': 'Kaveri Coffee Roasters'}",REF_000534,orders.csv,orders:ORD_000534
46898.75,2026-01-08T00:00:00+00:00,INR,CUS_30174,2026-01-05T09:30:00+00:00,INV_000535,MCH_ZERO,ORD_000535,"{'amount': '46898.75', 'merchant': 'Zero Fee Internal Rail'}",REF_000535,orders.csv,orders:ORD_000535
84795.00,2026-01-08T00:07:00+00:00,INR,CUS_67503,2026-01-05T09:30:00+00:00,INV_000536,MCH_HEALTH,ORD_000536,"{'amount': '84795.00', 'merchant': 'Prana Health Online'}",REF_000536,orders.csv,orders:ORD_000536
5475.25,2026-01-08T00:13:00+00:00,INR,CUS_67344,2026-01-05T09:30:00+00:00,INV_000537,MCH_CAFE,ORD_000537,"{'amount': '5475.25', 'merchant': 'Kaveri Coffee Roasters'}",REF_000537,orders.csv,orders:ORD_000537
24761.50,2026-01-08T00:18:00+00:00,INR,CUS_55569,2026-01-05T09:30:00+00:00,INV_000538,MCH_HEALTH,ORD_000538,"{'amount': '24761.50', 'merchant': 'Prana Health Online'}",REF_000538,orders.csv,orders:ORD_000538
69917.00,2026-01-08T00:25:00+00:00,INR,CUS_68901,2026-01-05T09:30:00+00:00,INV_000539,MCH_ZERO,ORD_000539,"{'amount': '69917.00', 'merchant': 'Zero Fee Internal Rail'}",REF_000539,orders.csv,orders:ORD_000539
24618.00,2026-01-08T00:32:00+00:00,INR,CUS_91229,2026-01-05T09:30:00+00:00,INV_000540,MCH_TRAVEL,ORD_000540,"{'amount': '24618.00', 'merchant': 'Vista Travel Desk'}",REF_000540,orders.csv,orders:ORD_000540
70942.25,2026-01-08T00:41:00+00:00,INR,CUS_34886,2026-01-05T09:30:00+00:00,INV_000541,MCH_TRAVEL,ORD_000541,"{'amount': '70942.25', 'merchant': 'Vista Travel Desk'}",REF_000541,orders.csv,orders:ORD_000541
14778.00,2026-01-08T00:49:00+00:00,INR,CUS_78576,2026-01-05T09:30:00+00:00,INV_000542,MCH_CAFE,ORD_000542,"{'amount': '14778.00', 'merchant': 'Kaveri Coffee Roasters'}",REF_000542,orders.csv,orders:ORD_000542
4399.00,2026-01-08T00:54:00+00:00,INR,CUS_24031,2026-01-05T09:30:00+00:00,INV_000543,MCH_SWIFT,ORD_000543,"{'amount': '4399.00', 'merchant': 'SwiftKart Marketplace'}",REF_000543,orders.csv,orders:ORD_000543
84415.25,2026-01-08T01:01:00+00:00,INR,CUS_96235,2026-01-05T09:30:00+00:00,INV_000544,MCH_HEALTH,ORD_000544,"{'amount': '84415.25', 'merchant': 'Prana Health Online'}",REF_000544,orders.csv,orders:ORD_000544
29230.50,2026-01-08T01:05:00+00:00,INR,CUS_19289,2026-01-05T09:30:00+00:00,INV_000545,MCH_CAFE,ORD_000545,"{'amount': '29230.50', 'merchant': 'Kaveri Coffee Roasters'}",REF_000545,orders.csv,orders:ORD_000545
84044.00,2026-01-08T01:16:00+00:00,INR,CUS_57307,2026-01-05T09:30:00+00:00,INV_000546,MCH_SAAS,ORD_000546,"{'amount': '84044.00', 'merchant': 'Nila SaaS Systems'}",REF_000546,orders.csv,orders:ORD_000546
35140.50,2026-01-08T01:24:00+00:00,INR,CUS_15328,2026-01-05T09:30:00+00:00,INV_000547,MCH_HEALTH,ORD_000547,"{'amount': '35140.50', 'merchant': 'Prana Health Online'}",REF_000547,orders.csv,orders:ORD_000547
68389.00,2026-01-08T01:31:00+00:00,INR,CUS_23267,2026-01-05T09:30:00+00:00,INV_000548,MCH_SWIFT,ORD_000548,"{'amount': '68389.00', 'merchant': 'SwiftKart Marketplace'}",REF_000548,orders.csv,orders:ORD_000548
69269.75,2026-01-08T01:37:00+00:00,INR,CUS_42605,2026-01-05T09:30:00+00:00,INV_000549,MCH_SWIFT,ORD_000549,"{'amount': '69269.75', 'merchant': 'SwiftKart Marketplace'}",REF_000549,orders.csv,orders:ORD_000549
60425.75,2026-01-08T01:43:00+00:00,INR,CUS_97194,2026-01-05T09:30:00+00:00,INV_000550,MCH_TRAVEL,ORD_000550,"{'amount': '60425.75', 'merchant': 'Vista Travel Desk'}",REF_000550,orders.csv,orders:ORD_000550
52932.50,2026-01-08T01:52:00+00:00,INR,CUS_54238,2026-01-05T09:30:00+00:00,INV_000551,MCH_HEALTH,ORD_000551,"{'amount': '52932.50', 'merchant': 'Prana Health Online'}",REF_000551,orders.csv,orders:ORD_000551
54346.75,2026-01-08T01:59:00+00:00,INR,CUS_66438,2026-01-05T09:30:00+00:00,INV_000552,MCH_CAFE,ORD_000552,"{'amount': '54346.75', 'merchant': 'Kaveri Coffee Roasters'}",REF_000552,orders.csv,orders:ORD_000552
72420.75,2026-01-08T02:03:00+00:00,INR,CUS_43303,2026-01-05T09:30:00+00:00,INV_000553,MCH_SAAS,ORD_000553,"{'amount': '72420.75', 'merchant': 'Nila SaaS Systems'}",REF_000553,orders.csv,orders:ORD_000553
4843.00,2026-01-08T02:08:00+00:00,INR,CUS_88087,2026-01-05T09:30:00+00:00,INV_000554,MCH_ZERO,ORD_000554,"{'amount': '4843.00', 'merchant': 'Zero Fee Internal Rail'}",REF_000554,orders.csv,orders:ORD_000554
29383.00,2026-01-08T02:15:00+00:00,INR,CUS_51275,2026-01-05T09:30:00+00:00,INV_000555,MCH_CAFE,ORD_000555,"{'amount': '29383.00', 'merchant': 'Kaveri Coffee Roasters'}",REF_000555,orders.csv,orders:ORD_000555
18441.00,2026-01-08T02:26:00+00:00,INR,CUS_58114,2026-01-05T09:30:00+00:00,INV_000556,MCH_SWIFT,ORD_000556,"{'amount': '18441.00', 'merchant': 'SwiftKart Marketplace'}",REF_000556,orders.csv,orders:ORD_000556
12346.50,2026-01-08T02:33:00+00:00,INR,CUS_62402,2026-01-05T09:30:00+00:00,INV_000557,MCH_CAFE,ORD_000557,"{'amount': '12346.50', 'merchant': 'Kaveri Coffee Roasters'}",REF_000557,orders.csv,orders:ORD_000557
22962.25,2026-01-08T02:36:00+00:00,INR,CUS_85527,2026-01-05T09:30:00+00:00,INV_000558,MCH_SAAS,ORD_000558,"{'amount': '22962.25', 'merchant': 'Nila SaaS Systems'}",REF_000558,orders.csv,orders:ORD_000558
44129.00,2026-01-08T02:46:00+00:00,INR,CUS_66925,2026-01-05T09:30:00+00:00,INV_000559,MCH_ZERO,ORD_000559,"{'amount': '44129.00', 'merchant': 'Zero Fee Internal Rail'}",REF_000559,orders.csv,orders:ORD_000559
7394.00,2026-01-08T02:50:00+00:00,INR,CUS_78731,2026-01-05T09:30:00+00:00,INV_000560,MCH_SAAS,ORD_000560,"{'amount': '7394.00', 'merchant': 'Nila SaaS Systems'}",REF_000560,orders.csv,orders:ORD_000560
29240.00,2026-01-08T03:02:00+00:00,INR,CUS_16621,2026-01-05T09:30:00+00:00,INV_000561,MCH_HEALTH,ORD_000561,"{'amount': '29240.00', 'merchant': 'Prana Health Online'}",REF_000561,orders.csv,orders:ORD_000561
56914.00,2026-01-08T03:05:00+00:00,INR,CUS_61684,2026-01-05T09:30:00+00:00,INV_000562,MCH_SWIFT,ORD_000562,"{'amount': '56914.00', 'merchant': 'SwiftKart Marketplace'}",REF_000562,orders.csv,orders:ORD_000562
75199.75,2026-01-08T03:15:00+00:00,INR,CUS_16463,2026-01-05T09:30:00+00:00,INV_000563,MCH_SAAS,ORD_000563,"{'amount': '75199.75', 'merchant': 'Nila SaaS Systems'}",REF_000563,orders.csv,orders:ORD_000563
66074.25,2026-01-08T03:19:00+00:00,INR,CUS_27088,2026-01-05T09:30:00+00:00,INV_000564,MCH_SAAS,ORD_000564,"{'amount': '66074.25', 'merchant': 'Nila SaaS Systems'}",REF_000564,orders.csv,orders:ORD_000564
85791.50,2026-01-08T03:29:00+00:00,INR,CUS_35703,2026-01-05T09:30:00+00:00,INV_000565,MCH_SAAS,ORD_000565,"{'amount': '85791.50', 'merchant': 'Nila SaaS Systems'}",REF_000565,orders.csv,orders:ORD_000565
42690.75,2026-01-08T03:32:00+00:00,INR,CUS_85499,2026-01-05T09:30:00+00:00,INV_000566,MCH_SAAS,ORD_000566,"{'amount': '42690.75', 'merchant': 'Nila SaaS Systems'}",REF_000566,orders.csv,orders:ORD_000566
45457.50,2026-01-08T03:39:00+00:00,INR,CUS_95905,2026-01-05T09:30:00+00:00,INV_000567,MCH_CAFE,ORD_000567,"{'amount': '45457.50', 'merchant': 'Kaveri Coffee Roasters'}",REF_000567,orders.csv,orders:ORD_000567
58261.50,2026-01-08T03:49:00+00:00,INR,CUS_29112,2026-01-05T09:30:00+00:00,INV_000568,MCH_HEALTH,ORD_000568,"{'amount': '58261.50', 'merchant': 'Prana Health Online'}",REF_000568,orders.csv,orders:ORD_000568
49297.00,2026-01-08T03:53:00+00:00,INR,CUS_21247,2026-01-05T09:30:00+00:00,INV_000569,MCH_TRAVEL,ORD_000569,"{'amount': '49297.00', 'merchant': 'Vista Travel Desk'}",REF_000569,orders.csv,orders:ORD_000569
2100.00,2026-01-08T04:02:00+00:00,INR,CUS_24585,2026-01-05T09:30:00+00:00,INV_000570,MCH_CAFE,ORD_000570,"{'amount': '2100.00', 'merchant': 'Kaveri Coffee Roasters'}",REF_000570,orders.csv,orders:ORD_000570
28070.00,2026-01-08T04:11:00+00:00,INR,CUS_81620,2026-01-05T09:30:00+00:00,INV_000571,MCH_HEALTH,ORD_000571,"{'amount': '28070.00', 'merchant': 'Prana Health Online'}",REF_000571,orders.csv,orders:ORD_000571
76715.75,2026-01-08T04:14:00+00:00,INR,CUS_79048,2026-01-05T09:30:00+00:00,INV_000572,MCH_SAAS,ORD_000572,"{'amount': '76715.75', 'merchant': 'Nila SaaS Systems'}",REF_000572,orders.csv,orders:ORD_000572
26605.75,2026-01-08T04:23:00+00:00,INR,CUS_90997,2026-01-05T09:30:00+00:00,INV_000573,MCH_CAFE,ORD_000573,"{'amount': '26605.75', 'merchant': 'Kaveri Coffee Roasters'}",REF_000573,orders.csv,orders:ORD_000573
86856.00,2026-01-08T04:33:00+00:00,INR,CUS_96898,2026-01-05T09:30:00+00:00,INV_000574,MCH_SAAS,ORD_000574,"{'amount': '86856.00', 'merchant': 'Nila SaaS Systems'}",REF_000574,orders.csv,orders:ORD_000574
85419.25,2026-01-08T04:38:00+00:00,INR,CUS_40299,2026-01-05T09:30:00+00:00,INV_000575,MCH_CAFE,ORD_000575,"{'amount': '85419.25', 'merchant': 'Kaveri Coffee Roasters'}",REF_000575,orders.csv,orders:ORD_000575
78563.50,2026-01-08T04:43:00+00:00,INR,CUS_21537,2026-01-05T09:30:00+00:00,INV_000576,MCH_SAAS,ORD_000576,"{'amount': '78563.50', 'merchant': 'Nila SaaS Systems'}",REF_000576,orders.csv,orders:ORD_000576
44021.25,2026-01-08T04:54:00+00:00,INR,CUS_61563,2026-01-05T09:30:00+00:00,INV_000577,MCH_CAFE,ORD_000577,"{'amount': '44021.25', 'merchant': 'Kaveri Coffee Roasters'}",REF_000577,orders.csv,orders:ORD_000577
46425.00,2026-01-08T04:58:00+00:00,INR,CUS_91950,2026-01-05T09:30:00+00:00,INV_000578,MCH_TRAVEL,ORD_000578,"{'amount': '46425.00', 'merchant': 'Vista Travel Desk'}",REF_000578,orders.csv,orders:ORD_000578
34074.25,2026-01-08T05:07:00+00:00,INR,CUS_13862,2026-01-05T09:30:00+00:00,INV_000579,MCH_TRAVEL,ORD_000579,"{'amount': '34074.25', 'merchant': 'Vista Travel Desk'}",REF_000579,orders.csv,orders:ORD_000579
51791.75,2026-01-08T05:10:00+00:00,INR,CUS_27991,2026-01-05T09:30:00+00:00,INV_000580,MCH_CAFE,ORD_000580,"{'amount': '51791.75', 'merchant': 'Kaveri Coffee Roasters'}",REF_000580,orders.csv,orders:ORD_000580
41244.50,2026-01-08T05:20:00+00:00,INR,CUS_53160,2026-01-05T09:30:00+00:00,INV_000581,MCH_SAAS,ORD_000581,"{'amount': '41244.50', 'merchant': 'Nila SaaS Systems'}",REF_000581,orders.csv,orders:ORD_000581
18463.50,2026-01-08T05:29:00+00:00,INR,CUS_80956,2026-01-05T09:30:00+00:00,INV_000582,MCH_TRAVEL,ORD_000582,"{'amount': '18463.50', 'merchant': 'Vista Travel Desk'}",REF_000582,orders.csv,orders:ORD_000582
18027.25,2026-01-08T05:36:00+00:00,INR,CUS_29025,2026-01-05T09:30:00+00:00,INV_000583,MCH_HEALTH,ORD_000583,"{'amount': '18027.25', 'merchant': 'Prana Health Online'}",REF_000583,orders.csv,orders:ORD_000583
15817.00,2026-01-08T05:39:00+00:00,INR,CUS_51628,2026-01-05T09:30:00+00:00,INV_000584,MCH_TRAVEL,ORD_000584,"{'amount': '15817.00', 'merchant': 'Vista Travel Desk'}",REF_000584,orders.csv,orders:ORD_000584
40060.25,2026-01-08T05:50:00+00:00,INR,CUS_93472,2026-01-05T09:30:00+00:00,INV_000585,MCH_SAAS,ORD_000585,"{'amount': '40060.25', 'merchant': 'Nila SaaS Systems'}",REF_000585,orders.csv,orders:ORD_000585
17541.00,2026-01-08T05:56:00+00:00,INR,CUS_13433,2026-01-05T09:30:00+00:00,INV_000586,MCH_ZERO,ORD_000586,"{'amount': '17541.00', 'merchant': 'Zero Fee Internal Rail'}",REF_000586,orders.csv,orders:ORD_000586
3718.00,2026-01-08T06:04:00+00:00,INR,CUS_20417,2026-01-05T09:30:00+00:00,INV_000587,MCH_SWIFT,ORD_000587,"{'amount': '3718.00', 'merchant': 'SwiftKart Marketplace'}",REF_000587,orders.csv,orders:ORD_000587
85440.00,2026-01-08T06:09:00+00:00,INR,CUS_34114,2026-01-05T09:30:00+00:00,INV_000588,MCH_TRAVEL,ORD_000588,"{'amount': '85440.00', 'merchant': 'Vista Travel Desk'}",REF_000588,orders.csv,orders:ORD_000588
25630.00,2026-01-08T06:16:00+00:00,INR,CUS_14224,2026-01-05T09:30:00+00:00,INV_000589,MCH_SWIFT,ORD_000589,"{'amount': '25630.00', 'merchant': 'SwiftKart Marketplace'}",REF_000589,orders.csv,orders:ORD_000589
88293.00,2026-01-08T06:20:00+00:00,INR,CUS_36812,2026-01-05T09:30:00+00:00,INV_000590,MCH_SWIFT,ORD_000590,"{'amount': '88293.00', 'merchant': 'SwiftKart Marketplace'}",REF_000590,orders.csv,orders:ORD_000590
42884.25,2026-01-08T06:30:00+00:00,INR,CUS_42346,2026-01-05T09:30:00+00:00,INV_000591,MCH_TRAVEL,ORD_000591,"{'amount': '42884.25', 'merchant': 'Vista Travel Desk'}",REF_000591,orders.csv,orders:ORD_000591
75264.50,2026-01-08T06:38:00+00:00,INR,CUS_80275,2026-01-05T09:30:00+00:00,INV_000592,MCH_HEALTH,ORD_000592,"{'amount': '75264.50', 'merchant': 'Prana Health Online'}",REF_000592,orders.csv,orders:ORD_000592
5859.00,2026-01-08T06:45:00+00:00,INR,CUS_77987,2026-01-05T09:30:00+00:00,INV_000593,MCH_SAAS,ORD_000593,"{'amount': '5859.00', 'merchant': 'Nila SaaS Systems'}",REF_000593,orders.csv,orders:ORD_000593
82960.00,2026-01-08T06:50:00+00:00,INR,CUS_34884,2026-01-05T09:30:00+00:00,INV_000594,MCH_HEALTH,ORD_000594,"{'amount': '82960.00', 'merchant': 'Prana Health Online'}",REF_000594,orders.csv,orders:ORD_000594
22121.25,2026-01-08T06:59:00+00:00,INR,CUS_48590,2026-01-05T09:30:00+00:00,INV_000595,MCH_SAAS,ORD_000595,"{'amount': '22121.25', 'merchant': 'Nila SaaS Systems'}",REF_000595,orders.csv,orders:ORD_000595
59504.00,2026-01-08T07:02:00+00:00,INR,CUS_75622,2026-01-05T09:30:00+00:00,INV_000596,MCH_TRAVEL,ORD_000596,"{'amount': '59504.00', 'merchant': 'Vista Travel Desk'}",REF_000596,orders.csv,orders:ORD_000596
42696.25,2026-01-08T07:10:00+00:00,INR,CUS_13265,2026-01-05T09:30:00+00:00,INV_000597,MCH_SAAS,ORD_000597,"{'amount': '42696.25', 'merchant': 'Nila SaaS Systems'}",REF_000597,orders.csv,orders:ORD_000597
85310.75,2026-01-08T07:21:00+00:00,INR,CUS_31495,2026-01-05T09:30:00+00:00,INV_000598,MCH_CAFE,ORD_000598,"{'amount': '85310.75', 'merchant': 'Kaveri Coffee Roasters'}",REF_000598,orders.csv,orders:ORD_000598
59203.75,2026-01-08T07:23:00+00:00,INR,CUS_57571,2026-01-05T09:30:00+00:00,INV_000599,MCH_TRAVEL,ORD_000599,"{'amount': '59203.75', 'merchant': 'Vista Travel Desk'}",REF_000599,orders.csv,orders:ORD_000599
72434.25,2026-01-08T07:31:00+00:00,INR,CUS_15754,2026-01-05T09:30:00+00:00,INV_000600,MCH_SAAS,ORD_000600,"{'amount': '72434.25', 'merchant': 'Nila SaaS Systems'}",REF_000600,orders.csv,orders:ORD_000600
23744.75,2026-01-08T07:40:00+00:00,INR,CUS_16725,2026-01-05T09:30:00+00:00,INV_000601,MCH_SWIFT,ORD_000601,"{'amount': '23744.75', 'merchant': 'SwiftKart Marketplace'}",REF_000601,orders.csv,orders:ORD_000601
82410.00,2026-01-08T07:45:00+00:00,INR,CUS_25408,2026-01-05T09:30:00+00:00,INV_000602,MCH_CAFE,ORD_000602,"{'amount': '82410.00', 'merchant': 'Kaveri Coffee Roasters'}",REF_000602,orders.csv,orders:ORD_000602
65525.25,2026-01-08T07:51:00+00:00,INR,CUS_81237,2026-01-05T09:30:00+00:00,INV_000603,MCH_SAAS,ORD_000603,"{'amount': '65525.25', 'merchant': 'Nila SaaS Systems'}",REF_000603,orders.csv,orders:ORD_000603
86738.25,2026-01-08T08:01:00+00:00,INR,CUS_69472,2026-01-05T09:30:00+00:00,INV_000604,MCH_HEALTH,ORD_000604,"{'amount': '86738.25', 'merchant': 'Prana Health Online'}",REF_000604,orders.csv,orders:ORD_000604
36752.50,2026-01-08T08:09:00+00:00,INR,CUS_92396,2026-01-05T09:30:00+00:00,INV_000605,MCH_HEALTH,ORD_000605,"{'amount': '36752.50', 'merchant': 'Prana Health Online'}",REF_000605,orders.csv,orders:ORD_000605
19354.00,2026-01-08T08:16:00+00:00,INR,CUS_97424,2026-01-05T09:30:00+00:00,INV_000606,MCH_ZERO,ORD_000606,"{'amount': '19354.00', 'merchant': 'Zero Fee Internal Rail'}",REF_000606,orders.csv,orders:ORD_000606
14572.25,2026-01-08T08:20:00+00:00,INR,CUS_33363,2026-01-05T09:30:00+00:00,INV_000607,MCH_ZERO,ORD_000607,"{'amount': '14572.25', 'merchant': 'Zero Fee Internal Rail'}",REF_000607,orders.csv,orders:ORD_000607
76186.00,2026-01-08T08:26:00+00:00,INR,CUS_14697,2026-01-05T09:30:00+00:00,INV_000608,MCH_TRAVEL,ORD_000608,"{'amount': '76186.00', 'merchant': 'Vista Travel Desk'}",REF_000608,orders.csv,orders:ORD_000608
72451.00,2026-01-08T08:36:00+00:00,INR,CUS_48382,2026-01-05T09:30:00+00:00,INV_000609,MCH_SAAS,ORD_000609,"{'amount': '72451.00', 'merchant': 'Nila SaaS Systems'}",REF_000609,orders.csv,orders:ORD_000609
69381.25,2026-01-08T08:41:00+00:00,INR,CUS_78766,2026-01-05T09:30:00+00:00,INV_000610,MCH_CAFE,ORD_000610,"{'amount': '69381.25', 'merchant': 'Kaveri Coffee Roasters'}",REF_000610,orders.csv,orders:ORD_000610
82741.50,2026-01-08T08:50:00+00:00,INR,CUS_21491,2026-01-05T09:30:00+00:00,INV_000611,MCH_HEALTH,ORD_000611,"{'amount': '82741.50', 'merchant': 'Prana Health Online'}",REF_000611,orders.csv,orders:ORD_000611
75685.50,2026-01-08T08:55:00+00:00,INR,CUS_56380,2026-01-05T09:30:00+00:00,INV_000612,MCH_HEALTH,ORD_000612,"{'amount': '75685.50', 'merchant': 'Prana Health Online'}",REF_000612,orders.csv,orders:ORD_000612
80176.00,2026-01-08T09:02:00+00:00,INR,CUS_48074,2026-01-05T09:30:00+00:00,INV_000613,MCH_SWIFT,ORD_000613,"{'amount': '80176.00', 'merchant': 'SwiftKart Marketplace'}",REF_000613,orders.csv,orders:ORD_000613
82280.00,2026-01-08T09:12:00+00:00,INR,CUS_37175,2026-01-05T09:30:00+00:00,INV_000614,MCH_SAAS,ORD_000614,"{'amount': '82280.00', 'merchant': 'Nila SaaS Systems'}",REF_000614,orders.csv,orders:ORD_000614
46129.50,2026-01-08T09:16:00+00:00,INR,CUS_93558,2026-01-05T09:30:00+00:00,INV_000615,MCH_CAFE,ORD_000615,"{'amount': '46129.50', 'merchant': 'Kaveri Coffee Roasters'}",REF_000615,orders.csv,orders:ORD_000615
9191.00,2026-01-08T09:26:00+00:00,INR,CUS_49358,2026-01-05T09:30:00+00:00,INV_000616,MCH_CAFE,ORD_000616,"{'amount': '9191.00', 'merchant': 'Kaveri Coffee Roasters'}",REF_000616,orders.csv,orders:ORD_000616
43984.00,2026-01-08T09:34:00+00:00,INR,CUS_61910,2026-01-05T09:30:00+00:00,INV_000617,MCH_ZERO,ORD_000617,"{'amount': '43984.00', 'merchant': 'Zero Fee Internal Rail'}",REF_000617,orders.csv,orders:ORD_000617
63097.25,2026-01-08T09:41:00+00:00,INR,CUS_14660,2026-01-05T09:30:00+00:00,INV_000618,MCH_TRAVEL,ORD_000618,"{'amount': '63097.25', 'merchant': 'Vista Travel Desk'}",REF_000618,orders.csv,orders:ORD_000618
60674.50,2026-01-08T09:46:00+00:00,INR,CUS_53923,2026-01-05T09:30:00+00:00,INV_000619,MCH_TRAVEL,ORD_000619,"{'amount': '60674.50', 'merchant': 'Vista Travel Desk'}",REF_000619,orders.csv,orders:ORD_000619
70539.00,2026-01-08T09:54:00+00:00,INR,CUS_37297,2026-01-05T09:30:00+00:00,INV_000620,MCH_HEALTH,ORD_000620,"{'amount': '70539.00', 'merchant': 'Prana Health Online'}",REF_000620,orders.csv,orders:ORD_000620
37060.00,2026-01-08T10:00:00+00:00,INR,CUS_54453,2026-01-05T09:30:00+00:00,INV_000621,MCH_SWIFT,ORD_000621,"{'amount': '37060.00', 'merchant': 'SwiftKart Marketplace'}",REF_000621,orders.csv,orders:ORD_000621
78312.00,2026-01-08T10:09:00+00:00,INR,CUS_50407,2026-01-05T09:30:00+00:00,INV_000622,MCH_SWIFT,ORD_000622,"{'amount': '78312.00', 'merchant': 'SwiftKart Marketplace'}",REF_000622,orders.csv,orders:ORD_000622
11676.25,2026-01-08T10:13:00+00:00,INR,CUS_41148,2026-01-05T09:30:00+00:00,INV_000623,MCH_SAAS,ORD_000623,"{'amount': '11676.25', 'merchant': 'Nila SaaS Systems'}",REF_000623,orders.csv,orders:ORD_000623
39925.00,2026-01-08T10:20:00+00:00,INR,CUS_24710,2026-01-05T09:30:00+00:00,INV_000624,MCH_HEALTH,ORD_000624,"{'amount': '39925.00', 'merchant': 'Prana Health Online'}",REF_000624,orders.csv,orders:ORD_000624
66621.00,2026-01-08T10:29:00+00:00,INR,CUS_73263,2026-01-05T09:30:00+00:00,INV_000625,MCH_SAAS,ORD_000625,"{'amount': '66621.00', 'merchant': 'Nila SaaS Systems'}",REF_000625,orders.csv,orders:ORD_000625
68932.00,2026-01-08T10:33:00+00:00,INR,CUS_52904,2026-01-05T09:30:00+00:00,INV_000626,MCH_SAAS,ORD_000626,"{'amount': '68932.00', 'merchant': 'Nila SaaS Systems'}",REF_000626,orders.csv,orders:ORD_000626
68764.00,2026-01-08T10:41:00+00:00,INR,CUS_10538,2026-01-05T09:30:00+00:00,INV_000627,MCH_SAAS,ORD_000627,"{'amount': '68764.00', 'merchant': 'Nila SaaS Systems'}",REF_000627,orders.csv,orders:ORD_000627
6347.00,2026-01-08T10:51:00+00:00,INR,CUS_78233,2026-01-05T09:30:00+00:00,INV_000628,MCH_SAAS,ORD_000628,"{'amount': '6347.00', 'merchant': 'Nila SaaS Systems'}",REF_000628,orders.csv,orders:ORD_000628
27804.00,2026-01-08T10:54:00+00:00,INR,CUS_36287,2026-01-05T09:30:00+00:00,INV_000629,MCH_TRAVEL,ORD_000629,"{'amount': '27804.00', 'merchant': 'Vista Travel Desk'}",REF_000629,orders.csv,orders:ORD_000629
88265.00,2026-01-08T11:01:00+00:00,INR,CUS_45737,2026-01-05T09:30:00+00:00,INV_000630,MCH_SAAS,ORD_000630,"{'amount': '88265.00', 'merchant': 'Nila SaaS Systems'}",REF_000630,orders.csv,orders:ORD_000630
71410.00,2026-01-08T11:09:00+00:00,INR,CUS_82006,2026-01-05T09:30:00+00:00,INV_000631,MCH_SWIFT,ORD_000631,"{'amount': '71410.00', 'merchant': 'SwiftKart Marketplace'}",REF_000631,orders.csv,orders:ORD_000631
9637.00,2026-01-08T11:16:00+00:00,INR,CUS_90381,2026-01-05T09:30:00+00:00,INV_000632,MCH_SWIFT,ORD_000632,"{'amount': '9637.00', 'merchant': 'SwiftKart Marketplace'}",REF_000632,orders.csv,orders:ORD_000632
4100.25,2026-01-08T11:21:00+00:00,INR,CUS_98538,2026-01-05T09:30:00+00:00,INV_000633,MCH_SWIFT,ORD_000633,"{'amount': '4100.25', 'merchant': 'SwiftKart Marketplace'}",REF_000633,orders.csv,orders:ORD_000633
56197.25,2026-01-08T11:33:00+00:00,INR,CUS_33459,2026-01-05T09:30:00+00:00,INV_000634,MCH_ZERO,ORD_000634,"{'amount': '56197.25', 'merchant': 'Zero Fee Internal Rail'}",REF_000634,orders.csv,orders:ORD_000634
26271.75,2026-01-08T11:39:00+00:00,INR,CUS_97932,2026-01-05T09:30:00+00:00,INV_000635,MCH_CAFE,ORD_000635,"{'amount': '26271.75', 'merchant': 'Kaveri Coffee Roasters'}",REF_000635,orders.csv,orders:ORD_000635
61677.00,2026-01-08T11:44:00+00:00,INR,CUS_69714,2026-01-05T09:30:00+00:00,INV_000636,MCH_ZERO,ORD_000636,"{'amount': '61677.00', 'merchant': 'Zero Fee Internal Rail'}",REF_000636,orders.csv,orders:ORD_000636
19137.50,2026-01-08T11:51:00+00:00,INR,CUS_43823,2026-01-05T09:30:00+00:00,INV_000637,MCH_SWIFT,ORD_000637,"{'amount': '19137.50', 'merchant': 'SwiftKart Marketplace'}",REF_000637,orders.csv,orders:ORD_000637
59712.25,2026-01-08T11:56:00+00:00,INR,CUS_13966,2026-01-05T09:30:00+00:00,INV_000638,MCH_CAFE,ORD_000638,"{'amount': '59712.25', 'merchant': 'Kaveri Coffee Roasters'}",REF_000638,orders.csv,orders:ORD_000638
60755.00,2026-01-08T12:05:00+00:00,INR,CUS_46996,2026-01-05T09:30:00+00:00,INV_000639,MCH_SAAS,ORD_000639,"{'amount': '60755.00', 'merchant': 'Nila SaaS Systems'}",REF_000639,orders.csv,orders:ORD_000639
14322.00,2026-01-08T12:15:00+00:00,INR,CUS_82895,2026-01-05T09:30:00+00:00,INV_000640,MCH_TRAVEL,ORD_000640,"{'amount': '14322.00', 'merchant': 'Vista Travel Desk'}",REF_000640,orders.csv,orders:ORD_000640
77702.25,2026-01-08T12:21:00+00:00,INR,CUS_41270,2026-01-05T09:30:00+00:00,INV_000641,MCH_SAAS,ORD_000641,"{'amount': '77702.25', 'merchant': 'Nila SaaS Systems'}",REF_000641,orders.csv,orders:ORD_000641
27594.75,2026-01-08T12:27:00+00:00,INR,CUS_87459,2026-01-05T09:30:00+00:00,INV_000642,MCH_CAFE,ORD_000642,"{'amount': '27594.75', 'merchant': 'Kaveri Coffee Roasters'}",REF_000642,orders.csv,orders:ORD_000642
87149.75,2026-01-08T12:36:00+00:00,INR,CUS_20209,2026-01-05T09:30:00+00:00,INV_000643,MCH_SWIFT,ORD_000643,"{'amount': '87149.75', 'merchant': 'SwiftKart Marketplace'}",REF_000643,orders.csv,orders:ORD_000643
13099.25,2026-01-08T12:40:00+00:00,INR,CUS_33091,2026-01-05T09:30:00+00:00,INV_000644,MCH_HEALTH,ORD_000644,"{'amount': '13099.25', 'merchant': 'Prana Health Online'}",REF_000644,orders.csv,orders:ORD_000644
78472.25,2026-01-08T12:48:00+00:00,INR,CUS_52914,2026-01-05T09:30:00+00:00,INV_000645,MCH_TRAVEL,ORD_000645,"{'amount': '78472.25', 'merchant': 'Vista Travel Desk'}",REF_000645,orders.csv,orders:ORD_000645
76422.75,2026-01-08T12:53:00+00:00,INR,CUS_10024,2026-01-05T09:30:00+00:00,INV_000646,MCH_SWIFT,ORD_000646,"{'amount': '76422.75', 'merchant': 'SwiftKart Marketplace'}",REF_000646,orders.csv,orders:ORD_000646
80984.50,2026-01-08T13:00:00+00:00,INR,CUS_68610,2026-01-05T09:30:00+00:00,INV_000647,MCH_SAAS,ORD_000647,"{'amount': '80984.50', 'merchant': 'Nila SaaS Systems'}",REF_000647,orders.csv,orders:ORD_000647
89371.00,2026-01-08T13:11:00+00:00,INR,CUS_66980,2026-01-05T09:30:00+00:00,INV_000648,MCH_HEALTH,ORD_000648,"{'amount': '89371.00', 'merchant': 'Prana Health Online'}",REF_000648,orders.csv,orders:ORD_000648
67202.25,2026-01-08T13:15:00+00:00,INR,CUS_26718,2026-01-05T09:30:00+00:00,INV_000649,MCH_HEALTH,ORD_000649,"{'amount': '67202.25', 'merchant': 'Prana Health Online'}",REF_000649,orders.csv,orders:ORD_000649
73704.00,2026-01-08T13:22:00+00:00,INR,CUS_24378,2026-01-05T09:30:00+00:00,INV_000650,MCH_ZERO,ORD_000650,"{'amount': '73704.00', 'merchant': 'Zero Fee Internal Rail'}",REF_000650,orders.csv,orders:ORD_000650
77653.25,2026-01-08T13:29:00+00:00,INR,CUS_91948,2026-01-05T09:30:00+00:00,INV_000651,MCH_TRAVEL,ORD_000651,"{'amount': '77653.25', 'merchant': 'Vista Travel Desk'}",REF_000651,orders.csv,orders:ORD_000651
71749.00,2026-01-08T13:35:00+00:00,INR,CUS_96833,2026-01-05T09:30:00+00:00,INV_000652,MCH_SAAS,ORD_000652,"{'amount': '71749.00', 'merchant': 'Nila SaaS Systems'}",REF_000652,orders.csv,orders:ORD_000652
50709.00,2026-01-08T13:42:00+00:00,INR,CUS_64687,2026-01-05T09:30:00+00:00,INV_000653,MCH_HEALTH,ORD_000653,"{'amount': '50709.00', 'merchant': 'Prana Health Online'}",REF_000653,orders.csv,orders:ORD_000653
9703.75,2026-01-08T13:49:00+00:00,INR,CUS_12058,2026-01-05T09:30:00+00:00,INV_000654,MCH_ZERO,ORD_000654,"{'amount': '9703.75', 'merchant': 'Zero Fee Internal Rail'}",REF_000654,orders.csv,orders:ORD_000654
18285.75,2026-01-08T13:58:00+00:00,INR,CUS_64507,2026-01-05T09:30:00+00:00,INV_000655,MCH_ZERO,ORD_000655,"{'amount': '18285.75', 'merchant': 'Zero Fee Internal Rail'}",REF_000655,orders.csv,orders:ORD_000655
50725.00,2026-01-08T14:03:00+00:00,INR,CUS_39588,2026-01-05T09:30:00+00:00,INV_000656,MCH_SAAS,ORD_000656,"{'amount': '50725.00', 'merchant': 'Nila SaaS Systems'}",REF_000656,orders.csv,orders:ORD_000656
31331.75,2026-01-08T14:11:00+00:00,INR,CUS_75762,2026-01-05T09:30:00+00:00,INV_000657,MCH_TRAVEL,ORD_000657,"{'amount': '31331.75', 'merchant': 'Vista Travel Desk'}",REF_000657,orders.csv,orders:ORD_000657
74768.25,2026-01-08T14:16:00+00:00,INR,CUS_58310,2026-01-05T09:30:00+00:00,INV_000658,MCH_ZERO,ORD_000658,"{'amount': '74768.25', 'merchant': 'Zero Fee Internal Rail'}",REF_000658,orders.csv,orders:ORD_000658
69297.00,2026-01-08T14:27:00+00:00,INR,CUS_70940,2026-01-05T09:30:00+00:00,INV_000659,MCH_TRAVEL,ORD_000659,"{'amount': '69297.00', 'merchant': 'Vista Travel Desk'}",REF_000659,orders.csv,orders:ORD_000659
82962.75,2026-01-08T14:35:00+00:00,INR,CUS_96997,2026-01-05T09:30:00+00:00,INV_000660,MCH_SAAS,ORD_000660,"{'amount': '82962.75', 'merchant': 'Nila SaaS Systems'}",REF_000660,orders.csv,orders:ORD_000660
70427.00,2026-01-08T14:40:00+00:00,INR,CUS_71455,2026-01-05T09:30:00+00:00,INV_000661,MCH_CAFE,ORD_000661,"{'amount': '70427.00', 'merchant': 'Kaveri Coffee Roasters'}",REF_000661,orders.csv,orders:ORD_000661
46557.00,2026-01-08T14:45:00+00:00,INR,CUS_47907,2026-01-05T09:30:00+00:00,INV_000662,MCH_SAAS,ORD_000662,"{'amount': '46557.00', 'merchant': 'Nila SaaS Systems'}",REF_000662,orders.csv,orders:ORD_000662
82783.25,2026-01-08T14:52:00+00:00,INR,CUS_85778,2026-01-05T09:30:00+00:00,INV_000663,MCH_ZERO,ORD_000663,"{'amount': '82783.25', 'merchant': 'Zero Fee Internal Rail'}",REF_000663,orders.csv,orders:ORD_000663
16922.50,2026-01-08T15:00:00+00:00,INR,CUS_20074,2026-01-05T09:30:00+00:00,INV_000664,MCH_ZERO,ORD_000664,"{'amount': '16922.50', 'merchant': 'Zero Fee Internal Rail'}",REF_000664,orders.csv,orders:ORD_000664
33979.00,2026-01-08T15:09:00+00:00,INR,CUS_24621,2026-01-05T09:30:00+00:00,INV_000665,MCH_CAFE,ORD_000665,"{'amount': '33979.00', 'merchant': 'Kaveri Coffee Roasters'}",REF_000665,orders.csv,orders:ORD_000665
31258.25,2026-01-08T15:16:00+00:00,INR,CUS_33699,2026-01-05T09:30:00+00:00,INV_000666,MCH_CAFE,ORD_000666,"{'amount': '31258.25', 'merchant': 'Kaveri Coffee Roasters'}",REF_000666,orders.csv,orders:ORD_000666
78359.00,2026-01-08T15:22:00+00:00,INR,CUS_75004,2026-01-05T09:30:00+00:00,INV_000667,MCH_SWIFT,ORD_000667,"{'amount': '78359.00', 'merchant': 'SwiftKart Marketplace'}",REF_000667,orders.csv,orders:ORD_000667
76027.75,2026-01-08T15:26:00+00:00,INR,CUS_55229,2026-01-05T09:30:00+00:00,INV_000668,MCH_SWIFT,ORD_000668,"{'amount': '76027.75', 'merchant': 'SwiftKart Marketplace'}",REF_000668,orders.csv,orders:ORD_000668
61119.25,2026-01-08T15:35:00+00:00,INR,CUS_72420,2026-01-05T09:30:00+00:00,INV_000669,MCH_SWIFT,ORD_000669,"{'amount': '61119.25', 'merchant': 'SwiftKart Marketplace'}",REF_000669,orders.csv,orders:ORD_000669
51427.25,2026-01-08T15:41:00+00:00,INR,CUS_44422,2026-01-05T09:30:00+00:00,INV_000670,MCH_TRAVEL,ORD_000670,"{'amount': '51427.25', 'merchant': 'Vista Travel Desk'}",REF_000670,orders.csv,orders:ORD_000670
59127.25,2026-01-08T15:49:00+00:00,INR,CUS_98931,2026-01-05T09:30:00+00:00,INV_000671,MCH_CAFE,ORD_000671,"{'amount': '59127.25', 'merchant': 'Kaveri Coffee Roasters'}",REF_000671,orders.csv,orders:ORD_000671
83848.00,2026-01-08T15:58:00+00:00,INR,CUS_66595,2026-01-05T09:30:00+00:00,INV_000672,MCH_HEALTH,ORD_000672,"{'amount': '83848.00', 'merchant': 'Prana Health Online'}",REF_000672,orders.csv,orders:ORD_000672
13181.00,2026-01-08T16:05:00+00:00,INR,CUS_95766,2026-01-05T09:30:00+00:00,INV_000673,MCH_CAFE,ORD_000673,"{'amount': '13181.00', 'merchant': 'Kaveri Coffee Roasters'}",REF_000673,orders.csv,orders:ORD_000673
25849.50,2026-01-08T16:13:00+00:00,INR,CUS_54224,2026-01-05T09:30:00+00:00,INV_000674,MCH_HEALTH,ORD_000674,"{'amount': '25849.50', 'merchant': 'Prana Health Online'}",REF_000674,orders.csv,orders:ORD_000674
1410.00,2026-01-08T16:18:00+00:00,INR,CUS_11567,2026-01-05T09:30:00+00:00,INV_000675,MCH_TRAVEL,ORD_000675,"{'amount': '1410.00', 'merchant': 'Vista Travel Desk'}",REF_000675,orders.csv,orders:ORD_000675
29059.75,2026-01-08T16:24:00+00:00,INR,CUS_47132,2026-01-05T09:30:00+00:00,INV_000676,MCH_CAFE,ORD_000676,"{'amount': '29059.75', 'merchant': 'Kaveri Coffee Roasters'}",REF_000676,orders.csv,orders:ORD_000676
12350.00,2026-01-08T16:34:00+00:00,INR,CUS_87874,2026-01-05T09:30:00+00:00,INV_000677,MCH_HEALTH,ORD_000677,"{'amount': '12350.00', 'merchant': 'Prana Health Online'}",REF_000677,orders.csv,orders:ORD_000677
17327.25,2026-01-08T16:41:00+00:00,INR,CUS_96034,2026-01-05T09:30:00+00:00,INV_000678,MCH_HEALTH,ORD_000678,"{'amount': '17327.25', 'merchant': 'Prana Health Online'}",REF_000678,orders.csv,orders:ORD_000678
38909.25,2026-01-08T16:43:00+00:00,INR,CUS_96570,2026-01-05T09:30:00+00:00,INV_000679,MCH_CAFE,ORD_000679,"{'amount': '38909.25', 'merchant': 'Kaveri Coffee Roasters'}",REF_000679,orders.csv,orders:ORD_000679
87800.00,2026-01-08T16:51:00+00:00,INR,CUS_43729,2026-01-05T09:30:00+00:00,INV_000680,MCH_TRAVEL,ORD_000680,"{'amount': '87800.00', 'merchant': 'Vista Travel Desk'}",REF_000680,orders.csv,orders:ORD_000680
51233.00,2026-01-08T16:59:00+00:00,INR,CUS_17872,2026-01-05T09:30:00+00:00,INV_000681,MCH_SAAS,ORD_000681,"{'amount': '51233.00', 'merchant': 'Nila SaaS Systems'}",REF_000681,orders.csv,orders:ORD_000681
64750.00,2026-01-08T17:07:00+00:00,INR,CUS_89993,2026-01-05T09:30:00+00:00,INV_000682,MCH_ZERO,ORD_000682,"{'amount': '64750.00', 'merchant': 'Zero Fee Internal Rail'}",REF_000682,orders.csv,orders:ORD_000682
71161.25,2026-01-08T17:15:00+00:00,INR,CUS_38624,2026-01-05T09:30:00+00:00,INV_000683,MCH_SWIFT,ORD_000683,"{'amount': '71161.25', 'merchant': 'SwiftKart Marketplace'}",REF_000683,orders.csv,orders:ORD_000683
4869.00,2026-01-08T17:22:00+00:00,INR,CUS_19229,2026-01-05T09:30:00+00:00,INV_000684,MCH_ZERO,ORD_000684,"{'amount': '4869.00', 'merchant': 'Zero Fee Internal Rail'}",REF_000684,orders.csv,orders:ORD_000684
19810.75,2026-01-08T17:25:00+00:00,INR,CUS_93930,2026-01-05T09:30:00+00:00,INV_000685,MCH_SAAS,ORD_000685,"{'amount': '19810.75', 'merchant': 'Nila SaaS Systems'}",REF_000685,orders.csv,orders:ORD_000685
43531.25,2026-01-08T17:32:00+00:00,INR,CUS_85319,2026-01-05T09:30:00+00:00,INV_000686,MCH_SWIFT,ORD_000686,"{'amount': '43531.25', 'merchant': 'SwiftKart Marketplace'}",REF_000686,orders.csv,orders:ORD_000686
53241.75,2026-01-08T17:43:00+00:00,INR,CUS_19188,2026-01-05T09:30:00+00:00,INV_000687,MCH_SAAS,ORD_000687,"{'amount': '53241.75', 'merchant': 'Nila SaaS Systems'}",REF_000687,orders.csv,orders:ORD_000687
63485.00,2026-01-08T17:50:00+00:00,INR,CUS_84349,2026-01-05T09:30:00+00:00,INV_000688,MCH_TRAVEL,ORD_000688,"{'amount': '63485.00', 'merchant': 'Vista Travel Desk'}",REF_000688,orders.csv,orders:ORD_000688
7534.75,2026-01-08T17:53:00+00:00,INR,CUS_94813,2026-01-05T09:30:00+00:00,INV_000689,MCH_SAAS,ORD_000689,"{'amount': '7534.75', 'merchant': 'Nila SaaS Systems'}",REF_000689,orders.csv,orders:ORD_000689
38305.75,2026-01-08T18:01:00+00:00,INR,CUS_36623,2026-01-05T09:30:00+00:00,INV_000690,MCH_SAAS,ORD_000690,"{'amount': '38305.75', 'merchant': 'Nila SaaS Systems'}",REF_000690,orders.csv,orders:ORD_000690
51431.00,2026-01-08T18:12:00+00:00,INR,CUS_92656,2026-01-05T09:30:00+00:00,INV_000691,MCH_CAFE,ORD_000691,"{'amount': '51431.00', 'merchant': 'Kaveri Coffee Roasters'}",REF_000691,orders.csv,orders:ORD_000691
25133.00,2026-01-08T18:15:00+00:00,INR,CUS_14679,2026-01-05T09:30:00+00:00,INV_000692,MCH_TRAVEL,ORD_000692,"{'amount': '25133.00', 'merchant': 'Vista Travel Desk'}",REF_000692,orders.csv,orders:ORD_000692
8556.50,2026-01-08T18:23:00+00:00,INR,CUS_94332,2026-01-05T09:30:00+00:00,INV_000693,MCH_SAAS,ORD_000693,"{'amount': '8556.50', 'merchant': 'Nila SaaS Systems'}",REF_000693,orders.csv,orders:ORD_000693
5911.25,2026-01-08T18:36:00+00:00,INR,CUS_25491,2026-01-05T09:30:00+00:00,INV_000695,MCH_TRAVEL,ORD_000695,"{'amount': '5911.25', 'merchant': 'Vista Travel Desk'}",REF_000695,orders.csv,orders:ORD_000695
5133.75,2026-01-08T18:45:00+00:00,INR,CUS_28558,2026-01-05T09:30:00+00:00,INV_000696,MCH_ZERO,ORD_000696,"{'amount': '5133.75', 'merchant': 'Zero Fee Internal Rail'}",REF_000696,orders.csv,orders:ORD_000696
85337.00,2026-01-08T18:50:00+00:00,INR,CUS_11882,2026-01-05T09:30:00+00:00,INV_000697,MCH_SWIFT,ORD_000697,"{'amount': '85337.00', 'merchant': 'SwiftKart Marketplace'}",REF_000697,orders.csv,orders:ORD_000697
15265.25,2026-01-08T19:07:00+00:00,INR,CUS_87984,2026-01-05T09:30:00+00:00,INV_000699,MCH_ZERO,ORD_000699,"{'amount': '15265.25', 'merchant': 'Zero Fee Internal Rail'}",REF_000699,orders.csv,orders:ORD_000699
44516.75,2026-01-08T19:13:00+00:00,INR,CUS_98918,2026-01-05T09:30:00+00:00,INV_000700,MCH_SAAS,ORD_000700,"{'amount': '44516.75', 'merchant': 'Nila SaaS Systems'}",REF_000700,orders.csv,orders:ORD_000700
28248.00,2026-01-08T19:18:00+00:00,INR,CUS_87736,2026-01-05T09:30:00+00:00,INV_000701,MCH_CAFE,ORD_000701,"{'amount': '28248.00', 'merchant': 'Kaveri Coffee Roasters'}",REF_000701,orders.csv,orders:ORD_000701
48787.50,2026-01-08T19:34:00+00:00,INR,CUS_31627,2026-01-05T09:30:00+00:00,INV_000703,MCH_SWIFT,ORD_000703,"{'amount': '48787.50', 'merchant': 'SwiftKart Marketplace'}",REF_000703,orders.csv,orders:ORD_000703
49600.00,2026-01-08T19:41:00+00:00,INR,CUS_12048,2026-01-05T09:30:00+00:00,INV_000704,MCH_HEALTH,ORD_000704,"{'amount': '49600.00', 'merchant': 'Prana Health Online'}",REF_000704,orders.csv,orders:ORD_000704
11983.75,2026-01-08T19:49:00+00:00,INR,CUS_95426,2026-01-05T09:30:00+00:00,INV_000705,MCH_SWIFT,ORD_000705,"{'amount': '11983.75', 'merchant': 'SwiftKart Marketplace'}",REF_000705,orders.csv,orders:ORD_000705
16932.00,2026-01-08T19:57:00+00:00,INR,CUS_28754,2026-01-05T09:30:00+00:00,INV_000706,MCH_TRAVEL,ORD_000706,"{'amount': '16932.00', 'merchant': 'Vista Travel Desk'}",REF_000706,orders.csv,orders:ORD_000706
23178.50,2026-01-08T20:03:00+00:00,INR,CUS_14931,2026-01-05T09:30:00+00:00,INV_000707,MCH_SWIFT,ORD_000707,"{'amount': '23178.50', 'merchant': 'SwiftKart Marketplace'}",REF_000707,orders.csv,orders:ORD_000707
55191.00,2026-01-08T20:07:00+00:00,INR,CUS_83100,2026-01-05T09:30:00+00:00,INV_000708,MCH_CAFE,ORD_000708,"{'amount': '55191.00', 'merchant': 'Kaveri Coffee Roasters'}",REF_000708,orders.csv,orders:ORD_000708
47735.50,2026-01-08T20:14:00+00:00,INR,CUS_76524,2026-01-05T09:30:00+00:00,INV_000709,MCH_HEALTH,ORD_000709,"{'amount': '47735.50', 'merchant': 'Prana Health Online'}",REF_000709,orders.csv,orders:ORD_000709
25691.00,2026-01-08T20:25:00+00:00,INR,CUS_29558,2026-01-05T09:30:00+00:00,INV_000710,MCH_ZERO,ORD_000710,"{'amount': '25691.00', 'merchant': 'Zero Fee Internal Rail'}",REF_000710,orders.csv,orders:ORD_000710
88136.00,2026-01-08T20:32:00+00:00,INR,CUS_17081,2026-01-05T09:30:00+00:00,INV_000711,MCH_SWIFT,ORD_000711,"{'amount': '88136.00', 'merchant': 'SwiftKart Marketplace'}",REF_000711,orders.csv,orders:ORD_000711
59694.00,2026-01-08T20:39:00+00:00,INR,CUS_23686,2026-01-05T09:30:00+00:00,INV_000712,MCH_HEALTH,ORD_000712,"{'amount': '59694.00', 'merchant': 'Prana Health Online'}",REF_000712,orders.csv,orders:ORD_000712
15512.00,2026-01-08T20:46:00+00:00,INR,CUS_40841,2026-01-05T09:30:00+00:00,INV_000713,MCH_HEALTH,ORD_000713,"{'amount': '15512.00', 'merchant': 'Prana Health Online'}",REF_000713,orders.csv,orders:ORD_000713
89016.00,2026-01-08T20:48:00+00:00,INR,CUS_40154,2026-01-05T09:30:00+00:00,INV_000714,MCH_SWIFT,ORD_000714,"{'amount': '89016.00', 'merchant': 'SwiftKart Marketplace'}",REF_000714,orders.csv,orders:ORD_000714
54379.00,2026-01-08T20:56:00+00:00,INR,CUS_59221,2026-01-05T09:30:00+00:00,INV_000715,MCH_SWIFT,ORD_000715,"{'amount': '54379.00', 'merchant': 'SwiftKart Marketplace'}",REF_000715,orders.csv,orders:ORD_000715
57429.00,2026-01-08T21:06:00+00:00,INR,CUS_38333,2026-01-05T09:30:00+00:00,INV_000716,MCH_ZERO,ORD_000716,"{'amount': '57429.00', 'merchant': 'Zero Fee Internal Rail'}",REF_000716,orders.csv,orders:ORD_000716
18178.25,2026-01-08T21:14:00+00:00,INR,CUS_35448,2026-01-05T09:30:00+00:00,INV_000717,MCH_CAFE,ORD_000717,"{'amount': '18178.25', 'merchant': 'Kaveri Coffee Roasters'}",REF_000717,orders.csv,orders:ORD_000717
16973.00,2026-01-08T21:16:00+00:00,INR,CUS_84536,2026-01-05T09:30:00+00:00,INV_000718,MCH_CAFE,ORD_000718,"{'amount': '16973.00', 'merchant': 'Kaveri Coffee Roasters'}",REF_000718,orders.csv,orders:ORD_000718
60406.25,2026-01-08T21:25:00+00:00,INR,CUS_32439,2026-01-05T09:30:00+00:00,INV_000719,MCH_SAAS,ORD_000719,"{'amount': '60406.25', 'merchant': 'Nila SaaS Systems'}",REF_000719,orders.csv,orders:ORD_000719
80454.00,2026-01-08T21:34:00+00:00,INR,CUS_85775,2026-01-05T09:30:00+00:00,INV_000720,MCH_TRAVEL,ORD_000720,"{'amount': '80454.00', 'merchant': 'Vista Travel Desk'}",REF_000720,orders.csv,orders:ORD_000720
64422.00,2026-01-08T21:40:00+00:00,INR,CUS_87539,2026-01-05T09:30:00+00:00,INV_000721,MCH_HEALTH,ORD_000721,"{'amount': '64422.00', 'merchant': 'Prana Health Online'}",REF_000721,orders.csv,orders:ORD_000721
56413.75,2026-01-08T21:45:00+00:00,INR,CUS_42329,2026-01-05T09:30:00+00:00,INV_000722,MCH_TRAVEL,ORD_000722,"{'amount': '56413.75', 'merchant': 'Vista Travel Desk'}",REF_000722,orders.csv,orders:ORD_000722
19825.50,2026-01-08T21:54:00+00:00,INR,CUS_10665,2026-01-05T09:30:00+00:00,INV_000723,MCH_HEALTH,ORD_000723,"{'amount': '19825.50', 'merchant': 'Prana Health Online'}",REF_000723,orders.csv,orders:ORD_000723
56097.50,2026-01-08T22:01:00+00:00,INR,CUS_61684,2026-01-05T09:30:00+00:00,INV_000724,MCH_ZERO,ORD_000724,"{'amount': '56097.50', 'merchant': 'Zero Fee Internal Rail'}",REF_000724,orders.csv,orders:ORD_000724
11190.50,2026-01-08T22:10:00+00:00,INR,CUS_11628,2026-01-05T09:30:00+00:00,INV_000725,MCH_SWIFT,ORD_000725,"{'amount': '11190.50', 'merchant': 'SwiftKart Marketplace'}",REF_000725,orders.csv,orders:ORD_000725
39069.00,2026-01-08T22:12:00+00:00,INR,CUS_94887,2026-01-05T09:30:00+00:00,INV_000726,MCH_CAFE,ORD_000726,"{'amount': '39069.00', 'merchant': 'Kaveri Coffee Roasters'}",REF_000726,orders.csv,orders:ORD_000726
75060.75,2026-01-08T22:19:00+00:00,INR,CUS_86501,2026-01-05T09:30:00+00:00,INV_000727,MCH_SAAS,ORD_000727,"{'amount': '75060.75', 'merchant': 'Nila SaaS Systems'}",REF_000727,orders.csv,orders:ORD_000727
53431.00,2026-01-08T22:31:00+00:00,INR,CUS_58551,2026-01-05T09:30:00+00:00,INV_000728,MCH_TRAVEL,ORD_000728,"{'amount': '53431.00', 'merchant': 'Vista Travel Desk'}",REF_000728,orders.csv,orders:ORD_000728
43934.50,2026-01-08T22:35:00+00:00,INR,CUS_14287,2026-01-05T09:30:00+00:00,INV_000729,MCH_SAAS,ORD_000729,"{'amount': '43934.50', 'merchant': 'Nila SaaS Systems'}",REF_000729,orders.csv,orders:ORD_000729
10911.50,2026-01-08T22:45:00+00:00,INR,CUS_54000,2026-01-05T09:30:00+00:00,INV_000730,MCH_TRAVEL,ORD_000730,"{'amount': '10911.50', 'merchant': 'Vista Travel Desk'}",REF_000730,orders.csv,orders:ORD_000730
61294.50,2026-01-08T22:49:00+00:00,INR,CUS_15357,2026-01-05T09:30:00+00:00,INV_000731,MCH_CAFE,ORD_000731,"{'amount': '61294.50', 'merchant': 'Kaveri Coffee Roasters'}",REF_000731,orders.csv,orders:ORD_000731
27132.00,2026-01-08T22:55:00+00:00,INR,CUS_53899,2026-01-05T09:30:00+00:00,INV_000732,MCH_HEALTH,ORD_000732,"{'amount': '27132.00', 'merchant': 'Prana Health Online'}",REF_000732,orders.csv,orders:ORD_000732
35343.50,2026-01-08T23:11:00+00:00,INR,CUS_99158,2026-01-05T09:30:00+00:00,INV_000734,MCH_CAFE,ORD_000734,"{'amount': '35343.50', 'merchant': 'Kaveri Coffee Roasters'}",REF_000734,orders.csv,orders:ORD_000734
45549.25,2026-01-08T23:19:00+00:00,INR,CUS_73730,2026-01-05T09:30:00+00:00,INV_000735,MCH_CAFE,ORD_000735,"{'amount': '45549.25', 'merchant': 'Kaveri Coffee Roasters'}",REF_000735,orders.csv,orders:ORD_000735
70017.75,2026-01-08T23:24:00+00:00,INR,CUS_79842,2026-01-05T09:30:00+00:00,INV_000736,MCH_TRAVEL,ORD_000736,"{'amount': '70017.75', 'merchant': 'Vista Travel Desk'}",REF_000736,orders.csv,orders:ORD_000736
60314.00,2026-01-08T23:32:00+00:00,INR,CUS_20508,2026-01-05T09:30:00+00:00,INV_000737,MCH_SWIFT,ORD_000737,"{'amount': '60314.00', 'merchant': 'SwiftKart Marketplace'}",REF_000737,orders.csv,orders:ORD_000737
21896.00,2026-01-08T23:41:00+00:00,INR,CUS_24683,2026-01-05T09:30:00+00:00,INV_000738,MCH_ZERO,ORD_000738,"{'amount': '21896.00', 'merchant': 'Zero Fee Internal Rail'}",REF_000738,orders.csv,orders:ORD_000738
68547.75,2026-01-08T23:45:00+00:00,INR,CUS_12974,2026-01-05T09:30:00+00:00,INV_000739,MCH_SWIFT,ORD_000739,"{'amount': '68547.75', 'merchant': 'SwiftKart Marketplace'}",REF_000739,orders.csv,orders:ORD_000739
55367.25,2026-01-08T23:50:00+00:00,INR,CUS_94500,2026-01-05T09:30:00+00:00,INV_000740,MCH_CAFE,ORD_000740,"{'amount': '55367.25', 'merchant': 'Kaveri Coffee Roasters'}",REF_000740,orders.csv,orders:ORD_000740
30751.50,2026-01-08T23:59:00+00:00,INR,CUS_94498,2026-01-05T09:30:00+00:00,INV_000741,MCH_ZERO,ORD_000741,"{'amount': '30751.50', 'merchant': 'Zero Fee Internal Rail'}",REF_000741,orders.csv,orders:ORD_000741
78072.75,2026-01-09T00:08:00+00:00,INR,CUS_79489,2026-01-05T09:30:00+00:00,INV_000742,MCH_SAAS,ORD_000742,"{'amount': '78072.75', 'merchant': 'Nila SaaS Systems'}",REF_000742,orders.csv,orders:ORD_000742
22809.00,2026-01-09T00:14:00+00:00,INR,CUS_39724,2026-01-05T09:30:00+00:00,INV_000743,MCH_CAFE,ORD_000743,"{'amount': '22809.00', 'merchant': 'Kaveri Coffee Roasters'}",REF_000743,orders.csv,orders:ORD_000743
46584.00,2026-01-09T00:19:00+00:00,INR,CUS_69759,2026-01-05T09:30:00+00:00,INV_000744,MCH_SWIFT,ORD_000744,"{'amount': '46584.00', 'merchant': 'SwiftKart Marketplace'}",REF_000744,orders.csv,orders:ORD_000744
31482.00,2026-01-09T00:27:00+00:00,INR,CUS_15393,2026-01-05T09:30:00+00:00,INV_000745,MCH_SWIFT,ORD_000745,"{'amount': '31482.00', 'merchant': 'SwiftKart Marketplace'}",REF_000745,orders.csv,orders:ORD_000745
24482.00,2026-01-09T00:37:00+00:00,INR,CUS_83726,2026-01-05T09:30:00+00:00,INV_000746,MCH_CAFE,ORD_000746,"{'amount': '24482.00', 'merchant': 'Kaveri Coffee Roasters'}",REF_000746,orders.csv,orders:ORD_000746
49178.25,2026-01-09T00:40:00+00:00,INR,CUS_80761,2026-01-05T09:30:00+00:00,INV_000747,MCH_SWIFT,ORD_000747,"{'amount': '49178.25', 'merchant': 'SwiftKart Marketplace'}",REF_000747,orders.csv,orders:ORD_000747
19355.25,2026-01-09T00:47:00+00:00,INR,CUS_51971,2026-01-05T09:30:00+00:00,INV_000748,MCH_SAAS,ORD_000748,"{'amount': '19355.25', 'merchant': 'Nila SaaS Systems'}",REF_000748,orders.csv,orders:ORD_000748
38288.50,2026-01-09T00:54:00+00:00,INR,CUS_97410,2026-01-05T09:30:00+00:00,INV_000749,MCH_SAAS,ORD_000749,"{'amount': '38288.50', 'merchant': 'Nila SaaS Systems'}",REF_000749,orders.csv,orders:ORD_000749
63081.00,2026-01-09T01:05:00+00:00,INR,CUS_28274,2026-01-05T09:30:00+00:00,INV_000750,MCH_TRAVEL,ORD_000750,"{'amount': '63081.00', 'merchant': 'Vista Travel Desk'}",REF_000750,orders.csv,orders:ORD_000750
52942.50,2026-01-09T01:10:00+00:00,INR,CUS_38883,2026-01-05T09:30:00+00:00,INV_000751,MCH_ZERO,ORD_000751,"{'amount': '52942.50', 'merchant': 'Zero Fee Internal Rail'}",REF_000751,orders.csv,orders:ORD_000751
80011.75,2026-01-09T01:18:00+00:00,INR,CUS_35578,2026-01-05T09:30:00+00:00,INV_000752,MCH_ZERO,ORD_000752,"{'amount': '80011.75', 'merchant': 'Zero Fee Internal Rail'}",REF_000752,orders.csv,orders:ORD_000752
70870.25,2026-01-09T01:26:00+00:00,INR,CUS_98744,2026-01-05T09:30:00+00:00,INV_000753,MCH_ZERO,ORD_000753,"{'amount': '70870.25', 'merchant': 'Zero Fee Internal Rail'}",REF_000753,orders.csv,orders:ORD_000753
41949.50,2026-01-09T01:32:00+00:00,INR,CUS_89308,2026-01-05T09:30:00+00:00,INV_000754,MCH_SAAS,ORD_000754,"{'amount': '41949.50', 'merchant': 'Nila SaaS Systems'}",REF_000754,orders.csv,orders:ORD_000754
56351.00,2026-01-09T01:37:00+00:00,INR,CUS_60608,2026-01-05T09:30:00+00:00,INV_000755,MCH_SWIFT,ORD_000755,"{'amount': '56351.00', 'merchant': 'SwiftKart Marketplace'}",REF_000755,orders.csv,orders:ORD_000755
73835.00,2026-01-09T01:47:00+00:00,INR,CUS_38271,2026-01-05T09:30:00+00:00,INV_000756,MCH_SAAS,ORD_000756,"{'amount': '73835.00', 'merchant': 'Nila SaaS Systems'}",REF_000756,orders.csv,orders:ORD_000756
21768.75,2026-01-09T01:54:00+00:00,INR,CUS_65552,2026-01-05T09:30:00+00:00,INV_000757,MCH_CAFE,ORD_000757,"{'amount': '21768.75', 'merchant': 'Kaveri Coffee Roasters'}",REF_000757,orders.csv,orders:ORD_000757
27534.00,2026-01-09T02:00:00+00:00,INR,CUS_72208,2026-01-05T09:30:00+00:00,INV_000758,MCH_SWIFT,ORD_000758,"{'amount': '27534.00', 'merchant': 'SwiftKart Marketplace'}",REF_000758,orders.csv,orders:ORD_000758
1167.25,2026-01-09T02:05:00+00:00,INR,CUS_93729,2026-01-05T09:30:00+00:00,INV_000759,MCH_ZERO,ORD_000759,"{'amount': '1167.25', 'merchant': 'Zero Fee Internal Rail'}",REF_000759,orders.csv,orders:ORD_000759
74737.00,2026-01-09T02:11:00+00:00,INR,CUS_36117,2026-01-05T09:30:00+00:00,INV_000760,MCH_TRAVEL,ORD_000760,"{'amount': '74737.00', 'merchant': 'Vista Travel Desk'}",REF_000760,orders.csv,orders:ORD_000760
39882.50,2026-01-09T02:20:00+00:00,INR,CUS_49834,2026-01-05T09:30:00+00:00,INV_000761,MCH_ZERO,ORD_000761,"{'amount': '39882.50', 'merchant': 'Zero Fee Internal Rail'}",REF_000761,orders.csv,orders:ORD_000761
34729.00,2026-01-09T02:29:00+00:00,INR,CUS_93958,2026-01-05T09:30:00+00:00,INV_000762,MCH_SWIFT,ORD_000762,"{'amount': '34729.00', 'merchant': 'SwiftKart Marketplace'}",REF_000762,orders.csv,orders:ORD_000762
23810.25,2026-01-09T02:32:00+00:00,INR,CUS_94513,2026-01-05T09:30:00+00:00,INV_000763,MCH_SAAS,ORD_000763,"{'amount': '23810.25', 'merchant': 'Nila SaaS Systems'}",REF_000763,orders.csv,orders:ORD_000763
47716.50,2026-01-09T02:42:00+00:00,INR,CUS_72978,2026-01-05T09:30:00+00:00,INV_000764,MCH_HEALTH,ORD_000764,"{'amount': '47716.50', 'merchant': 'Prana Health Online'}",REF_000764,orders.csv,orders:ORD_000764
15974.00,2026-01-09T02:50:00+00:00,INR,CUS_77177,2026-01-05T09:30:00+00:00,INV_000765,MCH_TRAVEL,ORD_000765,"{'amount': '15974.00', 'merchant': 'Vista Travel Desk'}",REF_000765,orders.csv,orders:ORD_000765
18059.00,2026-01-09T02:59:00+00:00,INR,CUS_31405,2026-01-05T09:30:00+00:00,INV_000767,MCH_SAAS,ORD_000767,"{'amount': '18059.00', 'merchant': 'Nila SaaS Systems'}",REF_000767,orders.csv,orders:ORD_000767
46959.00,2026-01-09T03:08:00+00:00,INR,CUS_47992,2026-01-05T09:30:00+00:00,INV_000768,MCH_TRAVEL,ORD_000768,"{'amount': '46959.00', 'merchant': 'Vista Travel Desk'}",REF_000768,orders.csv,orders:ORD_000768
78780.00,2026-01-09T03:15:00+00:00,INR,CUS_81265,2026-01-05T09:30:00+00:00,INV_000769,MCH_ZERO,ORD_000769,"{'amount': '78780.00', 'merchant': 'Zero Fee Internal Rail'}",REF_000769,orders.csv,orders:ORD_000769
47816.00,2026-01-09T03:24:00+00:00,INR,CUS_80047,2026-01-05T09:30:00+00:00,INV_000770,MCH_TRAVEL,ORD_000770,"{'amount': '47816.00', 'merchant': 'Vista Travel Desk'}",REF_000770,orders.csv,orders:ORD_000770
49191.25,2026-01-09T03:29:00+00:00,INR,CUS_64000,2026-01-05T09:30:00+00:00,INV_000771,MCH_CAFE,ORD_000771,"{'amount': '49191.25', 'merchant': 'Kaveri Coffee Roasters'}",REF_000771,orders.csv,orders:ORD_000771
66279.00,2026-01-09T03:38:00+00:00,INR,CUS_34696,2026-01-05T09:30:00+00:00,INV_000772,MCH_SWIFT,ORD_000772,"{'amount': '66279.00', 'merchant': 'SwiftKart Marketplace'}",REF_000772,orders.csv,orders:ORD_000772
10313.00,2026-01-09T03:41:00+00:00,INR,CUS_27200,2026-01-05T09:30:00+00:00,INV_000773,MCH_SAAS,ORD_000773,"{'amount': '10313.00', 'merchant': 'Nila SaaS Systems'}",REF_000773,orders.csv,orders:ORD_000773
47822.00,2026-01-09T03:52:00+00:00,INR,CUS_67925,2026-01-05T09:30:00+00:00,INV_000774,MCH_TRAVEL,ORD_000774,"{'amount': '47822.00', 'merchant': 'Vista Travel Desk'}",REF_000774,orders.csv,orders:ORD_000774
40235.00,2026-01-09T03:56:00+00:00,INR,CUS_25544,2026-01-05T09:30:00+00:00,INV_000775,MCH_TRAVEL,ORD_000775,"{'amount': '40235.00', 'merchant': 'Vista Travel Desk'}",REF_000775,orders.csv,orders:ORD_000775
16729.00,2026-01-09T04:02:00+00:00,INR,CUS_27067,2026-01-05T09:30:00+00:00,INV_000776,MCH_CAFE,ORD_000776,"{'amount': '16729.00', 'merchant': 'Kaveri Coffee Roasters'}",REF_000776,orders.csv,orders:ORD_000776
63772.25,2026-01-09T04:10:00+00:00,INR,CUS_15572,2026-01-05T09:30:00+00:00,INV_000777,MCH_ZERO,ORD_000777,"{'amount': '63772.25', 'merchant': 'Zero Fee Internal Rail'}",REF_000777,orders.csv,orders:ORD_000777
87801.00,2026-01-09T04:23:00+00:00,INR,CUS_22648,2026-01-05T09:30:00+00:00,INV_000779,MCH_CAFE,ORD_000779,"{'amount': '87801.00', 'merchant': 'Kaveri Coffee Roasters'}",REF_000779,orders.csv,orders:ORD_000779
46376.00,2026-01-09T04:31:00+00:00,INR,CUS_21898,2026-01-05T09:30:00+00:00,INV_000780,MCH_TRAVEL,ORD_000780,"{'amount': '46376.00', 'merchant': 'Vista Travel Desk'}",REF_000780,orders.csv,orders:ORD_000780
65919.75,2026-01-09T04:38:00+00:00,INR,CUS_90341,2026-01-05T09:30:00+00:00,INV_000781,MCH_SWIFT,ORD_000781,"{'amount': '65919.75', 'merchant': 'SwiftKart Marketplace'}",REF_000781,orders.csv,orders:ORD_000781
69615.00,2026-01-09T04:46:00+00:00,INR,CUS_35106,2026-01-05T09:30:00+00:00,INV_000782,MCH_ZERO,ORD_000782,"{'amount': '69615.00', 'merchant': 'Zero Fee Internal Rail'}",REF_000782,orders.csv,orders:ORD_000782
66385.75,2026-01-09T04:53:00+00:00,INR,CUS_72221,2026-01-05T09:30:00+00:00,INV_000783,MCH_SWIFT,ORD_000783,"{'amount': '66385.75', 'merchant': 'SwiftKart Marketplace'}",REF_000783,orders.csv,orders:ORD_000783
50056.25,2026-01-09T05:02:00+00:00,INR,CUS_38085,2026-01-05T09:30:00+00:00,INV_000784,MCH_CAFE,ORD_000784,"{'amount': '50056.25', 'merchant': 'Kaveri Coffee Roasters'}",REF_000784,orders.csv,orders:ORD_000784
16502.25,2026-01-09T05:09:00+00:00,INR,CUS_24459,2026-01-05T09:30:00+00:00,INV_000785,MCH_CAFE,ORD_000785,"{'amount': '16502.25', 'merchant': 'Kaveri Coffee Roasters'}",REF_000785,orders.csv,orders:ORD_000785
38084.50,2026-01-09T05:12:00+00:00,INR,CUS_15322,2026-01-05T09:30:00+00:00,INV_000786,MCH_TRAVEL,ORD_000786,"{'amount': '38084.50', 'merchant': 'Vista Travel Desk'}",REF_000786,orders.csv,orders:ORD_000786
41195.75,2026-01-09T05:20:00+00:00,INR,CUS_68190,2026-01-05T09:30:00+00:00,INV_000787,MCH_HEALTH,ORD_000787,"{'amount': '41195.75', 'merchant': 'Prana Health Online'}",REF_000787,orders.csv,orders:ORD_000787
25044.00,2026-01-09T05:31:00+00:00,INR,CUS_72347,2026-01-05T09:30:00+00:00,INV_000788,MCH_SAAS,ORD_000788,"{'amount': '25044.00', 'merchant': 'Nila SaaS Systems'}",REF_000788,orders.csv,orders:ORD_000788
64741.75,2026-01-09T05:36:00+00:00,INR,CUS_23785,2026-01-05T09:30:00+00:00,INV_000789,MCH_TRAVEL,ORD_000789,"{'amount': '64741.75', 'merchant': 'Vista Travel Desk'}",REF_000789,orders.csv,orders:ORD_000789
52048.25,2026-01-09T05:40:00+00:00,INR,CUS_87405,2026-01-05T09:30:00+00:00,INV_000790,MCH_SWIFT,ORD_000790,"{'amount': '52048.25', 'merchant': 'SwiftKart Marketplace'}",REF_000790,orders.csv,orders:ORD_000790
53290.00,2026-01-09T05:57:00+00:00,INR,CUS_40522,2026-01-05T09:30:00+00:00,INV_000792,MCH_HEALTH,ORD_000792,"{'amount': '53290.00', 'merchant': 'Prana Health Online'}",REF_000792,orders.csv,orders:ORD_000792
52759.00,2026-01-09T06:06:00+00:00,INR,CUS_72367,2026-01-05T09:30:00+00:00,INV_000793,MCH_TRAVEL,ORD_000793,"{'amount': '52759.00', 'merchant': 'Vista Travel Desk'}",REF_000793,orders.csv,orders:ORD_000793
59889.00,2026-01-09T06:10:00+00:00,INR,CUS_26015,2026-01-05T09:30:00+00:00,INV_000794,MCH_SWIFT,ORD_000794,"{'amount': '59889.00', 'merchant': 'SwiftKart Marketplace'}",REF_000794,orders.csv,orders:ORD_000794
17943.00,2026-01-09T06:20:00+00:00,INR,CUS_23055,2026-01-05T09:30:00+00:00,INV_000795,MCH_TRAVEL,ORD_000795,"{'amount': '17943.00', 'merchant': 'Vista Travel Desk'}",REF_000795,orders.csv,orders:ORD_000795
3806.00,2026-01-09T06:26:00+00:00,INR,CUS_60152,2026-01-05T09:30:00+00:00,INV_000796,MCH_TRAVEL,ORD_000796,"{'amount': '3806.00', 'merchant': 'Vista Travel Desk'}",REF_000796,orders.csv,orders:ORD_000796
86949.50,2026-01-09T06:32:00+00:00,INR,CUS_74512,2026-01-05T09:30:00+00:00,INV_000797,MCH_ZERO,ORD_000797,"{'amount': '86949.50', 'merchant': 'Zero Fee Internal Rail'}",REF_000797,orders.csv,orders:ORD_000797
71946.00,2026-01-09T06:46:00+00:00,INR,CUS_14141,2026-01-05T09:30:00+00:00,INV_000799,MCH_HEALTH,ORD_000799,"{'amount': '71946.00', 'merchant': 'Prana Health Online'}",REF_000799,orders.csv,orders:ORD_000799
49627.25,2026-01-09T06:50:00+00:00,INR,CUS_70248,2026-01-05T09:30:00+00:00,INV_000800,MCH_CAFE,ORD_000800,"{'amount': '49627.25', 'merchant': 'Kaveri Coffee Roasters'}",REF_000800,orders.csv,orders:ORD_000800
56750.00,2026-01-09T07:02:00+00:00,INR,CUS_50954,2026-01-05T09:30:00+00:00,INV_000801,MCH_SAAS,ORD_000801,"{'amount': '56750.00', 'merchant': 'Nila SaaS Systems'}",REF_000801,orders.csv,orders:ORD_000801
88776.25,2026-01-09T07:08:00+00:00,INR,CUS_96517,2026-01-05T09:30:00+00:00,INV_000802,MCH_HEALTH,ORD_000802,"{'amount': '88776.25', 'merchant': 'Prana Health Online'}",REF_000802,orders.csv,orders:ORD_000802
20787.50,2026-01-09T07:14:00+00:00,INR,CUS_17305,2026-01-05T09:30:00+00:00,INV_000803,MCH_HEALTH,ORD_000803,"{'amount': '20787.50', 'merchant': 'Prana Health Online'}",REF_000803,orders.csv,orders:ORD_000803
88968.00,2026-01-09T07:20:00+00:00,INR,CUS_47281,2026-01-05T09:30:00+00:00,INV_000804,MCH_HEALTH,ORD_000804,"{'amount': '88968.00', 'merchant': 'Prana Health Online'}",REF_000804,orders.csv,orders:ORD_000804
46027.75,2026-01-09T07:25:00+00:00,INR,CUS_86541,2026-01-05T09:30:00+00:00,INV_000805,MCH_CAFE,ORD_000805,"{'amount': '46027.75', 'merchant': 'Kaveri Coffee Roasters'}",REF_000805,orders.csv,orders:ORD_000805
45538.00,2026-01-09T07:34:00+00:00,INR,CUS_63992,2026-01-05T09:30:00+00:00,INV_000806,MCH_SAAS,ORD_000806,"{'amount': '45538.00', 'merchant': 'Nila SaaS Systems'}",REF_000806,orders.csv,orders:ORD_000806
85245.00,2026-01-09T07:39:00+00:00,INR,CUS_87664,2026-01-05T09:30:00+00:00,INV_000807,MCH_SWIFT,ORD_000807,"{'amount': '85245.00', 'merchant': 'SwiftKart Marketplace'}",REF_000807,orders.csv,orders:ORD_000807
22553.00,2026-01-09T07:48:00+00:00,INR,CUS_80571,2026-01-05T09:30:00+00:00,INV_000808,MCH_CAFE,ORD_000808,"{'amount': '22553.00', 'merchant': 'Kaveri Coffee Roasters'}",REF_000808,orders.csv,orders:ORD_000808
67770.25,2026-01-09T07:53:00+00:00,INR,CUS_44946,2026-01-05T09:30:00+00:00,INV_000809,MCH_HEALTH,ORD_000809,"{'amount': '67770.25', 'merchant': 'Prana Health Online'}",REF_000809,orders.csv,orders:ORD_000809
75057.25,2026-01-09T08:04:00+00:00,INR,CUS_52260,2026-01-05T09:30:00+00:00,INV_000810,MCH_SAAS,ORD_000810,"{'amount': '75057.25', 'merchant': 'Nila SaaS Systems'}",REF_000810,orders.csv,orders:ORD_000810
88788.00,2026-01-09T08:10:00+00:00,INR,CUS_54035,2026-01-05T09:30:00+00:00,INV_000811,MCH_TRAVEL,ORD_000811,"{'amount': '88788.00', 'merchant': 'Vista Travel Desk'}",REF_000811,orders.csv,orders:ORD_000811
39558.00,2026-01-09T08:15:00+00:00,INR,CUS_67146,2026-01-05T09:30:00+00:00,INV_000812,MCH_HEALTH,ORD_000812,"{'amount': '39558.00', 'merchant': 'Prana Health Online'}",REF_000812,orders.csv,orders:ORD_000812
35054.00,2026-01-09T08:25:00+00:00,INR,CUS_48970,2026-01-05T09:30:00+00:00,INV_000813,MCH_CAFE,ORD_000813,"{'amount': '35054.00', 'merchant': 'Kaveri Coffee Roasters'}",REF_000813,orders.csv,orders:ORD_000813
76084.00,2026-01-09T08:30:00+00:00,INR,CUS_87576,2026-01-05T09:30:00+00:00,INV_000814,MCH_TRAVEL,ORD_000814,"{'amount': '76084.00', 'merchant': 'Vista Travel Desk'}",REF_000814,orders.csv,orders:ORD_000814
27790.00,2026-01-09T08:40:00+00:00,INR,CUS_20048,2026-01-05T09:30:00+00:00,INV_000815,MCH_SAAS,ORD_000815,"{'amount': '27790.00', 'merchant': 'Nila SaaS Systems'}",REF_000815,orders.csv,orders:ORD_000815
71072.00,2026-01-09T08:45:00+00:00,INR,CUS_36224,2026-01-05T09:30:00+00:00,INV_000816,MCH_TRAVEL,ORD_000816,"{'amount': '71072.00', 'merchant': 'Vista Travel Desk'}",REF_000816,orders.csv,orders:ORD_000816
72070.00,2026-01-09T08:54:00+00:00,INR,CUS_12438,2026-01-05T09:30:00+00:00,INV_000817,MCH_TRAVEL,ORD_000817,"{'amount': '72070.00', 'merchant': 'Vista Travel Desk'}",REF_000817,orders.csv,orders:ORD_000817
83914.50,2026-01-09T08:59:00+00:00,INR,CUS_90533,2026-01-05T09:30:00+00:00,INV_000818,MCH_CAFE,ORD_000818,"{'amount': '83914.50', 'merchant': 'Kaveri Coffee Roasters'}",REF_000818,orders.csv,orders:ORD_000818
19665.00,2026-01-09T09:08:00+00:00,INR,CUS_29722,2026-01-05T09:30:00+00:00,INV_000819,MCH_SAAS,ORD_000819,"{'amount': '19665.00', 'merchant': 'Nila SaaS Systems'}",REF_000819,orders.csv,orders:ORD_000819
26980.25,2026-01-09T09:12:00+00:00,INR,CUS_44987,2026-01-05T09:30:00+00:00,INV_000820,MCH_TRAVEL,ORD_000820,"{'amount': '26980.25', 'merchant': 'Vista Travel Desk'}",REF_000820,orders.csv,orders:ORD_000820
15184.00,2026-01-09T09:17:00+00:00,INR,CUS_35154,2026-01-05T09:30:00+00:00,INV_000821,MCH_SWIFT,ORD_000821,"{'amount': '15184.00', 'merchant': 'SwiftKart Marketplace'}",REF_000821,orders.csv,orders:ORD_000821
85093.00,2026-01-09T09:25:00+00:00,INR,CUS_36475,2026-01-05T09:30:00+00:00,INV_000822,MCH_SAAS,ORD_000822,"{'amount': '85093.00', 'merchant': 'Nila SaaS Systems'}",REF_000822,orders.csv,orders:ORD_000822
36708.75,2026-01-09T09:32:00+00:00,INR,CUS_82182,2026-01-05T09:30:00+00:00,INV_000823,MCH_CAFE,ORD_000823,"{'amount': '36708.75', 'merchant': 'Kaveri Coffee Roasters'}",REF_000823,orders.csv,orders:ORD_000823
11300.00,2026-01-09T09:40:00+00:00,INR,CUS_88852,2026-01-05T09:30:00+00:00,INV_000824,MCH_ZERO,ORD_000824,"{'amount': '11300.00', 'merchant': 'Zero Fee Internal Rail'}",REF_000824,orders.csv,orders:ORD_000824
18723.00,2026-01-09T09:49:00+00:00,INR,CUS_24671,2026-01-05T09:30:00+00:00,INV_000825,MCH_SAAS,ORD_000825,"{'amount': '18723.00', 'merchant': 'Nila SaaS Systems'}",REF_000825,orders.csv,orders:ORD_000825
31505.50,2026-01-09T09:54:00+00:00,INR,CUS_26027,2026-01-05T09:30:00+00:00,INV_000826,MCH_ZERO,ORD_000826,"{'amount': '31505.50', 'merchant': 'Zero Fee Internal Rail'}",REF_000826,orders.csv,orders:ORD_000826
28874.00,2026-01-09T10:00:00+00:00,INR,CUS_24000,2026-01-05T09:30:00+00:00,INV_000827,MCH_SAAS,ORD_000827,"{'amount': '28874.00', 'merchant': 'Nila SaaS Systems'}",REF_000827,orders.csv,orders:ORD_000827
33632.50,2026-01-09T10:09:00+00:00,INR,CUS_17330,2026-01-05T09:30:00+00:00,INV_000828,MCH_SAAS,ORD_000828,"{'amount': '33632.50', 'merchant': 'Nila SaaS Systems'}",REF_000828,orders.csv,orders:ORD_000828
71831.25,2026-01-09T10:18:00+00:00,INR,CUS_72240,2026-01-05T09:30:00+00:00,INV_000829,MCH_CAFE,ORD_000829,"{'amount': '71831.25', 'merchant': 'Kaveri Coffee Roasters'}",REF_000829,orders.csv,orders:ORD_000829
62588.75,2026-01-09T10:22:00+00:00,INR,CUS_58200,2026-01-05T09:30:00+00:00,INV_000830,MCH_CAFE,ORD_000830,"{'amount': '62588.75', 'merchant': 'Kaveri Coffee Roasters'}",REF_000830,orders.csv,orders:ORD_000830
88327.00,2026-01-09T10:31:00+00:00,INR,CUS_43158,2026-01-05T09:30:00+00:00,INV_000831,MCH_TRAVEL,ORD_000831,"{'amount': '88327.00', 'merchant': 'Vista Travel Desk'}",REF_000831,orders.csv,orders:ORD_000831
16297.50,2026-01-09T10:37:00+00:00,INR,CUS_40983,2026-01-05T09:30:00+00:00,INV_000832,MCH_TRAVEL,ORD_000832,"{'amount': '16297.50', 'merchant': 'Vista Travel Desk'}",REF_000832,orders.csv,orders:ORD_000832
39738.00,2026-01-09T10:43:00+00:00,INR,CUS_40862,2026-01-05T09:30:00+00:00,INV_000833,MCH_CAFE,ORD_000833,"{'amount': '39738.00', 'merchant': 'Kaveri Coffee Roasters'}",REF_000833,orders.csv,orders:ORD_000833
41873.75,2026-01-09T10:48:00+00:00,INR,CUS_63253,2026-01-05T09:30:00+00:00,INV_000834,MCH_TRAVEL,ORD_000834,"{'amount': '41873.75', 'merchant': 'Vista Travel Desk'}",REF_000834,orders.csv,orders:ORD_000834
54427.00,2026-01-09T10:55:00+00:00,INR,CUS_65360,2026-01-05T09:30:00+00:00,INV_000835,MCH_SAAS,ORD_000835,"{'amount': '54427.00', 'merchant': 'Nila SaaS Systems'}",REF_000835,orders.csv,orders:ORD_000835
72091.75,2026-01-09T11:05:00+00:00,INR,CUS_52830,2026-01-05T09:30:00+00:00,INV_000836,MCH_HEALTH,ORD_000836,"{'amount': '72091.75', 'merchant': 'Prana Health Online'}",REF_000836,orders.csv,orders:ORD_000836
58417.75,2026-01-09T11:09:00+00:00,INR,CUS_27837,2026-01-05T09:30:00+00:00,INV_000837,MCH_TRAVEL,ORD_000837,"{'amount': '58417.75', 'merchant': 'Vista Travel Desk'}",REF_000837,orders.csv,orders:ORD_000837
75772.00,2026-01-09T11:17:00+00:00,INR,CUS_24526,2026-01-05T09:30:00+00:00,INV_000838,MCH_CAFE,ORD_000838,"{'amount': '75772.00', 'merchant': 'Kaveri Coffee Roasters'}",REF_000838,orders.csv,orders:ORD_000838
59477.25,2026-01-09T11:25:00+00:00,INR,CUS_27499,2026-01-05T09:30:00+00:00,INV_000839,MCH_CAFE,ORD_000839,"{'amount': '59477.25', 'merchant': 'Kaveri Coffee Roasters'}",REF_000839,orders.csv,orders:ORD_000839
11362.25,2026-01-09T11:31:00+00:00,INR,CUS_58182,2026-01-05T09:30:00+00:00,INV_000840,MCH_SWIFT,ORD_000840,"{'amount': '11362.25', 'merchant': 'SwiftKart Marketplace'}",REF_000840,orders.csv,orders:ORD_000840
3310.50,2026-01-09T11:41:00+00:00,INR,CUS_94817,2026-01-05T09:30:00+00:00,INV_000841,MCH_ZERO,ORD_000841,"{'amount': '3310.50', 'merchant': 'Zero Fee Internal Rail'}",REF_000841,orders.csv,orders:ORD_000841
34612.75,2026-01-09T11:44:00+00:00,INR,CUS_32119,2026-01-05T09:30:00+00:00,INV_000842,MCH_SWIFT,ORD_000842,"{'amount': '34612.75', 'merchant': 'SwiftKart Marketplace'}",REF_000842,orders.csv,orders:ORD_000842
22598.50,2026-01-09T11:51:00+00:00,INR,CUS_25381,2026-01-05T09:30:00+00:00,INV_000843,MCH_CAFE,ORD_000843,"{'amount': '22598.50', 'merchant': 'Kaveri Coffee Roasters'}",REF_000843,orders.csv,orders:ORD_000843
65069.00,2026-01-09T12:03:00+00:00,INR,CUS_39423,2026-01-05T09:30:00+00:00,INV_000844,MCH_TRAVEL,ORD_000844,"{'amount': '65069.00', 'merchant': 'Vista Travel Desk'}",REF_000844,orders.csv,orders:ORD_000844
17365.25,2026-01-09T12:09:00+00:00,INR,CUS_37080,2026-01-05T09:30:00+00:00,INV_000845,MCH_SAAS,ORD_000845,"{'amount': '17365.25', 'merchant': 'Nila SaaS Systems'}",REF_000845,orders.csv,orders:ORD_000845
4071.00,2026-01-09T12:13:00+00:00,INR,CUS_44314,2026-01-05T09:30:00+00:00,INV_000846,MCH_SWIFT,ORD_000846,"{'amount': '4071.00', 'merchant': 'SwiftKart Marketplace'}",REF_000846,orders.csv,orders:ORD_000846
11537.00,2026-01-09T12:20:00+00:00,INR,CUS_71457,2026-01-05T09:30:00+00:00,INV_000847,MCH_SAAS,ORD_000847,"{'amount': '11537.00', 'merchant': 'Nila SaaS Systems'}",REF_000847,orders.csv,orders:ORD_000847
50565.75,2026-01-09T12:31:00+00:00,INR,CUS_65481,2026-01-05T09:30:00+00:00,INV_000848,MCH_TRAVEL,ORD_000848,"{'amount': '50565.75', 'merchant': 'Vista Travel Desk'}",REF_000848,orders.csv,orders:ORD_000848
8000.00,2026-01-09T12:34:00+00:00,INR,CUS_53628,2026-01-05T09:30:00+00:00,INV_000849,MCH_HEALTH,ORD_000849,"{'amount': '8000.00', 'merchant': 'Prana Health Online'}",REF_000849,orders.csv,orders:ORD_000849
33547.50,2026-01-09T12:43:00+00:00,INR,CUS_91219,2026-01-05T09:30:00+00:00,INV_000850,MCH_ZERO,ORD_000850,"{'amount': '33547.50', 'merchant': 'Zero Fee Internal Rail'}",REF_000850,orders.csv,orders:ORD_000850
23810.00,2026-01-09T12:51:00+00:00,INR,CUS_32264,2026-01-05T09:30:00+00:00,INV_000851,MCH_HEALTH,ORD_000851,"{'amount': '23810.00', 'merchant': 'Prana Health Online'}",REF_000851,orders.csv,orders:ORD_000851
12050.00,2026-01-09T12:57:00+00:00,INR,CUS_79523,2026-01-05T09:30:00+00:00,INV_000852,MCH_SWIFT,ORD_000852,"{'amount': '12050.00', 'merchant': 'SwiftKart Marketplace'}",REF_000852,orders.csv,orders:ORD_000852
6088.00,2026-01-09T13:03:00+00:00,INR,CUS_75432,2026-01-05T09:30:00+00:00,INV_000853,MCH_CAFE,ORD_000853,"{'amount': '6088.00', 'merchant': 'Kaveri Coffee Roasters'}",REF_000853,orders.csv,orders:ORD_000853
80638.00,2026-01-09T13:10:00+00:00,INR,CUS_77760,2026-01-05T09:30:00+00:00,INV_000854,MCH_CAFE,ORD_000854,"{'amount': '80638.00', 'merchant': 'Kaveri Coffee Roasters'}",REF_000854,orders.csv,orders:ORD_000854
25062.00,2026-01-09T13:23:00+00:00,INR,CUS_17152,2026-01-05T09:30:00+00:00,INV_000856,MCH_ZERO,ORD_000856,"{'amount': '25062.00', 'merchant': 'Zero Fee Internal Rail'}",REF_000856,orders.csv,orders:ORD_000856
61528.25,2026-01-09T13:32:00+00:00,INR,CUS_25207,2026-01-05T09:30:00+00:00,INV_000857,MCH_TRAVEL,ORD_000857,"{'amount': '61528.25', 'merchant': 'Vista Travel Desk'}",REF_000857,orders.csv,orders:ORD_000857
64916.00,2026-01-09T13:36:00+00:00,INR,CUS_29405,2026-01-05T09:30:00+00:00,INV_000858,MCH_SAAS,ORD_000858,"{'amount': '64916.00', 'merchant': 'Nila SaaS Systems'}",REF_000858,orders.csv,orders:ORD_000858
23978.00,2026-01-09T13:45:00+00:00,INR,CUS_76681,2026-01-05T09:30:00+00:00,INV_000859,MCH_CAFE,ORD_000859,"{'amount': '23978.00', 'merchant': 'Kaveri Coffee Roasters'}",REF_000859,orders.csv,orders:ORD_000859
10370.00,2026-01-09T13:55:00+00:00,INR,CUS_75288,2026-01-05T09:30:00+00:00,INV_000860,MCH_SAAS,ORD_000860,"{'amount': '10370.00', 'merchant': 'Nila SaaS Systems'}",REF_000860,orders.csv,orders:ORD_000860
89600.75,2026-01-09T14:00:00+00:00,INR,CUS_25989,2026-01-05T09:30:00+00:00,INV_000861,MCH_CAFE,ORD_000861,"{'amount': '89600.75', 'merchant': 'Kaveri Coffee Roasters'}",REF_000861,orders.csv,orders:ORD_000861
4084.00,2026-01-09T14:09:00+00:00,INR,CUS_70323,2026-01-05T09:30:00+00:00,INV_000862,MCH_SWIFT,ORD_000862,"{'amount': '4084.00', 'merchant': 'SwiftKart Marketplace'}",REF_000862,orders.csv,orders:ORD_000862
86546.00,2026-01-09T14:11:00+00:00,INR,CUS_53178,2026-01-05T09:30:00+00:00,INV_000863,MCH_HEALTH,ORD_000863,"{'amount': '86546.00', 'merchant': 'Prana Health Online'}",REF_000863,orders.csv,orders:ORD_000863
7579.75,2026-01-09T14:29:00+00:00,INR,CUS_19269,2026-01-05T09:30:00+00:00,INV_000865,MCH_CAFE,ORD_000865,"{'amount': '7579.75', 'merchant': 'Kaveri Coffee Roasters'}",REF_000865,orders.csv,orders:ORD_000865
23632.00,2026-01-09T14:32:00+00:00,INR,CUS_62286,2026-01-05T09:30:00+00:00,INV_000866,MCH_CAFE,ORD_000866,"{'amount': '23632.00', 'merchant': 'Kaveri Coffee Roasters'}",REF_000866,orders.csv,orders:ORD_000866
85125.75,2026-01-09T14:39:00+00:00,INR,CUS_30202,2026-01-05T09:30:00+00:00,INV_000867,MCH_CAFE,ORD_000867,"{'amount': '85125.75', 'merchant': 'Kaveri Coffee Roasters'}",REF_000867,orders.csv,orders:ORD_000867
40945.75,2026-01-09T14:47:00+00:00,INR,CUS_89103,2026-01-05T09:30:00+00:00,INV_000868,MCH_TRAVEL,ORD_000868,"{'amount': '40945.75', 'merchant': 'Vista Travel Desk'}",REF_000868,orders.csv,orders:ORD_000868
26497.25,2026-01-09T14:56:00+00:00,INR,CUS_68385,2026-01-05T09:30:00+00:00,INV_000869,MCH_HEALTH,ORD_000869,"{'amount': '26497.25', 'merchant': 'Prana Health Online'}",REF_000869,orders.csv,orders:ORD_000869
55682.00,2026-01-09T15:01:00+00:00,INR,CUS_90460,2026-01-05T09:30:00+00:00,INV_000870,MCH_ZERO,ORD_000870,"{'amount': '55682.00', 'merchant': 'Zero Fee Internal Rail'}",REF_000870,orders.csv,orders:ORD_000870
67584.00,2026-01-09T15:12:00+00:00,INR,CUS_70755,2026-01-05T09:30:00+00:00,INV_000871,MCH_ZERO,ORD_000871,"{'amount': '67584.00', 'merchant': 'Zero Fee Internal Rail'}",REF_000871,orders.csv,orders:ORD_000871
82817.75,2026-01-09T15:14:00+00:00,INR,CUS_78770,2026-01-05T09:30:00+00:00,INV_000872,MCH_HEALTH,ORD_000872,"{'amount': '82817.75', 'merchant': 'Prana Health Online'}",REF_000872,orders.csv,orders:ORD_000872
19778.00,2026-01-09T15:23:00+00:00,INR,CUS_99694,2026-01-05T09:30:00+00:00,INV_000873,MCH_CAFE,ORD_000873,"{'amount': '19778.00', 'merchant': 'Kaveri Coffee Roasters'}",REF_000873,orders.csv,orders:ORD_000873
6555.50,2026-01-09T15:28:00+00:00,INR,CUS_20031,2026-01-05T09:30:00+00:00,INV_000874,MCH_HEALTH,ORD_000874,"{'amount': '6555.50', 'merchant': 'Prana Health Online'}",REF_000874,orders.csv,orders:ORD_000874
12684.25,2026-01-09T15:40:00+00:00,INR,CUS_96619,2026-01-05T09:30:00+00:00,INV_000875,MCH_SAAS,ORD_000875,"{'amount': '12684.25', 'merchant': 'Nila SaaS Systems'}",REF_000875,orders.csv,orders:ORD_000875
11017.50,2026-01-09T15:42:00+00:00,INR,CUS_12132,2026-01-05T09:30:00+00:00,INV_000876,MCH_HEALTH,ORD_000876,"{'amount': '11017.50', 'merchant': 'Prana Health Online'}",REF_000876,orders.csv,orders:ORD_000876
6232.00,2026-01-09T15:54:00+00:00,INR,CUS_64558,2026-01-05T09:30:00+00:00,INV_000877,MCH_SAAS,ORD_000877,"{'amount': '6232.00', 'merchant': 'Nila SaaS Systems'}",REF_000877,orders.csv,orders:ORD_000877
27965.00,2026-01-09T16:08:00+00:00,INR,CUS_20252,2026-01-05T09:30:00+00:00,INV_000879,MCH_SWIFT,ORD_000879,"{'amount': '27965.00', 'merchant': 'SwiftKart Marketplace'}",REF_000879,orders.csv,orders:ORD_000879
2648.00,2026-01-09T16:10:00+00:00,INR,CUS_61764,2026-01-05T09:30:00+00:00,INV_000880,MCH_HEALTH,ORD_000880,"{'amount': '2648.00', 'merchant': 'Prana Health Online'}",REF_000880,orders.csv,orders:ORD_000880
53396.75,2026-01-09T16:22:00+00:00,INR,CUS_88890,2026-01-05T09:30:00+00:00,INV_000881,MCH_SAAS,ORD_000881,"{'amount': '53396.75', 'merchant': 'Nila SaaS Systems'}",REF_000881,orders.csv,orders:ORD_000881
88616.75,2026-01-09T16:27:00+00:00,INR,CUS_98487,2026-01-05T09:30:00+00:00,INV_000882,MCH_TRAVEL,ORD_000882,"{'amount': '88616.75', 'merchant': 'Vista Travel Desk'}",REF_000882,orders.csv,orders:ORD_000882
2118.00,2026-01-09T16:31:00+00:00,INR,CUS_24668,2026-01-05T09:30:00+00:00,INV_000883,MCH_SWIFT,ORD_000883,"{'amount': '2118.00', 'merchant': 'SwiftKart Marketplace'}",REF_000883,orders.csv,orders:ORD_000883
85316.00,2026-01-09T16:39:00+00:00,INR,CUS_95162,2026-01-05T09:30:00+00:00,INV_000884,MCH_SAAS,ORD_000884,"{'amount': '85316.00', 'merchant': 'Nila SaaS Systems'}",REF_000884,orders.csv,orders:ORD_000884
15564.00,2026-01-09T16:57:00+00:00,INR,CUS_29978,2026-01-05T09:30:00+00:00,INV_000886,MCH_ZERO,ORD_000886,"{'amount': '15564.00', 'merchant': 'Zero Fee Internal Rail'}",REF_000886,orders.csv,orders:ORD_000886
59218.50,2026-01-09T17:00:00+00:00,INR,CUS_41801,2026-01-05T09:30:00+00:00,INV_000887,MCH_ZERO,ORD_000887,"{'amount': '59218.50', 'merchant': 'Zero Fee Internal Rail'}",REF_000887,orders.csv,orders:ORD_000887
1332.00,2026-01-09T17:11:00+00:00,INR,CUS_92629,2026-01-05T09:30:00+00:00,INV_000888,MCH_CAFE,ORD_000888,"{'amount': '1332.00', 'merchant': 'Kaveri Coffee Roasters'}",REF_000888,orders.csv,orders:ORD_000888
76146.50,2026-01-09T17:15:00+00:00,INR,CUS_82653,2026-01-05T09:30:00+00:00,INV_000889,MCH_TRAVEL,ORD_000889,"{'amount': '76146.50', 'merchant': 'Vista Travel Desk'}",REF_000889,orders.csv,orders:ORD_000889
67586.50,2026-01-09T17:25:00+00:00,INR,CUS_90149,2026-01-05T09:30:00+00:00,INV_000890,MCH_SAAS,ORD_000890,"{'amount': '67586.50', 'merchant': 'Nila SaaS Systems'}",REF_000890,orders.csv,orders:ORD_000890
2792.25,2026-01-09T17:29:00+00:00,INR,CUS_85550,2026-01-05T09:30:00+00:00,INV_000891,MCH_HEALTH,ORD_000891,"{'amount': '2792.25', 'merchant': 'Prana Health Online'}",REF_000891,orders.csv,orders:ORD_000891
54975.25,2026-01-09T17:37:00+00:00,INR,CUS_25327,2026-01-05T09:30:00+00:00,INV_000892,MCH_TRAVEL,ORD_000892,"{'amount': '54975.25', 'merchant': 'Vista Travel Desk'}",REF_000892,orders.csv,orders:ORD_000892
21446.00,2026-01-09T17:44:00+00:00,INR,CUS_35192,2026-01-05T09:30:00+00:00,INV_000893,MCH_ZERO,ORD_000893,"{'amount': '21446.00', 'merchant': 'Zero Fee Internal Rail'}",REF_000893,orders.csv,orders:ORD_000893
29096.50,2026-01-09T17:50:00+00:00,INR,CUS_99780,2026-01-05T09:30:00+00:00,INV_000894,MCH_HEALTH,ORD_000894,"{'amount': '29096.50', 'merchant': 'Prana Health Online'}",REF_000894,orders.csv,orders:ORD_000894
88525.75,2026-01-09T17:58:00+00:00,INR,CUS_57219,2026-01-05T09:30:00+00:00,INV_000895,MCH_SAAS,ORD_000895,"{'amount': '88525.75', 'merchant': 'Nila SaaS Systems'}",REF_000895,orders.csv,orders:ORD_000895
11597.75,2026-01-09T18:03:00+00:00,INR,CUS_73293,2026-01-05T09:30:00+00:00,INV_000896,MCH_TRAVEL,ORD_000896,"{'amount': '11597.75', 'merchant': 'Vista Travel Desk'}",REF_000896,orders.csv,orders:ORD_000896
64811.00,2026-01-09T18:12:00+00:00,INR,CUS_64523,2026-01-05T09:30:00+00:00,INV_000897,MCH_HEALTH,ORD_000897,"{'amount': '64811.00', 'merchant': 'Prana Health Online'}",REF_000897,orders.csv,orders:ORD_000897
6466.00,2026-01-09T18:18:00+00:00,INR,CUS_57026,2026-01-05T09:30:00+00:00,INV_000898,MCH_HEALTH,ORD_000898,"{'amount': '6466.00', 'merchant': 'Prana Health Online'}",REF_000898,orders.csv,orders:ORD_000898
4490.00,2026-01-09T18:26:00+00:00,INR,CUS_54267,2026-01-05T09:30:00+00:00,INV_000899,MCH_HEALTH,ORD_000899,"{'amount': '4490.00', 'merchant': 'Prana Health Online'}",REF_000899,orders.csv,orders:ORD_000899
29672.25,2026-01-09T18:32:00+00:00,INR,CUS_43793,2026-01-05T09:30:00+00:00,INV_000900,MCH_HEALTH,ORD_000900,"{'amount': '29672.25', 'merchant': 'Prana Health Online'}",REF_000900,orders.csv,orders:ORD_000900
67852.50,2026-01-09T18:37:00+00:00,INR,CUS_97750,2026-01-05T09:30:00+00:00,INV_000901,MCH_SWIFT,ORD_000901,"{'amount': '67852.50', 'merchant': 'SwiftKart Marketplace'}",REF_000901,orders.csv,orders:ORD_000901
14179.50,2026-01-09T18:44:00+00:00,INR,CUS_89908,2026-01-05T09:30:00+00:00,INV_000902,MCH_ZERO,ORD_000902,"{'amount': '14179.50', 'merchant': 'Zero Fee Internal Rail'}",REF_000902,orders.csv,orders:ORD_000902
82865.00,2026-01-09T18:53:00+00:00,INR,CUS_36920,2026-01-05T09:30:00+00:00,INV_000903,MCH_SWIFT,ORD_000903,"{'amount': '82865.00', 'merchant': 'SwiftKart Marketplace'}",REF_000903,orders.csv,orders:ORD_000903
13314.00,2026-01-09T19:00:00+00:00,INR,CUS_94815,2026-01-05T09:30:00+00:00,INV_000904,MCH_SAAS,ORD_000904,"{'amount': '13314.00', 'merchant': 'Nila SaaS Systems'}",REF_000904,orders.csv,orders:ORD_000904
57854.25,2026-01-09T19:06:00+00:00,INR,CUS_10863,2026-01-05T09:30:00+00:00,INV_000905,MCH_SWIFT,ORD_000905,"{'amount': '57854.25', 'merchant': 'SwiftKart Marketplace'}",REF_000905,orders.csv,orders:ORD_000905
22747.00,2026-01-09T19:14:00+00:00,INR,CUS_44867,2026-01-05T09:30:00+00:00,INV_000906,MCH_HEALTH,ORD_000906,"{'amount': '22747.00', 'merchant': 'Prana Health Online'}",REF_000906,orders.csv,orders:ORD_000906
69722.25,2026-01-09T19:20:00+00:00,INR,CUS_39908,2026-01-05T09:30:00+00:00,INV_000907,MCH_SWIFT,ORD_000907,"{'amount': '69722.25', 'merchant': 'SwiftKart Marketplace'}",REF_000907,orders.csv,orders:ORD_000907
58309.00,2026-01-09T19:31:00+00:00,INR,CUS_11303,2026-01-05T09:30:00+00:00,INV_000908,MCH_ZERO,ORD_000908,"{'amount': '58309.00', 'merchant': 'Zero Fee Internal Rail'}",REF_000908,orders.csv,orders:ORD_000908
57194.00,2026-01-09T19:33:00+00:00,INR,CUS_61546,2026-01-05T09:30:00+00:00,INV_000909,MCH_SWIFT,ORD_000909,"{'amount': '57194.00', 'merchant': 'SwiftKart Marketplace'}",REF_000909,orders.csv,orders:ORD_000909
52991.75,2026-01-09T19:42:00+00:00,INR,CUS_82562,2026-01-05T09:30:00+00:00,INV_000910,MCH_SAAS,ORD_000910,"{'amount': '52991.75', 'merchant': 'Nila SaaS Systems'}",REF_000910,orders.csv,orders:ORD_000910
69478.50,2026-01-09T19:52:00+00:00,INR,CUS_29249,2026-01-05T09:30:00+00:00,INV_000911,MCH_CAFE,ORD_000911,"{'amount': '69478.50', 'merchant': 'Kaveri Coffee Roasters'}",REF_000911,orders.csv,orders:ORD_000911
53319.00,2026-01-09T20:01:00+00:00,INR,CUS_49522,2026-01-05T09:30:00+00:00,INV_000913,MCH_TRAVEL,ORD_000913,"{'amount': '53319.00', 'merchant': 'Vista Travel Desk'}",REF_000913,orders.csv,orders:ORD_000913
16815.50,2026-01-09T20:10:00+00:00,INR,CUS_80882,2026-01-05T09:30:00+00:00,INV_000914,MCH_TRAVEL,ORD_000914,"{'amount': '16815.50', 'merchant': 'Vista Travel Desk'}",REF_000914,orders.csv,orders:ORD_000914
3369.00,2026-01-09T20:19:00+00:00,INR,CUS_80770,2026-01-05T09:30:00+00:00,INV_000915,MCH_SWIFT,ORD_000915,"{'amount': '3369.00', 'merchant': 'SwiftKart Marketplace'}",REF_000915,orders.csv,orders:ORD_000915
55710.50,2026-01-09T20:27:00+00:00,INR,CUS_24475,2026-01-05T09:30:00+00:00,INV_000916,MCH_TRAVEL,ORD_000916,"{'amount': '55710.50', 'merchant': 'Vista Travel Desk'}",REF_000916,orders.csv,orders:ORD_000916
66818.00,2026-01-09T20:29:00+00:00,INR,CUS_26228,2026-01-05T09:30:00+00:00,INV_000917,MCH_TRAVEL,ORD_000917,"{'amount': '66818.00', 'merchant': 'Vista Travel Desk'}",REF_000917,orders.csv,orders:ORD_000917
983.25,2026-01-09T20:37:00+00:00,INR,CUS_54430,2026-01-05T09:30:00+00:00,INV_000918,MCH_HEALTH,ORD_000918,"{'amount': '983.25', 'merchant': 'Prana Health Online'}",REF_000918,orders.csv,orders:ORD_000918
37594.75,2026-01-09T20:48:00+00:00,INR,CUS_85073,2026-01-05T09:30:00+00:00,INV_000919,MCH_CAFE,ORD_000919,"{'amount': '37594.75', 'merchant': 'Kaveri Coffee Roasters'}",REF_000919,orders.csv,orders:ORD_000919
43271.50,2026-01-09T20:51:00+00:00,INR,CUS_86332,2026-01-05T09:30:00+00:00,INV_000920,MCH_ZERO,ORD_000920,"{'amount': '43271.50', 'merchant': 'Zero Fee Internal Rail'}",REF_000920,orders.csv,orders:ORD_000920
11040.00,2026-01-09T21:00:00+00:00,INR,CUS_18151,2026-01-05T09:30:00+00:00,INV_000921,MCH_SAAS,ORD_000921,"{'amount': '11040.00', 'merchant': 'Nila SaaS Systems'}",REF_000921,orders.csv,orders:ORD_000921
10533.00,2026-01-09T21:08:00+00:00,INR,CUS_98712,2026-01-05T09:30:00+00:00,INV_000922,MCH_SAAS,ORD_000922,"{'amount': '10533.00', 'merchant': 'Nila SaaS Systems'}",REF_000922,orders.csv,orders:ORD_000922
57982.75,2026-01-09T21:16:00+00:00,INR,CUS_74165,2026-01-05T09:30:00+00:00,INV_000923,MCH_SAAS,ORD_000923,"{'amount': '57982.75', 'merchant': 'Nila SaaS Systems'}",REF_000923,orders.csv,orders:ORD_000923
60293.00,2026-01-09T21:29:00+00:00,INR,CUS_77264,2026-01-05T09:30:00+00:00,INV_000925,MCH_TRAVEL,ORD_000925,"{'amount': '60293.00', 'merchant': 'Vista Travel Desk'}",REF_000925,orders.csv,orders:ORD_000925
4573.75,2026-01-09T21:36:00+00:00,INR,CUS_30557,2026-01-05T09:30:00+00:00,INV_000926,MCH_SAAS,ORD_000926,"{'amount': '4573.75', 'merchant': 'Nila SaaS Systems'}",REF_000926,orders.csv,orders:ORD_000926
16142.00,2026-01-09T21:41:00+00:00,INR,CUS_84942,2026-01-05T09:30:00+00:00,INV_000927,MCH_ZERO,ORD_000927,"{'amount': '16142.00', 'merchant': 'Zero Fee Internal Rail'}",REF_000927,orders.csv,orders:ORD_000927
40267.00,2026-01-09T21:48:00+00:00,INR,CUS_49748,2026-01-05T09:30:00+00:00,INV_000928,MCH_CAFE,ORD_000928,"{'amount': '40267.00', 'merchant': 'Kaveri Coffee Roasters'}",REF_000928,orders.csv,orders:ORD_000928
77583.25,2026-01-09T21:55:00+00:00,INR,CUS_16376,2026-01-05T09:30:00+00:00,INV_000929,MCH_SWIFT,ORD_000929,"{'amount': '77583.25', 'merchant': 'SwiftKart Marketplace'}",REF_000929,orders.csv,orders:ORD_000929
16333.50,2026-01-09T22:00:00+00:00,INR,CUS_55698,2026-01-05T09:30:00+00:00,INV_000930,MCH_ZERO,ORD_000930,"{'amount': '16333.50', 'merchant': 'Zero Fee Internal Rail'}",REF_000930,orders.csv,orders:ORD_000930
40893.50,2026-01-09T22:09:00+00:00,INR,CUS_69293,2026-01-05T09:30:00+00:00,INV_000931,MCH_HEALTH,ORD_000931,"{'amount': '40893.50', 'merchant': 'Prana Health Online'}",REF_000931,orders.csv,orders:ORD_000931
66460.75,2026-01-09T22:17:00+00:00,INR,CUS_70415,2026-01-05T09:30:00+00:00,INV_000932,MCH_SWIFT,ORD_000932,"{'amount': '66460.75', 'merchant': 'SwiftKart Marketplace'}",REF_000932,orders.csv,orders:ORD_000932
87397.50,2026-01-09T22:24:00+00:00,INR,CUS_63690,2026-01-05T09:30:00+00:00,INV_000933,MCH_HEALTH,ORD_000933,"{'amount': '87397.50', 'merchant': 'Prana Health Online'}",REF_000933,orders.csv,orders:ORD_000933
6305.75,2026-01-09T22:33:00+00:00,INR,CUS_68077,2026-01-05T09:30:00+00:00,INV_000934,MCH_HEALTH,ORD_000934,"{'amount': '6305.75', 'merchant': 'Prana Health Online'}",REF_000934,orders.csv,orders:ORD_000934
3551.50,2026-01-09T22:40:00+00:00,INR,CUS_92589,2026-01-05T09:30:00+00:00,INV_000935,MCH_TRAVEL,ORD_000935,"{'amount': '3551.50', 'merchant': 'Vista Travel Desk'}",REF_000935,orders.csv,orders:ORD_000935
81394.50,2026-01-09T22:42:00+00:00,INR,CUS_85609,2026-01-05T09:30:00+00:00,INV_000936,MCH_SWIFT,ORD_000936,"{'amount': '81394.50', 'merchant': 'SwiftKart Marketplace'}",REF_000936,orders.csv,orders:ORD_000936
16065.75,2026-01-09T22:50:00+00:00,INR,CUS_79711,2026-01-05T09:30:00+00:00,INV_000937,MCH_ZERO,ORD_000937,"{'amount': '16065.75', 'merchant': 'Zero Fee Internal Rail'}",REF_000937,orders.csv,orders:ORD_000937
79841.00,2026-01-09T23:07:00+00:00,INR,CUS_62664,2026-01-05T09:30:00+00:00,INV_000939,MCH_HEALTH,ORD_000939,"{'amount': '79841.00', 'merchant': 'Prana Health Online'}",REF_000939,orders.csv,orders:ORD_000939
3453.50,2026-01-09T23:13:00+00:00,INR,CUS_51599,2026-01-05T09:30:00+00:00,INV_000940,MCH_SAAS,ORD_000940,"{'amount': '3453.50', 'merchant': 'Nila SaaS Systems'}",REF_000940,orders.csv,orders:ORD_000940
71312.00,2026-01-09T23:18:00+00:00,INR,CUS_47401,2026-01-05T09:30:00+00:00,INV_000941,MCH_ZERO,ORD_000941,"{'amount': '71312.00', 'merchant': 'Zero Fee Internal Rail'}",REF_000941,orders.csv,orders:ORD_000941
22476.00,2026-01-09T23:26:00+00:00,INR,CUS_90540,2026-01-05T09:30:00+00:00,INV_000942,MCH_TRAVEL,ORD_000942,"{'amount': '22476.00', 'merchant': 'Vista Travel Desk'}",REF_000942,orders.csv,orders:ORD_000942
51410.00,2026-01-09T23:32:00+00:00,INR,CUS_51948,2026-01-05T09:30:00+00:00,INV_000943,MCH_CAFE,ORD_000943,"{'amount': '51410.00', 'merchant': 'Kaveri Coffee Roasters'}",REF_000943,orders.csv,orders:ORD_000943
26849.00,2026-01-09T23:42:00+00:00,INR,CUS_88250,2026-01-05T09:30:00+00:00,INV_000944,MCH_ZERO,ORD_000944,"{'amount': '26849.00', 'merchant': 'Zero Fee Internal Rail'}",REF_000944,orders.csv,orders:ORD_000944
35596.00,2026-01-09T23:48:00+00:00,INR,CUS_51724,2026-01-05T09:30:00+00:00,INV_000945,MCH_ZERO,ORD_000945,"{'amount': '35596.00', 'merchant': 'Zero Fee Internal Rail'}",REF_000945,orders.csv,orders:ORD_000945
4088.25,2026-01-09T23:53:00+00:00,INR,CUS_93039,2026-01-05T09:30:00+00:00,INV_000946,MCH_SAAS,ORD_000946,"{'amount': '4088.25', 'merchant': 'Nila SaaS Systems'}",REF_000946,orders.csv,orders:ORD_000946
73006.75,2026-01-10T00:01:00+00:00,INR,CUS_26458,2026-01-05T09:30:00+00:00,INV_000947,MCH_SWIFT,ORD_000947,"{'amount': '73006.75', 'merchant': 'SwiftKart Marketplace'}",REF_000947,orders.csv,orders:ORD_000947
65892.00,2026-01-10T00:08:00+00:00,INR,CUS_28660,2026-01-05T09:30:00+00:00,INV_000948,MCH_TRAVEL,ORD_000948,"{'amount': '65892.00', 'merchant': 'Vista Travel Desk'}",REF_000948,orders.csv,orders:ORD_000948
55842.50,2026-01-10T00:13:00+00:00,INR,CUS_69210,2026-01-05T09:30:00+00:00,INV_000949,MCH_HEALTH,ORD_000949,"{'amount': '55842.50', 'merchant': 'Prana Health Online'}",REF_000949,orders.csv,orders:ORD_000949
22239.00,2026-01-10T00:23:00+00:00,INR,CUS_17887,2026-01-05T09:30:00+00:00,INV_000950,MCH_TRAVEL,ORD_000950,"{'amount': '22239.00', 'merchant': 'Vista Travel Desk'}",REF_000950,orders.csv,orders:ORD_000950
83164.00,2026-01-10T00:31:00+00:00,INR,CUS_86697,2026-01-05T09:30:00+00:00,INV_000951,MCH_CAFE,ORD_000951,"{'amount': '83164.00', 'merchant': 'Kaveri Coffee Roasters'}",REF_000951,orders.csv,orders:ORD_000951
12059.25,2026-01-10T00:35:00+00:00,INR,CUS_26118,2026-01-05T09:30:00+00:00,INV_000952,MCH_CAFE,ORD_000952,"{'amount': '12059.25', 'merchant': 'Kaveri Coffee Roasters'}",REF_000952,orders.csv,orders:ORD_000952
42020.75,2026-01-10T00:46:00+00:00,INR,CUS_54909,2026-01-05T09:30:00+00:00,INV_000953,MCH_HEALTH,ORD_000953,"{'amount': '42020.75', 'merchant': 'Prana Health Online'}",REF_000953,orders.csv,orders:ORD_000953
87105.00,2026-01-10T00:49:00+00:00,INR,CUS_54778,2026-01-05T09:30:00+00:00,INV_000954,MCH_SWIFT,ORD_000954,"{'amount': '87105.00', 'merchant': 'SwiftKart Marketplace'}",REF_000954,orders.csv,orders:ORD_000954
568.50,2026-01-10T00:55:00+00:00,INR,CUS_72459,2026-01-05T09:30:00+00:00,INV_000955,MCH_TRAVEL,ORD_000955,"{'amount': '568.50', 'merchant': 'Vista Travel Desk'}",REF_000955,orders.csv,orders:ORD_000955
64391.25,2026-01-10T01:02:00+00:00,INR,CUS_80533,2026-01-05T09:30:00+00:00,INV_000956,MCH_HEALTH,ORD_000956,"{'amount': '64391.25', 'merchant': 'Prana Health Online'}",REF_000956,orders.csv,orders:ORD_000956
79115.00,2026-01-10T01:10:00+00:00,INR,CUS_60692,2026-01-05T09:30:00+00:00,INV_000957,MCH_SAAS,ORD_000957,"{'amount': '79115.00', 'merchant': 'Nila SaaS Systems'}",REF_000957,orders.csv,orders:ORD_000957
25595.25,2026-01-10T01:17:00+00:00,INR,CUS_11227,2026-01-05T09:30:00+00:00,INV_000958,MCH_CAFE,ORD_000958,"{'amount': '25595.25', 'merchant': 'Kaveri Coffee Roasters'}",REF_000958,orders.csv,orders:ORD_000958
12092.50,2026-01-10T01:25:00+00:00,INR,CUS_91951,2026-01-05T09:30:00+00:00,INV_000959,MCH_SWIFT,ORD_000959,"{'amount': '12092.50', 'merchant': 'SwiftKart Marketplace'}",REF_000959,orders.csv,orders:ORD_000959
5122.00,2026-01-10T01:35:00+00:00,INR,CUS_74597,2026-01-05T09:30:00+00:00,INV_000960,MCH_CAFE,ORD_000960,"{'amount': '5122.00', 'merchant': 'Kaveri Coffee Roasters'}",REF_000960,orders.csv,orders:ORD_000960
52215.00,2026-01-10T01:41:00+00:00,INR,CUS_46352,2026-01-05T09:30:00+00:00,INV_000961,MCH_TRAVEL,ORD_000961,"{'amount': '52215.00', 'merchant': 'Vista Travel Desk'}",REF_000961,orders.csv,orders:ORD_000961
25697.75,2026-01-10T01:49:00+00:00,INR,CUS_84148,2026-01-05T09:30:00+00:00,INV_000962,MCH_HEALTH,ORD_000962,"{'amount': '25697.75', 'merchant': 'Prana Health Online'}",REF_000962,orders.csv,orders:ORD_000962
8826.00,2026-01-10T01:55:00+00:00,INR,CUS_44029,2026-01-05T09:30:00+00:00,INV_000963,MCH_TRAVEL,ORD_000963,"{'amount': '8826.00', 'merchant': 'Vista Travel Desk'}",REF_000963,orders.csv,orders:ORD_000963
89132.50,2026-01-10T02:00:00+00:00,INR,CUS_90538,2026-01-05T09:30:00+00:00,INV_000964,MCH_TRAVEL,ORD_000964,"{'amount': '89132.50', 'merchant': 'Vista Travel Desk'}",REF_000964,orders.csv,orders:ORD_000964
84312.75,2026-01-10T02:05:00+00:00,INR,CUS_95200,2026-01-05T09:30:00+00:00,INV_000965,MCH_SAAS,ORD_000965,"{'amount': '84312.75', 'merchant': 'Nila SaaS Systems'}",REF_000965,orders.csv,orders:ORD_000965
16253.75,2026-01-10T02:15:00+00:00,INR,CUS_77933,2026-01-05T09:30:00+00:00,INV_000966,MCH_CAFE,ORD_000966,"{'amount': '16253.75', 'merchant': 'Kaveri Coffee Roasters'}",REF_000966,orders.csv,orders:ORD_000966
29731.00,2026-01-10T02:22:00+00:00,INR,CUS_46429,2026-01-05T09:30:00+00:00,INV_000967,MCH_TRAVEL,ORD_000967,"{'amount': '29731.00', 'merchant': 'Vista Travel Desk'}",REF_000967,orders.csv,orders:ORD_000967
51661.00,2026-01-10T02:26:00+00:00,INR,CUS_53870,2026-01-05T09:30:00+00:00,INV_000968,MCH_ZERO,ORD_000968,"{'amount': '51661.00', 'merchant': 'Zero Fee Internal Rail'}",REF_000968,orders.csv,orders:ORD_000968
33065.00,2026-01-10T02:35:00+00:00,INR,CUS_31558,2026-01-05T09:30:00+00:00,INV_000969,MCH_ZERO,ORD_000969,"{'amount': '33065.00', 'merchant': 'Zero Fee Internal Rail'}",REF_000969,orders.csv,orders:ORD_000969
77964.75,2026-01-10T02:49:00+00:00,INR,CUS_53817,2026-01-05T09:30:00+00:00,INV_000971,MCH_ZERO,ORD_000971,"{'amount': '77964.75', 'merchant': 'Zero Fee Internal Rail'}",REF_000971,orders.csv,orders:ORD_000971
44969.00,2026-01-10T02:58:00+00:00,INR,CUS_53724,2026-01-05T09:30:00+00:00,INV_000972,MCH_SWIFT,ORD_000972,"{'amount': '44969.00', 'merchant': 'SwiftKart Marketplace'}",REF_000972,orders.csv,orders:ORD_000972
82265.25,2026-01-10T03:01:00+00:00,INR,CUS_85882,2026-01-05T09:30:00+00:00,INV_000973,MCH_ZERO,ORD_000973,"{'amount': '82265.25', 'merchant': 'Zero Fee Internal Rail'}",REF_000973,orders.csv,orders:ORD_000973
7481.00,2026-01-10T03:20:00+00:00,INR,CUS_90050,2026-01-05T09:30:00+00:00,INV_000975,MCH_SAAS,ORD_000975,"{'amount': '7481.00', 'merchant': 'Nila SaaS Systems'}",REF_000975,orders.csv,orders:ORD_000975
7612.50,2026-01-10T03:24:00+00:00,INR,CUS_16842,2026-01-05T09:30:00+00:00,INV_000976,MCH_TRAVEL,ORD_000976,"{'amount': '7612.50', 'merchant': 'Vista Travel Desk'}",REF_000976,orders.csv,orders:ORD_000976
54184.00,2026-01-10T03:34:00+00:00,INR,CUS_88587,2026-01-05T09:30:00+00:00,INV_000977,MCH_HEALTH,ORD_000977,"{'amount': '54184.00', 'merchant': 'Prana Health Online'}",REF_000977,orders.csv,orders:ORD_000977
56412.50,2026-01-10T03:36:00+00:00,INR,CUS_91163,2026-01-05T09:30:00+00:00,INV_000978,MCH_SAAS,ORD_000978,"{'amount': '56412.50', 'merchant': 'Nila SaaS Systems'}",REF_000978,orders.csv,orders:ORD_000978
43317.50,2026-01-10T03:43:00+00:00,INR,CUS_35228,2026-01-05T09:30:00+00:00,INV_000979,MCH_HEALTH,ORD_000979,"{'amount': '43317.50', 'merchant': 'Prana Health Online'}",REF_000979,orders.csv,orders:ORD_000979
25677.50,2026-01-10T03:55:00+00:00,INR,CUS_26512,2026-01-05T09:30:00+00:00,INV_000980,MCH_HEALTH,ORD_000980,"{'amount': '25677.50', 'merchant': 'Prana Health Online'}",REF_000980,orders.csv,orders:ORD_000980
63397.75,2026-01-10T04:00:00+00:00,INR,CUS_91376,2026-01-05T09:30:00+00:00,INV_000981,MCH_SAAS,ORD_000981,"{'amount': '63397.75', 'merchant': 'Nila SaaS Systems'}",REF_000981,orders.csv,orders:ORD_000981
8228.00,2026-01-10T04:08:00+00:00,INR,CUS_50850,2026-01-05T09:30:00+00:00,INV_000982,MCH_ZERO,ORD_000982,"{'amount': '8228.00', 'merchant': 'Zero Fee Internal Rail'}",REF_000982,orders.csv,orders:ORD_000982
71228.00,2026-01-10T04:14:00+00:00,INR,CUS_29321,2026-01-05T09:30:00+00:00,INV_000983,MCH_HEALTH,ORD_000983,"{'amount': '71228.00', 'merchant': 'Prana Health Online'}",REF_000983,orders.csv,orders:ORD_000983
1359.50,2026-01-10T04:23:00+00:00,INR,CUS_86865,2026-01-05T09:30:00+00:00,INV_000984,MCH_CAFE,ORD_000984,"{'amount': '1359.50', 'merchant': 'Kaveri Coffee Roasters'}",REF_000984,orders.csv,orders:ORD_000984
73628.00,2026-01-10T04:27:00+00:00,INR,CUS_65320,2026-01-05T09:30:00+00:00,INV_000985,MCH_HEALTH,ORD_000985,"{'amount': '73628.00', 'merchant': 'Prana Health Online'}",REF_000985,orders.csv,orders:ORD_000985
45067.00,2026-01-10T04:35:00+00:00,INR,CUS_97537,2026-01-05T09:30:00+00:00,INV_000986,MCH_ZERO,ORD_000986,"{'amount': '45067.00', 'merchant': 'Zero Fee Internal Rail'}",REF_000986,orders.csv,orders:ORD_000986
39573.25,2026-01-10T04:40:00+00:00,INR,CUS_53072,2026-01-05T09:30:00+00:00,INV_000987,MCH_HEALTH,ORD_000987,"{'amount': '39573.25', 'merchant': 'Prana Health Online'}",REF_000987,orders.csv,orders:ORD_000987
29057.00,2026-01-10T04:47:00+00:00,INR,CUS_93724,2026-01-05T09:30:00+00:00,INV_000988,MCH_SAAS,ORD_000988,"{'amount': '29057.00', 'merchant': 'Nila SaaS Systems'}",REF_000988,orders.csv,orders:ORD_000988
63312.75,2026-01-10T04:58:00+00:00,INR,CUS_53452,2026-01-05T09:30:00+00:00,INV_000989,MCH_SWIFT,ORD_000989,"{'amount': '63312.75', 'merchant': 'SwiftKart Marketplace'}",REF_000989,orders.csv,orders:ORD_000989
1596.00,2026-01-10T05:00:00+00:00,INR,CUS_56908,2026-01-05T09:30:00+00:00,INV_000990,MCH_CAFE,ORD_000990,"{'amount': '1596.00', 'merchant': 'Kaveri Coffee Roasters'}",REF_000990,orders.csv,orders:ORD_000990
58025.00,2026-01-10T05:11:00+00:00,INR,CUS_92750,2026-01-05T09:30:00+00:00,INV_000991,MCH_CAFE,ORD_000991,"{'amount': '58025.00', 'merchant': 'Kaveri Coffee Roasters'}",REF_000991,orders.csv,orders:ORD_000991
26229.00,2026-01-10T05:15:00+00:00,INR,CUS_32825,2026-01-05T09:30:00+00:00,INV_000992,MCH_SWIFT,ORD_000992,"{'amount': '26229.00', 'merchant': 'SwiftKart Marketplace'}",REF_000992,orders.csv,orders:ORD_000992
32539.00,2026-01-10T05:21:00+00:00,INR,CUS_35688,2026-01-05T09:30:00+00:00,INV_000993,MCH_HEALTH,ORD_000993,"{'amount': '32539.00', 'merchant': 'Prana Health Online'}",REF_000993,orders.csv,orders:ORD_000993
89095.00,2026-01-10T05:33:00+00:00,INR,CUS_59666,2026-01-05T09:30:00+00:00,INV_000994,MCH_ZERO,ORD_000994,"{'amount': '89095.00', 'merchant': 'Zero Fee Internal Rail'}",REF_000994,orders.csv,orders:ORD_000994
60095.00,2026-01-10T05:37:00+00:00,INR,CUS_58449,2026-01-05T09:30:00+00:00,INV_000995,MCH_CAFE,ORD_000995,"{'amount': '60095.00', 'merchant': 'Kaveri Coffee Roasters'}",REF_000995,orders.csv,orders:ORD_000995
19231.00,2026-01-10T05:43:00+00:00,INR,CUS_34856,2026-01-05T09:30:00+00:00,INV_000996,MCH_ZERO,ORD_000996,"{'amount': '19231.00', 'merchant': 'Zero Fee Internal Rail'}",REF_000996,orders.csv,orders:ORD_000996
78884.25,2026-01-10T05:50:00+00:00,INR,CUS_93380,2026-01-05T09:30:00+00:00,INV_000997,MCH_CAFE,ORD_000997,"{'amount': '78884.25', 'merchant': 'Kaveri Coffee Roasters'}",REF_000997,orders.csv,orders:ORD_000997
43249.00,2026-01-10T06:01:00+00:00,INR,CUS_16980,2026-01-05T09:30:00+00:00,INV_000998,MCH_SWIFT,ORD_000998,"{'amount': '43249.00', 'merchant': 'SwiftKart Marketplace'}",REF_000998,orders.csv,orders:ORD_000998
10970.25,2026-01-10T06:07:00+00:00,INR,CUS_96966,2026-01-05T09:30:00+00:00,INV_000999,MCH_SWIFT,ORD_000999,"{'amount': '10970.25', 'merchant': 'SwiftKart Marketplace'}",REF_000999,orders.csv,orders:ORD_000999
67036.00,2026-01-10T06:14:00+00:00,INR,CUS_75350,2026-01-05T09:30:00+00:00,INV_001000,MCH_TRAVEL,ORD_001000,"{'amount': '67036.00', 'merchant': 'Vista Travel Desk'}",REF_001000,orders.csv,orders:ORD_001000
