amount,captured_at,currency,customer_id,ingested_at,merchant_id,order_id,original,payment_id,payment_method,reference_id,source,source_record_id
48447.50,2026-01-05T09:41:00+00:00,INR,CUS_94518,2026-01-05T09:30:00+00:00,MCH_ZERO,ORD_000001,"{'amount': '48447.50', 'captured_at': '2026-01-05T09:41:00+00:00'}",PAY_000001,wallet,REF_000001,payments.csv,payments:PAY_000001
16311.25,2026-01-05T09:56:00+00:00,INR,CUS_22015,2026-01-05T09:30:00+00:00,MCH_SWIFT,ORD_000002,"{'amount': '16311.25', 'captured_at': '2026-01-05T09:56:00+00:00'}",PAY_000002,upi,REF_000002,payments.csv,payments:PAY_000002
74300.00,2026-01-05T10:02:00+00:00,INR,CUS_18992,2026-01-05T09:30:00+00:00,MCH_SWIFT,ORD_000003,"{'amount': '74300.00', 'captured_at': '2026-01-05T10:02:00+00:00'}",PAY_000003,card,REF_000003,payments.csv,payments:PAY_000003
74300.00,2026-01-05T10:06:00+00:00,INR,CUS_18992,2026-01-05T09:30:00+00:00,MCH_SWIFT,ORD_000003,"{'amount': '74300.00', 'captured_at': '2026-01-05T10:06:00+00:00'}",PAY_000004,card,REF_000003,payments.csv,payments:PAY_000004
19264.00,2026-01-05T10:13:00+00:00,INR,CUS_80807,2026-01-05T09:30:00+00:00,MCH_CAFE,ORD_000005,"{'amount': '19264.00', 'captured_at': '2026-01-05T10:13:00+00:00'}",PAY_000005,upi,REF_000005,payments.csv,payments:PAY_000005
2247.00,2026-01-05T10:27:00+00:00,INR,CUS_41186,2026-01-05T09:30:00+00:00,MCH_SWIFT,ORD_000006,"{'amount': '2247.00', 'captured_at': '2026-01-05T10:27:00+00:00'}",PAY_000006,upi,REF_000006,payments.csv,payments:PAY_000006
55476.50,2026-01-05T10:27:00+00:00,INR,CUS_24896,2026-01-05T09:30:00+00:00,MCH_SWIFT,ORD_000007,"{'amount': '55476.50', 'captured_at': '2026-01-05T10:27:00+00:00'}",PAY_000007,wallet,REF_000007,payments.csv,payments:PAY_000007
67571.50,2026-01-05T10:46:00+00:00,INR,CUS_24293,2026-01-05T09:30:00+00:00,MCH_CAFE,ORD_000008,"{'amount': '67571.50', 'captured_at': '2026-01-05T10:46:00+00:00'}",PAY_000008,card,REF_000008,payments.csv,payments:PAY_000008
86663.50,2026-01-05T10:37:00+00:00,INR,CUS_49535,2026-01-05T09:30:00+00:00,MCH_TRAVEL,ORD_000009,"{'amount': '86663.50', 'captured_at': '2026-01-05T10:37:00+00:00'}",PAY_000009,upi,REF_000009,payments.csv,payments:PAY_000009
56172.75,2026-01-05T10:58:00+00:00,INR,CUS_24150,2026-01-05T09:30:00+00:00,MCH_SAAS,ORD_000010,"{'amount': '56172.75', 'captured_at': '2026-01-05T10:58:00+00:00'}",PAY_000010,upi,REF_000010,payments.csv,payments:PAY_000010
80030.00,2026-01-05T10:57:00+00:00,INR,CUS_18609,2026-01-05T09:30:00+00:00,MCH_CAFE,ORD_000011,"{'amount': '80030.00', 'captured_at': '2026-01-05T10:57:00+00:00'}",PAY_000011,netbanking,REF_000011,payments.csv,payments:PAY_000011
69841.00,2026-01-05T11:12:00+00:00,INR,CUS_69469,2026-01-05T09:30:00+00:00,MCH_HEALTH,ORD_000012,"{'amount': '69841.00', 'captured_at': '2026-01-05T11:12:00+00:00'}",PAY_000012,upi,REF_000012,payments.csv,payments:PAY_000012
85616.50,2026-01-05T11:19:00+00:00,INR,CUS_38183,2026-01-05T09:30:00+00:00,MCH_TRAVEL,ORD_000013,"{'amount': '85616.50', 'captured_at': '2026-01-05T11:19:00+00:00'}",PAY_000013,card,REF_000013,payments.csv,payments:PAY_000013
59741.25,2026-01-05T11:17:00+00:00,INR,CUS_64524,2026-01-05T09:30:00+00:00,MCH_CAFE,ORD_000014,"{'amount': '59741.25', 'captured_at': '2026-01-05T11:17:00+00:00'}",PAY_000014,netbanking,REF_000014,payments.csv,payments:PAY_000014
87477.00,2026-01-05T11:32:00+00:00,INR,CUS_59060,2026-01-05T09:30:00+00:00,MCH_CAFE,ORD_000015,"{'amount': '87477.00', 'captured_at': '2026-01-05T11:32:00+00:00'}",PAY_000015,upi,REF_000015,payments.csv,payments:PAY_000015
12519.25,2026-01-05T11:39:00+00:00,INR,CUS_22656,2026-01-05T09:30:00+00:00,MCH_ZERO,ORD_000016,"{'amount': '12519.25', 'captured_at': '2026-01-05T11:39:00+00:00'}",PAY_000016,card,REF_000016,payments.csv,payments:PAY_000016
73908.50,2026-01-05T11:38:00+00:00,INR,CUS_53207,2026-01-05T09:30:00+00:00,MCH_HEALTH,ORD_000017,"{'amount': '73908.50', 'captured_at': '2026-01-05T11:38:00+00:00'}",PAY_000017,wallet,REF_000017,payments.csv,payments:PAY_000017
55735.75,2026-01-05T11:48:00+00:00,INR,CUS_16743,2026-01-05T09:30:00+00:00,MCH_TRAVEL,ORD_000018,"{'amount': '55735.75', 'captured_at': '2026-01-05T11:48:00+00:00'}",PAY_000018,netbanking,REF_000018,payments.csv,payments:PAY_000018
66807.00,2026-01-05T12:04:00+00:00,INR,CUS_30280,2026-01-05T09:30:00+00:00,MCH_HEALTH,ORD_000019,"{'amount': '66807.00', 'captured_at': '2026-01-05T12:04:00+00:00'}",PAY_000019,card,REF_000019,payments.csv,payments:PAY_000019
15358.00,2026-01-05T12:05:00+00:00,INR,CUS_85248,2026-01-05T09:30:00+00:00,MCH_CAFE,ORD_000020,"{'amount': '15358.00', 'captured_at': '2026-01-05T12:05:00+00:00'}",PAY_000020,upi,REF_000020,payments.csv,payments:PAY_000020
23947.00,2026-01-05T12:11:00+00:00,INR,CUS_50499,2026-01-05T09:30:00+00:00,MCH_ZERO,ORD_000021,"{'amount': '23947.00', 'captured_at': '2026-01-05T12:11:00+00:00'}",PAY_000021,upi,REF_000021,payments.csv,payments:PAY_000021
52831.00,2026-01-05T12:10:00+00:00,INR,CUS_28595,2026-01-05T09:30:00+00:00,MCH_TRAVEL,ORD_000022,"{'amount': '52831.00', 'captured_at': '2026-01-05T12:10:00+00:00'}",PAY_000022,upi,REF_000022,payments.csv,payments:PAY_000022
59760.00,2026-01-05T12:23:00+00:00,INR,CUS_30631,2026-01-05T09:30:00+00:00,MCH_SAAS,ORD_000023,"{'amount': '59760.00', 'captured_at': '2026-01-05T12:23:00+00:00'}",PAY_000023,netbanking,REF_000023,payments.csv,payments:PAY_000023
20692.00,2026-01-05T12:21:00+00:00,INR,CUS_90981,2026-01-05T09:30:00+00:00,MCH_ZERO,ORD_000024,"{'amount': '20692.00', 'captured_at': '2026-01-05T12:21:00+00:00'}",PAY_000024,netbanking,REF_000024,payments.csv,payments:PAY_000024
55876.25,2026-01-05T12:42:00+00:00,INR,CUS_89570,2026-01-05T09:30:00+00:00,MCH_TRAVEL,ORD_000025,"{'amount': '55876.25', 'captured_at': '2026-01-05T12:42:00+00:00'}",PAY_000025,netbanking,REF_000025,payments.csv,payments:PAY_000025
15218.00,2026-01-05T12:42:00+00:00,INR,CUS_66349,2026-01-05T09:30:00+00:00,MCH_HEALTH,ORD_000026,"{'amount': '15218.00', 'captured_at': '2026-01-05T12:42:00+00:00'}",PAY_000026,wallet,REF_000026,payments.csv,payments:PAY_000026
29203.25,2026-01-05T12:40:00+00:00,INR,CUS_88554,2026-01-05T09:30:00+00:00,MCH_ZERO,ORD_000027,"{'amount': '29203.25', 'captured_at': '2026-01-05T12:40:00+00:00'}",PAY_000027,card,REF_000027,payments.csv,payments:PAY_000027
18287.00,2026-01-05T12:52:00+00:00,INR,CUS_47938,2026-01-05T09:30:00+00:00,MCH_SWIFT,ORD_000028,"{'amount': '18287.00', 'captured_at': '2026-01-05T12:52:00+00:00'}",PAY_000028,upi,REF_000028,payments.csv,payments:PAY_000028
56746.00,2026-01-05T13:14:00+00:00,INR,CUS_26932,2026-01-05T09:30:00+00:00,MCH_TRAVEL,ORD_000029,"{'amount': '56746.00', 'captured_at': '2026-01-05T13:14:00+00:00'}",PAY_000029,card,REF_000029,payments.csv,payments:PAY_000029
5844.25,2026-01-05T13:06:00+00:00,INR,CUS_12456,2026-01-05T09:30:00+00:00,MCH_TRAVEL,ORD_000030,"{'amount': '5844.25', 'captured_at': '2026-01-05T13:06:00+00:00'}",PAY_000030,netbanking,REF_000030,payments.csv,payments:PAY_000030
53308.75,2026-01-05T13:20:00+00:00,INR,CUS_93904,2026-01-05T09:30:00+00:00,MCH_HEALTH,ORD_000031,"{'amount': '53308.75', 'captured_at': '2026-01-05T13:20:00+00:00'}",PAY_000031,upi,REF_000031,payments.csv,payments:PAY_000031
81318.25,2026-01-05T13:28:00+00:00,INR,CUS_57428,2026-01-05T09:30:00+00:00,MCH_SWIFT,ORD_000032,"{'amount': '81318.25', 'captured_at': '2026-01-05T13:28:00+00:00'}",PAY_000032,upi,REF_000032,payments.csv,payments:PAY_000032
10608.25,2026-01-05T13:37:00+00:00,INR,CUS_50668,2026-01-05T09:30:00+00:00,MCH_HEALTH,ORD_000033,"{'amount': '10608.25', 'captured_at': '2026-01-05T13:37:00+00:00'}",PAY_000033,card,REF_000033,payments.csv,payments:PAY_000033
10311.50,2026-01-05T13:45:00+00:00,INR,CUS_92998,2026-01-05T09:30:00+00:00,MCH_SWIFT,ORD_000034,"{'amount': '10311.50', 'captured_at': '2026-01-05T13:45:00+00:00'}",PAY_000034,card,REF_000034,payments.csv,payments:PAY_000034
19658.00,2026-01-05T13:45:00+00:00,INR,CUS_23474,2026-01-05T09:30:00+00:00,MCH_TRAVEL,ORD_000035,"{'amount': '19658.00', 'captured_at': '2026-01-05T13:45:00+00:00'}",PAY_000035,card,REF_000035,payments.csv,payments:PAY_000035
20336.75,2026-01-05T13:59:00+00:00,INR,CUS_19876,2026-01-05T09:30:00+00:00,MCH_HEALTH,ORD_000036,"{'amount': '20336.75', 'captured_at': '2026-01-05T13:59:00+00:00'}",PAY_000036,wallet,REF_000036,payments.csv,payments:PAY_000036
74289.75,2026-01-05T14:04:00+00:00,INR,CUS_93269,2026-01-05T09:30:00+00:00,MCH_TRAVEL,ORD_000037,"{'amount': '74289.75', 'captured_at': '2026-01-05T14:04:00+00:00'}",PAY_000037,netbanking,REF_000037,payments.csv,payments:PAY_000037
83056.00,2026-01-05T14:02:00+00:00,INR,CUS_46002,2026-01-05T09:30:00+00:00,MCH_SAAS,ORD_000038,"{'amount': '83056.00', 'captured_at': '2026-01-05T14:02:00+00:00'}",PAY_000038,netbanking,REF_000038,payments.csv,payments:PAY_000038
60821.25,2026-01-05T14:15:00+00:00,INR,CUS_14929,2026-01-05T09:30:00+00:00,MCH_CAFE,ORD_000039,"{'amount': '60821.25', 'captured_at': '2026-01-05T14:15:00+00:00'}",PAY_000039,netbanking,REF_000039,payments.csv,payments:PAY_000039
12135.50,2026-01-05T14:27:00+00:00,INR,CUS_87867,2026-01-05T09:30:00+00:00,MCH_TRAVEL,ORD_000040,"{'amount': '12135.50', 'captured_at': '2026-01-05T14:27:00+00:00'}",PAY_000040,wallet,REF_000040,payments.csv,payments:PAY_000040
75228.75,2026-01-05T14:35:00+00:00,INR,CUS_34672,2026-01-05T09:30:00+00:00,MCH_SAAS,ORD_000041,"{'amount': '75228.75', 'captured_at': '2026-01-05T14:35:00+00:00'}",PAY_000041,card,REF_000041,payments.csv,payments:PAY_000041
11353.50,2026-01-05T14:27:00+00:00,INR,CUS_94689,2026-01-05T09:30:00+00:00,MCH_CAFE,ORD_000042,"{'amount': '11353.50', 'captured_at': '2026-01-05T14:27:00+00:00'}",PAY_000042,card,REF_000042,payments.csv,payments:PAY_000042
68990.50,2026-01-05T14:44:00+00:00,INR,CUS_89928,2026-01-05T09:30:00+00:00,MCH_SAAS,ORD_000043,"{'amount': '68990.50', 'captured_at': '2026-01-05T14:44:00+00:00'}",PAY_000043,netbanking,REF_000043,payments.csv,payments:PAY_000043
53878.00,2026-01-05T14:44:00+00:00,INR,CUS_98984,2026-01-05T09:30:00+00:00,MCH_SAAS,ORD_000044,"{'amount': '53878.00', 'captured_at': '2026-01-05T14:44:00+00:00'}",PAY_000044,netbanking,REF_000044,payments.csv,payments:PAY_000044
12687.50,2026-01-05T14:58:00+00:00,INR,CUS_98916,2026-01-05T09:30:00+00:00,MCH_CAFE,ORD_000045,"{'amount': '12687.50', 'captured_at': '2026-01-05T14:58:00+00:00'}",PAY_000045,netbanking,REF_000045,payments.csv,payments:PAY_000045
10982.50,2026-01-05T15:05:00+00:00,INR,CUS_96980,2026-01-05T09:30:00+00:00,MCH_CAFE,ORD_000046,"{'amount': '10982.50', 'captured_at': '2026-01-05T15:05:00+00:00'}",PAY_000046,netbanking,REF_000046,payments.csv,payments:PAY_000046
78293.75,2026-01-05T15:19:00+00:00,INR,CUS_21104,2026-01-05T09:30:00+00:00,MCH_SWIFT,ORD_000047,"{'amount': '78293.75', 'captured_at': '2026-01-05T15:19:00+00:00'}",PAY_000047,wallet,REF_000047,payments.csv,payments:PAY_000047
88133.75,2026-01-05T15:13:00+00:00,INR,CUS_99838,2026-01-05T09:30:00+00:00,MCH_SWIFT,ORD_000048,"{'amount': '88133.75', 'captured_at': '2026-01-05T15:13:00+00:00'}",PAY_000048,wallet,REF_000048,payments.csv,payments:PAY_000048
47826.00,2026-01-05T15:25:00+00:00,INR,CUS_33627,2026-01-05T09:30:00+00:00,MCH_ZERO,ORD_000049,"{'amount': '47826.00', 'captured_at': '2026-01-05T15:25:00+00:00'}",PAY_000049,wallet,REF_000049,payments.csv,payments:PAY_000049
18330.00,2026-01-05T15:26:00+00:00,INR,CUS_20114,2026-01-05T09:30:00+00:00,MCH_SWIFT,ORD_000050,"{'amount': '18330.00', 'captured_at': '2026-01-05T15:26:00+00:00'}",PAY_000050,upi,REF_000050,payments.csv,payments:PAY_000050
17476.50,2026-01-05T15:34:00+00:00,INR,CUS_59377,2026-01-05T09:30:00+00:00,MCH_HEALTH,ORD_000051,"{'amount': '17476.50', 'captured_at': '2026-01-05T15:34:00+00:00'}",PAY_000051,card,REF_000051,payments.csv,payments:PAY_000051
57666.00,2026-01-05T15:44:00+00:00,INR,CUS_63852,2026-01-05T09:30:00+00:00,MCH_TRAVEL,ORD_000052,"{'amount': '57666.00', 'captured_at': '2026-01-05T15:44:00+00:00'}",PAY_000052,wallet,REF_000052,payments.csv,payments:PAY_000052
59141.00,2026-01-05T15:52:00+00:00,INR,CUS_79993,2026-01-05T09:30:00+00:00,MCH_TRAVEL,ORD_000053,"{'amount': '59141.00', 'captured_at': '2026-01-05T15:52:00+00:00'}",PAY_000053,wallet,REF_000053,payments.csv,payments:PAY_000053
59141.00,2026-01-05T15:54:00+00:00,INR,CUS_79993,2026-01-05T09:30:00+00:00,MCH_TRAVEL,ORD_000053,"{'amount': '59141.00', 'captured_at': '2026-01-05T15:54:00+00:00'}",PAY_000054,wallet,REF_000053,payments.csv,payments:PAY_000054
50352.50,2026-01-05T16:04:00+00:00,INR,CUS_79135,2026-01-05T09:30:00+00:00,MCH_CAFE,ORD_000055,"{'amount': '50352.50', 'captured_at': '2026-01-05T16:04:00+00:00'}",PAY_000055,card,REF_000055,payments.csv,payments:PAY_000055
7139.75,2026-01-05T16:22:00+00:00,INR,CUS_72991,2026-01-05T09:30:00+00:00,MCH_CAFE,ORD_000056,"{'amount': '7139.75', 'captured_at': '2026-01-05T16:22:00+00:00'}",PAY_000056,upi,REF_000056,payments.csv,payments:PAY_000056
11293.00,2026-01-05T16:29:00+00:00,INR,CUS_45755,2026-01-05T09:30:00+00:00,MCH_CAFE,ORD_000057,"{'amount': '11293.00', 'captured_at': '2026-01-05T16:29:00+00:00'}",PAY_000057,card,REF_000057,payments.csv,payments:PAY_000057
29402.25,2026-01-05T16:30:00+00:00,INR,CUS_55820,2026-01-05T09:30:00+00:00,MCH_ZERO,ORD_000058,"{'amount': '29402.25', 'captured_at': '2026-01-05T16:30:00+00:00'}",PAY_000058,upi,REF_000058,payments.csv,payments:PAY_000058
10996.00,2026-01-05T16:34:00+00:00,INR,CUS_39430,2026-01-05T09:30:00+00:00,MCH_SAAS,ORD_000059,"{'amount': '10996.00', 'captured_at': '2026-01-05T16:34:00+00:00'}",PAY_000059,upi,REF_000059,payments.csv,payments:PAY_000059
18335.00,2026-01-05T16:38:00+00:00,INR,CUS_47601,2026-01-05T09:30:00+00:00,MCH_SWIFT,ORD_000060,"{'amount': '18335.00', 'captured_at': '2026-01-05T16:38:00+00:00'}",PAY_000060,wallet,REF_000060,payments.csv,payments:PAY_000060
988.00,2026-01-05T16:46:00+00:00,INR,CUS_12490,2026-01-05T09:30:00+00:00,MCH_HEALTH,ORD_000061,"{'amount': '988.00', 'captured_at': '2026-01-05T16:46:00+00:00'}",PAY_000061,card,REF_000061,payments.csv,payments:PAY_000061
31447.00,2026-01-05T16:52:00+00:00,INR,CUS_25970,2026-01-05T09:30:00+00:00,MCH_CAFE,ORD_000062,"{'amount': '31447.00', 'captured_at': '2026-01-05T16:52:00+00:00'}",PAY_000062,wallet,REF_000062,payments.csv,payments:PAY_000062
14830.25,2026-01-05T16:56:00+00:00,INR,CUS_88215,2026-01-05T09:30:00+00:00,MCH_ZERO,ORD_000063,"{'amount': '14830.25', 'captured_at': '2026-01-05T16:56:00+00:00'}",PAY_000063,card,REF_000063,payments.csv,payments:PAY_000063
56561.00,2026-01-05T17:08:00+00:00,INR,CUS_90584,2026-01-05T09:30:00+00:00,MCH_CAFE,ORD_000064,"{'amount': '56561.00', 'captured_at': '2026-01-05T17:08:00+00:00'}",PAY_000064,wallet,REF_000064,payments.csv,payments:PAY_000064
47565.00,2026-01-05T17:26:00+00:00,INR,CUS_78951,2026-01-05T09:30:00+00:00,MCH_HEALTH,ORD_000065,"{'amount': '47565.00', 'captured_at': '2026-01-05T17:26:00+00:00'}",PAY_000065,upi,REF_000065,payments.csv,payments:PAY_000065
51009.00,2026-01-05T17:18:00+00:00,INR,CUS_43246,2026-01-05T09:30:00+00:00,MCH_TRAVEL,ORD_000066,"{'amount': '51009.00', 'captured_at': '2026-01-05T17:18:00+00:00'}",PAY_000066,netbanking,REF_000066,payments.csv,payments:PAY_000066
86427.75,2026-01-05T17:34:00+00:00,INR,CUS_23587,2026-01-05T09:30:00+00:00,MCH_TRAVEL,ORD_000067,"{'amount': '86427.75', 'captured_at': '2026-01-05T17:34:00+00:00'}",PAY_000067,card,REF_000067,payments.csv,payments:PAY_000067
71867.00,2026-01-05T17:42:00+00:00,INR,CUS_94252,2026-01-05T09:30:00+00:00,MCH_CAFE,ORD_000068,"{'amount': '71867.00', 'captured_at': '2026-01-05T17:42:00+00:00'}",PAY_000068,wallet,REF_000068,payments.csv,payments:PAY_000068
8570.75,2026-01-05T17:43:00+00:00,INR,CUS_69988,2026-01-05T09:30:00+00:00,MCH_SWIFT,ORD_000069,"{'amount': '8570.75', 'captured_at': '2026-01-05T17:43:00+00:00'}",PAY_000069,card,REF_000069,payments.csv,payments:PAY_000069
5792.00,2026-01-05T17:57:00+00:00,INR,CUS_50642,2026-01-05T09:30:00+00:00,MCH_SWIFT,ORD_000070,"{'amount': '5792.00', 'captured_at': '2026-01-05T17:57:00+00:00'}",PAY_000070,wallet,REF_000070,payments.csv,payments:PAY_000070
85090.00,2026-01-05T17:51:00+00:00,INR,CUS_47501,2026-01-05T09:30:00+00:00,MCH_ZERO,ORD_000071,"{'amount': '85090.00', 'captured_at': '2026-01-05T17:51:00+00:00'}",PAY_000071,netbanking,REF_000071,payments.csv,payments:PAY_000071
48537.25,2026-01-05T18:14:00+00:00,INR,CUS_62431,2026-01-05T09:30:00+00:00,MCH_ZERO,ORD_000072,"{'amount': '48537.25', 'captured_at': '2026-01-05T18:14:00+00:00'}",PAY_000072,wallet,REF_000072,payments.csv,payments:PAY_000072
65338.75,2026-01-05T18:20:00+00:00,INR,CUS_75211,2026-01-05T09:30:00+00:00,MCH_SWIFT,ORD_000073,"{'amount': '65338.75', 'captured_at': '2026-01-05T18:20:00+00:00'}",PAY_000073,netbanking,REF_000073,payments.csv,payments:PAY_000073
55940.00,2026-01-05T18:18:00+00:00,INR,CUS_66440,2026-01-05T09:30:00+00:00,MCH_TRAVEL,ORD_000074,"{'amount': '55940.00', 'captured_at': '2026-01-05T18:18:00+00:00'}",PAY_000074,netbanking,REF_000074,payments.csv,payments:PAY_000074
10794.00,2026-01-05T18:27:00+00:00,INR,CUS_96628,2026-01-05T09:30:00+00:00,MCH_ZERO,ORD_000075,"{'amount': '10794.00', 'captured_at': '2026-01-05T18:27:00+00:00'}",PAY_000075,wallet,REF_000075,payments.csv,payments:PAY_000075
58483.00,2026-01-05T18:34:00+00:00,INR,CUS_68606,2026-01-05T09:30:00+00:00,MCH_SWIFT,ORD_000076,"{'amount': '58483.00', 'captured_at': '2026-01-05T18:34:00+00:00'}",PAY_000076,wallet,REF_000076,payments.csv,payments:PAY_000076
58483.00,2026-01-05T18:24:00+00:00,INR,CUS_68606,2026-01-05T09:30:00+00:00,MCH_SWIFT,ORD_000076,"{'amount': '58483.00', 'captured_at': '2026-01-05T18:24:00+00:00'}",PAY_000077,upi,REF_000076,payments.csv,payments:PAY_000077
67551.75,2026-01-05T18:38:00+00:00,INR,CUS_99051,2026-01-05T09:30:00+00:00,MCH_CAFE,ORD_000078,"{'amount': '67551.75', 'captured_at': '2026-01-05T18:38:00+00:00'}",PAY_000078,card,REF_000078,payments.csv,payments:PAY_000078
16845.00,2026-01-05T19:00:00+00:00,INR,CUS_40932,2026-01-05T09:30:00+00:00,MCH_ZERO,ORD_000079,"{'amount': '16845.00', 'captured_at': '2026-01-05T19:00:00+00:00'}",PAY_000079,netbanking,REF_000079,payments.csv,payments:PAY_000079
4544.50,2026-01-05T19:10:00+00:00,INR,CUS_30111,2026-01-05T09:30:00+00:00,MCH_HEALTH,ORD_000080,"{'amount': '4544.50', 'captured_at': '2026-01-05T19:10:00+00:00'}",PAY_000080,netbanking,REF_000080,payments.csv,payments:PAY_000080
10377.50,2026-01-05T19:13:00+00:00,INR,CUS_28047,2026-01-05T09:30:00+00:00,MCH_SAAS,ORD_000081,"{'amount': '10377.50', 'captured_at': '2026-01-05T19:13:00+00:00'}",PAY_000081,wallet,REF_000081,payments.csv,payments:PAY_000081
36828.00,2026-01-05T19:10:00+00:00,INR,CUS_24869,2026-01-05T09:30:00+00:00,MCH_TRAVEL,ORD_000082,"{'amount': '36828.00', 'captured_at': '2026-01-05T19:10:00+00:00'}",PAY_000082,wallet,REF_000082,payments.csv,payments:PAY_000082
15735.00,2026-01-05T19:31:00+00:00,INR,CUS_44116,2026-01-05T09:30:00+00:00,MCH_HEALTH,ORD_000083,"{'amount': '15735.00', 'captured_at': '2026-01-05T19:31:00+00:00'}",PAY_000083,card,REF_000083,payments.csv,payments:PAY_000083
64682.00,2026-01-05T19:22:00+00:00,INR,CUS_26074,2026-01-05T09:30:00+00:00,MCH_TRAVEL,ORD_000084,"{'amount': '64682.00', 'captured_at': '2026-01-05T19:22:00+00:00'}",PAY_000084,wallet,REF_000084,payments.csv,payments:PAY_000084
58641.00,2026-01-05T19:39:00+00:00,INR,CUS_99381,2026-01-05T09:30:00+00:00,MCH_TRAVEL,ORD_000085,"{'amount': '58641.00', 'captured_at': '2026-01-05T19:39:00+00:00'}",PAY_000085,upi,REF_000085,payments.csv,payments:PAY_000085
20944.75,2026-01-05T19:45:00+00:00,INR,CUS_93584,2026-01-05T09:30:00+00:00,MCH_CAFE,ORD_000086,"{'amount': '20944.75', 'captured_at': '2026-01-05T19:45:00+00:00'}",PAY_000086,card,REF_000086,payments.csv,payments:PAY_000086
18502.00,2026-01-05T19:51:00+00:00,INR,CUS_74752,2026-01-05T09:30:00+00:00,MCH_SWIFT,ORD_000087,"{'amount': '18502.00', 'captured_at': '2026-01-05T19:51:00+00:00'}",PAY_000087,netbanking,REF_000087,payments.csv,payments:PAY_000087
17309.50,2026-01-05T19:56:00+00:00,INR,CUS_21300,2026-01-05T09:30:00+00:00,MCH_HEALTH,ORD_000088,"{'amount': '17309.50', 'captured_at': '2026-01-05T19:56:00+00:00'}",PAY_000088,wallet,REF_000088,payments.csv,payments:PAY_000088
54143.25,2026-01-05T19:58:00+00:00,INR,CUS_85353,2026-01-05T09:30:00+00:00,MCH_HEALTH,ORD_000089,"{'amount': '54143.25', 'captured_at': '2026-01-05T19:58:00+00:00'}",PAY_000089,netbanking,REF_000089,payments.csv,payments:PAY_000089
61357.75,2026-01-05T20:07:00+00:00,INR,CUS_77811,2026-01-05T09:30:00+00:00,MCH_SAAS,ORD_000090,"{'amount': '61357.75', 'captured_at': '2026-01-05T20:07:00+00:00'}",PAY_000090,card,REF_000090,payments.csv,payments:PAY_000090
66211.00,2026-01-05T20:16:00+00:00,INR,CUS_26274,2026-01-05T09:30:00+00:00,MCH_SAAS,ORD_000091,"{'amount': '66211.00', 'captured_at': '2026-01-05T20:16:00+00:00'}",PAY_000091,netbanking,REF_000091,payments.csv,payments:PAY_000091
42591.75,2026-01-05T20:33:00+00:00,INR,CUS_39552,2026-01-05T09:30:00+00:00,MCH_SWIFT,ORD_000092,"{'amount': '42591.75', 'captured_at': '2026-01-05T20:33:00+00:00'}",PAY_000092,netbanking,REF_000092,payments.csv,payments:PAY_000092
26029.75,2026-01-05T20:28:00+00:00,INR,CUS_82199,2026-01-05T09:30:00+00:00,MCH_CAFE,ORD_000093,"{'amount': '26029.75', 'captured_at': '2026-01-05T20:28:00+00:00'}",PAY_000093,netbanking,REF_000093,payments.csv,payments:PAY_000093
76406.00,2026-01-05T20:44:00+00:00,INR,CUS_32439,2026-01-05T09:30:00+00:00,MCH_HEALTH,ORD_000094,"{'amount': '76406.00', 'captured_at': '2026-01-05T20:44:00+00:00'}",PAY_000094,upi,REF_000094,payments.csv,payments:PAY_000094
6258.75,2026-01-05T20:44:00+00:00,INR,CUS_85598,2026-01-05T09:30:00+00:00,MCH_ZERO,ORD_000095,"{'amount': '6258.75', 'captured_at': '2026-01-05T20:44:00+00:00'}",PAY_000095,wallet,REF_000095,payments.csv,payments:PAY_000095
82503.50,2026-01-05T20:57:00+00:00,INR,CUS_47967,2026-01-05T09:30:00+00:00,MCH_SAAS,ORD_000096,"{'amount': '82503.50', 'captured_at': '2026-01-05T20:57:00+00:00'}",PAY_000096,wallet,REF_000096,payments.csv,payments:PAY_000096
53527.00,2026-01-05T20:51:00+00:00,INR,CUS_69446,2026-01-05T09:30:00+00:00,MCH_TRAVEL,ORD_000097,"{'amount': '53527.00', 'captured_at': '2026-01-05T20:51:00+00:00'}",PAY_000097,card,REF_000097,payments.csv,payments:PAY_000097
27041.00,2026-01-05T21:08:00+00:00,INR,CUS_89516,2026-01-05T09:30:00+00:00,MCH_SAAS,ORD_000098,"{'amount': '27041.00', 'captured_at': '2026-01-05T21:08:00+00:00'}",PAY_000098,netbanking,REF_000098,payments.csv,payments:PAY_000098
17439.00,2026-01-05T21:11:00+00:00,INR,CUS_77499,2026-01-05T09:30:00+00:00,MCH_SAAS,ORD_000099,"{'amount': '17439.00', 'captured_at': '2026-01-05T21:11:00+00:00'}",PAY_000099,netbanking,REF_000099,payments.csv,payments:PAY_000099
59229.00,2026-01-05T21:12:00+00:00,INR,CUS_28465,2026-01-05T09:30:00+00:00,MCH_CAFE,ORD_000100,"{'amount': '59229.00', 'captured_at': '2026-01-05T21:12:00+00:00'}",PAY_000100,netbanking,REF_000100,payments.csv,payments:PAY_000100
55105.00,2026-01-05T21:30:00+00:00,INR,CUS_30932,2026-01-05T09:30:00+00:00,MCH_HEALTH,ORD_000101,"{'amount': '55105.00', 'captured_at': '2026-01-05T21:30:00+00:00'}",PAY_000101,card,REF_000101,payments.csv,payments:PAY_000101
67766.25,2026-01-05T21:42:00+00:00,INR,CUS_75373,2026-01-05T09:30:00+00:00,MCH_SAAS,ORD_000102,"{'amount': '67766.25', 'captured_at': '2026-01-05T21:42:00+00:00'}",PAY_000102,upi,REF_000102,payments.csv,payments:PAY_000102
28499.50,2026-01-05T21:33:00+00:00,INR,CUS_56254,2026-01-05T09:30:00+00:00,MCH_SWIFT,ORD_000103,"{'amount': '28499.50', 'captured_at': '2026-01-05T21:33:00+00:00'}",PAY_000103,netbanking,REF_000103,payments.csv,payments:PAY_000103
70645.00,2026-01-05T21:46:00+00:00,INR,CUS_24089,2026-01-05T09:30:00+00:00,MCH_CAFE,ORD_000104,"{'amount': '70645.00', 'captured_at': '2026-01-05T21:46:00+00:00'}",PAY_000104,netbanking,REF_000104,payments.csv,payments:PAY_000104
48264.00,2026-01-05T22:03:00+00:00,INR,CUS_62505,2026-01-05T09:30:00+00:00,MCH_SAAS,ORD_000105,"{'amount': '48264.00', 'captured_at': '2026-01-05T22:03:00+00:00'}",PAY_000105,card,REF_000105,payments.csv,payments:PAY_000105
38127.00,2026-01-05T22:11:00+00:00,INR,CUS_60639,2026-01-05T09:30:00+00:00,MCH_HEALTH,ORD_000106,"{'amount': '38127.00', 'captured_at': '2026-01-05T22:11:00+00:00'}",PAY_000106,netbanking,REF_000106,payments.csv,payments:PAY_000106
12972.25,2026-01-05T22:19:00+00:00,INR,CUS_58915,2026-01-05T09:30:00+00:00,MCH_SWIFT,ORD_000107,"{'amount': '12972.25', 'captured_at': '2026-01-05T22:19:00+00:00'}",PAY_000107,netbanking,REF_000107,payments.csv,payments:PAY_000107
79266.50,2026-01-05T22:12:00+00:00,INR,CUS_62610,2026-01-05T09:30:00+00:00,MCH_SWIFT,ORD_000108,"{'amount': '79266.50', 'captured_at': '2026-01-05T22:12:00+00:00'}",PAY_000108,upi,REF_000108,payments.csv,payments:PAY_000108
43952.25,2026-01-05T22:21:00+00:00,INR,CUS_78069,2026-01-05T09:30:00+00:00,MCH_SWIFT,ORD_000109,"{'amount': '43952.25', 'captured_at': '2026-01-05T22:21:00+00:00'}",PAY_000109,card,REF_000109,payments.csv,payments:PAY_000109
42050.00,2026-01-05T22:34:00+00:00,INR,CUS_61505,2026-01-05T09:30:00+00:00,MCH_HEALTH,ORD_000110,"{'amount': '42050.00', 'captured_at': '2026-01-05T22:34:00+00:00'}",PAY_000110,netbanking,REF_000110,payments.csv,payments:PAY_000110
74083.00,2026-01-05T22:39:00+00:00,INR,CUS_72245,2026-01-05T09:30:00+00:00,MCH_TRAVEL,ORD_000111,"{'amount': '74083.00', 'captured_at': '2026-01-05T22:39:00+00:00'}",PAY_000111,netbanking,REF_000111,payments.csv,payments:PAY_000111
76807.00,2026-01-05T22:50:00+00:00,INR,CUS_92478,2026-01-05T09:30:00+00:00,MCH_SAAS,ORD_000112,"{'amount': '76807.00', 'captured_at': '2026-01-05T22:50:00+00:00'}",PAY_000112,netbanking,REF_000112,payments.csv,payments:PAY_000112
7031.50,2026-01-05T22:59:00+00:00,INR,CUS_72973,2026-01-05T09:30:00+00:00,MCH_TRAVEL,ORD_000113,"{'amount': '7031.50', 'captured_at': '2026-01-05T22:59:00+00:00'}",PAY_000113,wallet,REF_000113,payments.csv,payments:PAY_000113
32045.00,2026-01-05T22:57:00+00:00,INR,CUS_85047,2026-01-05T09:30:00+00:00,MCH_TRAVEL,ORD_000114,"{'amount': '32045.00', 'captured_at': '2026-01-05T22:57:00+00:00'}",PAY_000114,card,REF_000114,payments.csv,payments:PAY_000114
32045.00,2026-01-05T23:08:00+00:00,INR,CUS_85047,2026-01-05T09:30:00+00:00,MCH_TRAVEL,ORD_000114,"{'amount': '32045.00', 'captured_at': '2026-01-05T23:08:00+00:00'}",PAY_000115,netbanking,REF_000114,payments.csv,payments:PAY_000115
54427.75,2026-01-05T23:22:00+00:00,INR,CUS_36724,2026-01-05T09:30:00+00:00,MCH_SWIFT,ORD_000116,"{'amount': '54427.75', 'captured_at': '2026-01-05T23:22:00+00:00'}",PAY_000116,wallet,REF_000116,payments.csv,payments:PAY_000116
18398.50,2026-01-05T23:24:00+00:00,INR,CUS_37176,2026-01-05T09:30:00+00:00,MCH_TRAVEL,ORD_000117,"{'amount': '18398.50', 'captured_at': '2026-01-05T23:24:00+00:00'}",PAY_000117,wallet,REF_000117,payments.csv,payments:PAY_000117
22999.25,2026-01-05T23:36:00+00:00,INR,CUS_79878,2026-01-05T09:30:00+00:00,MCH_CAFE,ORD_000118,"{'amount': '22999.25', 'captured_at': '2026-01-05T23:36:00+00:00'}",PAY_000118,netbanking,REF_000118,payments.csv,payments:PAY_000118
63762.00,2026-01-05T23:43:00+00:00,INR,CUS_42311,2026-01-05T09:30:00+00:00,MCH_HEALTH,ORD_000119,"{'amount': '63762.00', 'captured_at': '2026-01-05T23:43:00+00:00'}",PAY_000119,netbanking,REF_000119,payments.csv,payments:PAY_000119
38180.75,2026-01-05T23:51:00+00:00,INR,CUS_37168,2026-01-05T09:30:00+00:00,MCH_CAFE,ORD_000120,"{'amount': '38180.75', 'captured_at': '2026-01-05T23:51:00+00:00'}",PAY_000120,netbanking,REF_000120,payments.csv,payments:PAY_000120
73764.75,2026-01-05T23:43:00+00:00,INR,CUS_45842,2026-01-05T09:30:00+00:00,MCH_CAFE,ORD_000121,"{'amount': '73764.75', 'captured_at': '2026-01-05T23:43:00+00:00'}",PAY_000121,wallet,REF_000121,payments.csv,payments:PAY_000121
38370.00,2026-01-05T23:52:00+00:00,INR,CUS_47700,2026-01-05T09:30:00+00:00,MCH_SWIFT,ORD_000122,"{'amount': '38370.00', 'captured_at': '2026-01-05T23:52:00+00:00'}",PAY_000122,netbanking,REF_000122,payments.csv,payments:PAY_000122
33912.75,2026-01-05T23:59:00+00:00,INR,CUS_72793,2026-01-05T09:30:00+00:00,MCH_TRAVEL,ORD_000123,"{'amount': '33912.75', 'captured_at': '2026-01-05T23:59:00+00:00'}",PAY_000123,netbanking,REF_000123,payments.csv,payments:PAY_000123
14616.50,2026-01-06T00:07:00+00:00,INR,CUS_86917,2026-01-05T09:30:00+00:00,MCH_SWIFT,ORD_000124,"{'amount': '14616.50', 'captured_at': '2026-01-06T00:07:00+00:00'}",PAY_000124,upi,REF_000124,payments.csv,payments:PAY_000124
30818.00,2026-01-06T00:19:00+00:00,INR,CUS_23133,2026-01-05T09:30:00+00:00,MCH_TRAVEL,ORD_000125,"{'amount': '30818.00', 'captured_at': '2026-01-06T00:19:00+00:00'}",PAY_000125,wallet,REF_000125,payments.csv,payments:PAY_000125
18318.00,2026-01-06T00:27:00+00:00,INR,CUS_82135,2026-01-05T09:30:00+00:00,MCH_TRAVEL,ORD_000126,"{'amount': '18318.00', 'captured_at': '2026-01-06T00:27:00+00:00'}",PAY_000126,wallet,REF_000126,payments.csv,payments:PAY_000126
26443.00,2026-01-06T00:23:00+00:00,INR,CUS_52096,2026-01-05T09:30:00+00:00,MCH_TRAVEL,ORD_000127,"{'amount': '26443.00', 'captured_at': '2026-01-06T00:23:00+00:00'}",PAY_000127,upi,REF_000127,payments.csv,payments:PAY_000127
26443.00,2026-01-06T00:39:00+00:00,INR,CUS_52096,2026-01-05T09:30:00+00:00,MCH_TRAVEL,ORD_000127,"{'amount': '26443.00', 'captured_at': '2026-01-06T00:39:00+00:00'}",PAY_000128,upi,REF_000127,payments.csv,payments:PAY_000128
23340.00,2026-01-06T00:42:00+00:00,INR,CUS_62034,2026-01-05T09:30:00+00:00,MCH_SAAS,ORD_000129,"{'amount': '23340.00', 'captured_at': '2026-01-06T00:42:00+00:00'}",PAY_000129,netbanking,REF_000129,payments.csv,payments:PAY_000129
39410.50,2026-01-06T00:51:00+00:00,INR,CUS_89007,2026-01-05T09:30:00+00:00,MCH_ZERO,ORD_000130,"{'amount': '39410.50', 'captured_at': '2026-01-06T00:51:00+00:00'}",PAY_000130,netbanking,REF_000130,payments.csv,payments:PAY_000130
65038.00,2026-01-06T00:59:00+00:00,INR,CUS_76088,2026-01-05T09:30:00+00:00,MCH_HEALTH,ORD_000131,"{'amount': '65038.00', 'captured_at': '2026-01-06T00:59:00+00:00'}",PAY_000131,card,REF_000131,payments.csv,payments:PAY_000131
21598.75,2026-01-06T01:08:00+00:00,INR,CUS_70150,2026-01-05T09:30:00+00:00,MCH_CAFE,ORD_000132,"{'amount': '21598.75', 'captured_at': '2026-01-06T01:08:00+00:00'}",PAY_000132,card,REF_000132,payments.csv,payments:PAY_000132
44485.00,2026-01-06T01:13:00+00:00,INR,CUS_84420,2026-01-05T09:30:00+00:00,MCH_TRAVEL,ORD_000133,"{'amount': '44485.00', 'captured_at': '2026-01-06T01:13:00+00:00'}",PAY_000133,card,REF_000133,payments.csv,payments:PAY_000133
67838.00,2026-01-06T01:15:00+00:00,INR,CUS_21368,2026-01-05T09:30:00+00:00,MCH_SAAS,ORD_000134,"{'amount': '67838.00', 'captured_at': '2026-01-06T01:15:00+00:00'}",PAY_000134,card,REF_000134,payments.csv,payments:PAY_000134
42715.00,2026-01-06T01:30:00+00:00,INR,CUS_10895,2026-01-05T09:30:00+00:00,MCH_SAAS,ORD_000135,"{'amount': '42715.00', 'captured_at': '2026-01-06T01:30:00+00:00'}",PAY_000135,card,REF_000135,payments.csv,payments:PAY_000135
43504.00,2026-01-06T01:28:00+00:00,INR,CUS_86344,2026-01-05T09:30:00+00:00,MCH_CAFE,ORD_000136,"{'amount': '43504.00', 'captured_at': '2026-01-06T01:28:00+00:00'}",PAY_000136,netbanking,REF_000136,payments.csv,payments:PAY_000136
31272.00,2026-01-06T01:44:00+00:00,INR,CUS_97528,2026-01-05T09:30:00+00:00,MCH_TRAVEL,ORD_000137,"{'amount': '31272.00', 'captured_at': '2026-01-06T01:44:00+00:00'}",PAY_000137,netbanking,REF_000137,payments.csv,payments:PAY_000137
66166.75,2026-01-06T01:45:00+00:00,INR,CUS_50760,2026-01-05T09:30:00+00:00,MCH_SAAS,ORD_000138,"{'amount': '66166.75', 'captured_at': '2026-01-06T01:45:00+00:00'}",PAY_000138,netbanking,REF_000138,payments.csv,payments:PAY_000138
62976.00,2026-01-06T02:00:00+00:00,INR,CUS_69634,2026-01-05T09:30:00+00:00,MCH_SWIFT,ORD_000139,"{'amount': '62976.00', 'captured_at': '2026-01-06T02:00:00+00:00'}",PAY_000139,wallet,REF_000139,payments.csv,payments:PAY_000139
89473.50,2026-01-06T02:09:00+00:00,INR,CUS_20730,2026-01-05T09:30:00+00:00,MCH_SWIFT,ORD_000140,"{'amount': '89473.50', 'captured_at': '2026-01-06T02:09:00+00:00'}",PAY_000140,netbanking,REF_000140,payments.csv,payments:PAY_000140
15007.00,2026-01-06T02:08:00+00:00,INR,CUS_81781,2026-01-05T09:30:00+00:00,MCH_HEALTH,ORD_000141,"{'amount': '15007.00', 'captured_at': '2026-01-06T02:08:00+00:00'}",PAY_000141,card,REF_000141,payments.csv,payments:PAY_000141
68502.25,2026-01-06T02:16:00+00:00,INR,CUS_25235,2026-01-05T09:30:00+00:00,MCH_CAFE,ORD_000142,"{'amount': '68502.25', 'captured_at': '2026-01-06T02:16:00+00:00'}",PAY_000142,wallet,REF_000142,payments.csv,payments:PAY_000142
58690.00,2026-01-06T02:29:00+00:00,INR,CUS_69432,2026-01-05T09:30:00+00:00,MCH_HEALTH,ORD_000143,"{'amount': '58690.00', 'captured_at': '2026-01-06T02:29:00+00:00'}",PAY_000143,wallet,REF_000143,payments.csv,payments:PAY_000143
7867.50,2026-01-06T02:33:00+00:00,INR,CUS_70604,2026-01-05T09:30:00+00:00,MCH_HEALTH,ORD_000144,"{'amount': '7867.50', 'captured_at': '2026-01-06T02:33:00+00:00'}",PAY_000144,upi,REF_000144,payments.csv,payments:PAY_000144
695.75,2026-01-06T02:32:00+00:00,INR,CUS_38560,2026-01-05T09:30:00+00:00,MCH_CAFE,ORD_000145,"{'amount': '695.75', 'captured_at': '2026-01-06T02:32:00+00:00'}",PAY_000145,upi,REF_000145,payments.csv,payments:PAY_000145
8657.50,2026-01-06T02:48:00+00:00,INR,CUS_17897,2026-01-05T09:30:00+00:00,MCH_CAFE,ORD_000146,"{'amount': '8657.50', 'captured_at': '2026-01-06T02:48:00+00:00'}",PAY_000146,upi,REF_000146,payments.csv,payments:PAY_000146
23890.00,2026-01-06T02:58:00+00:00,INR,CUS_94085,2026-01-05T09:30:00+00:00,MCH_SAAS,ORD_000147,"{'amount': '23890.00', 'captured_at': '2026-01-06T02:58:00+00:00'}",PAY_000147,netbanking,REF_000147,payments.csv,payments:PAY_000147
49779.25,2026-01-06T03:09:00+00:00,INR,CUS_20518,2026-01-05T09:30:00+00:00,MCH_SAAS,ORD_000148,"{'amount': '49779.25', 'captured_at': '2026-01-06T03:09:00+00:00'}",PAY_000148,card,REF_000148,payments.csv,payments:PAY_000148
70719.25,2026-01-06T03:02:00+00:00,INR,CUS_79316,2026-01-05T09:30:00+00:00,MCH_SWIFT,ORD_000149,"{'amount': '70719.25', 'captured_at': '2026-01-06T03:02:00+00:00'}",PAY_000149,upi,REF_000149,payments.csv,payments:PAY_000149
60986.75,2026-01-06T03:21:00+00:00,INR,CUS_81361,2026-01-05T09:30:00+00:00,MCH_CAFE,ORD_000150,"{'amount': '60986.75', 'captured_at': '2026-01-06T03:21:00+00:00'}",PAY_000150,wallet,REF_000150,payments.csv,payments:PAY_000150
60675.00,2026-01-06T03:16:00+00:00,INR,CUS_30332,2026-01-05T09:30:00+00:00,MCH_SWIFT,ORD_000151,"{'amount': '60675.00', 'captured_at': '2026-01-06T03:16:00+00:00'}",PAY_000151,upi,REF_000151,payments.csv,payments:PAY_000151
80899.00,2026-01-06T03:18:00+00:00,INR,CUS_41544,2026-01-05T09:30:00+00:00,MCH_SAAS,ORD_000152,"{'amount': '80899.00', 'captured_at': '2026-01-06T03:18:00+00:00'}",PAY_000152,upi,REF_000152,payments.csv,payments:PAY_000152
78652.75,2026-01-06T03:24:00+00:00,INR,CUS_16380,2026-01-05T09:30:00+00:00,MCH_SAAS,ORD_000153,"{'amount': '78652.75', 'captured_at': '2026-01-06T03:24:00+00:00'}",PAY_000153,wallet,REF_000153,payments.csv,payments:PAY_000153
71047.00,2026-01-06T03:46:00+00:00,INR,CUS_17398,2026-01-05T09:30:00+00:00,MCH_SWIFT,ORD_000154,"{'amount': '71047.00', 'captured_at': '2026-01-06T03:46:00+00:00'}",PAY_000154,netbanking,REF_000154,payments.csv,payments:PAY_000154
75811.00,2026-01-06T03:50:00+00:00,INR,CUS_85690,2026-01-05T09:30:00+00:00,MCH_TRAVEL,ORD_000155,"{'amount': '75811.00', 'captured_at': '2026-01-06T03:50:00+00:00'}",PAY_000155,card,REF_000155,payments.csv,payments:PAY_000155
86835.50,2026-01-06T03:55:00+00:00,INR,CUS_38972,2026-01-05T09:30:00+00:00,MCH_SWIFT,ORD_000156,"{'amount': '86835.50', 'captured_at': '2026-01-06T03:55:00+00:00'}",PAY_000156,netbanking,REF_000156,payments.csv,payments:PAY_000156
77850.75,2026-01-06T04:08:00+00:00,INR,CUS_32955,2026-01-05T09:30:00+00:00,MCH_HEALTH,ORD_000157,"{'amount': '77850.75', 'captured_at': '2026-01-06T04:08:00+00:00'}",PAY_000157,wallet,REF_000157,payments.csv,payments:PAY_000157
84620.75,2026-01-06T04:11:00+00:00,INR,CUS_59958,2026-01-05T09:30:00+00:00,MCH_CAFE,ORD_000158,"{'amount': '84620.75', 'captured_at': '2026-01-06T04:11:00+00:00'}",PAY_000158,wallet,REF_000158,payments.csv,payments:PAY_000158
39606.25,2026-01-06T04:23:00+00:00,INR,CUS_34101,2026-01-05T09:30:00+00:00,MCH_SWIFT,ORD_000159,"{'amount': '39606.25', 'captured_at': '2026-01-06T04:23:00+00:00'}",PAY_000159,card,REF_000159,payments.csv,payments:PAY_000159
19220.25,2026-01-06T04:28:00+00:00,INR,CUS_17552,2026-01-05T09:30:00+00:00,MCH_CAFE,ORD_000160,"{'amount': '19220.25', 'captured_at': '2026-01-06T04:28:00+00:00'}",PAY_000160,wallet,REF_000160,payments.csv,payments:PAY_000160
32131.00,2026-01-06T04:22:00+00:00,INR,CUS_36651,2026-01-05T09:30:00+00:00,MCH_SAAS,ORD_000161,"{'amount': '32131.00', 'captured_at': '2026-01-06T04:22:00+00:00'}",PAY_000161,wallet,REF_000161,payments.csv,payments:PAY_000161
70506.75,2026-01-06T04:33:00+00:00,INR,CUS_34966,2026-01-05T09:30:00+00:00,MCH_ZERO,ORD_000162,"{'amount': '70506.75', 'captured_at': '2026-01-06T04:33:00+00:00'}",PAY_000162,wallet,REF_000162,payments.csv,payments:PAY_000162
24962.50,2026-01-06T04:42:00+00:00,INR,CUS_98008,2026-01-05T09:30:00+00:00,MCH_ZERO,ORD_000163,"{'amount': '24962.50', 'captured_at': '2026-01-06T04:42:00+00:00'}",PAY_000163,wallet,REF_000163,payments.csv,payments:PAY_000163
24962.50,2026-01-06T04:46:00+00:00,INR,CUS_98008,2026-01-05T09:30:00+00:00,MCH_ZERO,ORD_000163,"{'amount': '24962.50', 'captured_at': '2026-01-06T04:46:00+00:00'}",PAY_000164,netbanking,REF_000163,payments.csv,payments:PAY_000164
25206.75,2026-01-06T05:06:00+00:00,INR,CUS_25376,2026-01-05T09:30:00+00:00,MCH_SWIFT,ORD_000165,"{'amount': '25206.75', 'captured_at': '2026-01-06T05:06:00+00:00'}",PAY_000165,card,REF_000165,payments.csv,payments:PAY_000165
42454.00,2026-01-06T05:13:00+00:00,INR,CUS_59894,2026-01-05T09:30:00+00:00,MCH_HEALTH,ORD_000166,"{'amount': '42454.00', 'captured_at': '2026-01-06T05:13:00+00:00'}",PAY_000166,netbanking,REF_000166,payments.csv,payments:PAY_000166
47439.50,2026-01-06T05:06:00+00:00,INR,CUS_75179,2026-01-05T09:30:00+00:00,MCH_CAFE,ORD_000167,"{'amount': '47439.50', 'captured_at': '2026-01-06T05:06:00+00:00'}",PAY_000167,wallet,REF_000167,payments.csv,payments:PAY_000167
48889.00,2026-01-06T05:14:00+00:00,INR,CUS_64254,2026-01-05T09:30:00+00:00,MCH_SWIFT,ORD_000168,"{'amount': '48889.00', 'captured_at': '2026-01-06T05:14:00+00:00'}",PAY_000168,card,REF_000168,payments.csv,payments:PAY_000168
72823.50,2026-01-06T05:32:00+00:00,INR,CUS_85909,2026-01-05T09:30:00+00:00,MCH_CAFE,ORD_000169,"{'amount': '72823.50', 'captured_at': '2026-01-06T05:32:00+00:00'}",PAY_000169,netbanking,REF_000169,payments.csv,payments:PAY_000169
43536.00,2026-01-06T05:32:00+00:00,INR,CUS_59786,2026-01-05T09:30:00+00:00,MCH_SWIFT,ORD_000170,"{'amount': '43536.00', 'captured_at': '2026-01-06T05:32:00+00:00'}",PAY_000170,wallet,REF_000170,payments.csv,payments:PAY_000170
43536.00,2026-01-06T05:33:00+00:00,INR,CUS_59786,2026-01-05T09:30:00+00:00,MCH_SWIFT,ORD_000170,"{'amount': '43536.00', 'captured_at': '2026-01-06T05:33:00+00:00'}",PAY_000171,wallet,REF_000170,payments.csv,payments:PAY_000171
22350.75,2026-01-06T05:40:00+00:00,INR,CUS_56160,2026-01-05T09:30:00+00:00,MCH_SAAS,ORD_000172,"{'amount': '22350.75', 'captured_at': '2026-01-06T05:40:00+00:00'}",PAY_000172,wallet,REF_000172,payments.csv,payments:PAY_000172
84423.00,2026-01-06T05:44:00+00:00,INR,CUS_78674,2026-01-05T09:30:00+00:00,MCH_HEALTH,ORD_000173,"{'amount': '84423.00', 'captured_at': '2026-01-06T05:44:00+00:00'}",PAY_000173,upi,REF_000173,payments.csv,payments:PAY_000173
18321.75,2026-01-06T05:53:00+00:00,INR,CUS_40334,2026-01-05T09:30:00+00:00,MCH_SAAS,ORD_000174,"{'amount': '18321.75', 'captured_at': '2026-01-06T05:53:00+00:00'}",PAY_000174,upi,REF_000174,payments.csv,payments:PAY_000174
81280.75,2026-01-06T06:15:00+00:00,INR,CUS_97392,2026-01-05T09:30:00+00:00,MCH_ZERO,ORD_000175,"{'amount': '81280.75', 'captured_at': '2026-01-06T06:15:00+00:00'}",PAY_000175,wallet,REF_000175,payments.csv,payments:PAY_000175
1853.00,2026-01-06T06:16:00+00:00,INR,CUS_79391,2026-01-05T09:30:00+00:00,MCH_SAAS,ORD_000176,"{'amount': '1853.00', 'captured_at': '2026-01-06T06:16:00+00:00'}",PAY_000176,netbanking,REF_000176,payments.csv,payments:PAY_000176
88646.25,2026-01-06T06:13:00+00:00,INR,CUS_33496,2026-01-05T09:30:00+00:00,MCH_HEALTH,ORD_000177,"{'amount': '88646.25', 'captured_at': '2026-01-06T06:13:00+00:00'}",PAY_000177,card,REF_000177,payments.csv,payments:PAY_000177
81535.50,2026-01-06T06:27:00+00:00,INR,CUS_43084,2026-01-05T09:30:00+00:00,MCH_SWIFT,ORD_000178,"{'amount': '81535.50', 'captured_at': '2026-01-06T06:27:00+00:00'}",PAY_000178,wallet,REF_000178,payments.csv,payments:PAY_000178
53518.25,2026-01-06T06:32:00+00:00,INR,CUS_84055,2026-01-05T09:30:00+00:00,MCH_CAFE,ORD_000179,"{'amount': '53518.25', 'captured_at': '2026-01-06T06:32:00+00:00'}",PAY_000179,netbanking,REF_000179,payments.csv,payments:PAY_000179
85482.00,2026-01-06T06:46:00+00:00,INR,CUS_22255,2026-01-05T09:30:00+00:00,MCH_TRAVEL,ORD_000180,"{'amount': '85482.00', 'captured_at': '2026-01-06T06:46:00+00:00'}",PAY_000180,wallet,REF_000180,payments.csv,payments:PAY_000180
83759.00,2026-01-06T06:53:00+00:00,INR,CUS_32463,2026-01-05T09:30:00+00:00,MCH_ZERO,ORD_000181,"{'amount': '83759.00', 'captured_at': '2026-01-06T06:53:00+00:00'}",PAY_000181,wallet,REF_000181,payments.csv,payments:PAY_000181
5877.00,2026-01-06T07:05:00+00:00,INR,CUS_37710,2026-01-05T09:30:00+00:00,MCH_HEALTH,ORD_000182,"{'amount': '5877.00', 'captured_at': '2026-01-06T07:05:00+00:00'}",PAY_000182,netbanking,REF_000182,payments.csv,payments:PAY_000182
37049.50,2026-01-06T06:58:00+00:00,INR,CUS_83860,2026-01-05T09:30:00+00:00,MCH_ZERO,ORD_000183,"{'amount': '37049.50', 'captured_at': '2026-01-06T06:58:00+00:00'}",PAY_000183,card,REF_000183,payments.csv,payments:PAY_000183
77243.00,2026-01-06T07:08:00+00:00,INR,CUS_62205,2026-01-05T09:30:00+00:00,MCH_SWIFT,ORD_000184,"{'amount': '77243.00', 'captured_at': '2026-01-06T07:08:00+00:00'}",PAY_000184,card,REF_000184,payments.csv,payments:PAY_000184
51307.75,2026-01-06T07:20:00+00:00,INR,CUS_80852,2026-01-05T09:30:00+00:00,MCH_HEALTH,ORD_000185,"{'amount': '51307.75', 'captured_at': '2026-01-06T07:20:00+00:00'}",PAY_000185,card,REF_000185,payments.csv,payments:PAY_000185
45632.00,2026-01-06T07:23:00+00:00,INR,CUS_22803,2026-01-05T09:30:00+00:00,MCH_HEALTH,ORD_000186,"{'amount': '45632.00', 'captured_at': '2026-01-06T07:23:00+00:00'}",PAY_000186,upi,REF_000186,payments.csv,payments:PAY_000186
80760.50,2026-01-06T07:22:00+00:00,INR,CUS_61996,2026-01-05T09:30:00+00:00,MCH_HEALTH,ORD_000187,"{'amount': '80760.50', 'captured_at': '2026-01-06T07:22:00+00:00'}",PAY_000187,netbanking,REF_000187,payments.csv,payments:PAY_000187
30202.00,2026-01-06T07:43:00+00:00,INR,CUS_82487,2026-01-05T09:30:00+00:00,MCH_SAAS,ORD_000188,"{'amount': '30202.00', 'captured_at': '2026-01-06T07:43:00+00:00'}",PAY_000188,card,REF_000188,payments.csv,payments:PAY_000188
81383.00,2026-01-06T07:41:00+00:00,INR,CUS_42302,2026-01-05T09:30:00+00:00,MCH_ZERO,ORD_000189,"{'amount': '81383.00', 'captured_at': '2026-01-06T07:41:00+00:00'}",PAY_000189,upi,REF_000189,payments.csv,payments:PAY_000189
50107.75,2026-01-06T07:54:00+00:00,INR,CUS_93086,2026-01-05T09:30:00+00:00,MCH_SWIFT,ORD_000190,"{'amount': '50107.75', 'captured_at': '2026-01-06T07:54:00+00:00'}",PAY_000190,netbanking,REF_000190,payments.csv,payments:PAY_000190
12295.00,2026-01-06T08:02:00+00:00,INR,CUS_50405,2026-01-05T09:30:00+00:00,MCH_ZERO,ORD_000191,"{'amount': '12295.00', 'captured_at': '2026-01-06T08:02:00+00:00'}",PAY_000191,netbanking,REF_000191,payments.csv,payments:PAY_000191
11742.00,2026-01-06T08:15:00+00:00,INR,CUS_66489,2026-01-05T09:30:00+00:00,MCH_SWIFT,ORD_000192,"{'amount': '11742.00', 'captured_at': '2026-01-06T08:15:00+00:00'}",PAY_000192,wallet,REF_000192,payments.csv,payments:PAY_000192
12046.00,2026-01-06T08:12:00+00:00,INR,CUS_82642,2026-01-05T09:30:00+00:00,MCH_ZERO,ORD_000193,"{'amount': '12046.00', 'captured_at': '2026-01-06T08:12:00+00:00'}",PAY_000193,wallet,REF_000193,payments.csv,payments:PAY_000193
12046.00,2026-01-06T08:11:00+00:00,INR,CUS_82642,2026-01-05T09:30:00+00:00,MCH_ZERO,ORD_000193,"{'amount': '12046.00', 'captured_at': '2026-01-06T08:11:00+00:00'}",PAY_000194,wallet,REF_000193,payments.csv,payments:PAY_000194
73639.00,2026-01-06T08:25:00+00:00,INR,CUS_84967,2026-01-05T09:30:00+00:00,MCH_ZERO,ORD_000195,"{'amount': '73639.00', 'captured_at': '2026-01-06T08:25:00+00:00'}",PAY_000195,wallet,REF_000195,payments.csv,payments:PAY_000195
35547.00,2026-01-06T08:30:00+00:00,INR,CUS_45180,2026-01-05T09:30:00+00:00,MCH_SWIFT,ORD_000196,"{'amount': '35547.00', 'captured_at': '2026-01-06T08:30:00+00:00'}",PAY_000196,upi,REF_000196,payments.csv,payments:PAY_000196
36470.25,2026-01-06T08:35:00+00:00,INR,CUS_49289,2026-01-05T09:30:00+00:00,MCH_SAAS,ORD_000197,"{'amount': '36470.25', 'captured_at': '2026-01-06T08:35:00+00:00'}",PAY_000197,netbanking,REF_000197,payments.csv,payments:PAY_000197
82224.25,2026-01-06T08:47:00+00:00,INR,CUS_87831,2026-01-05T09:30:00+00:00,MCH_SWIFT,ORD_000198,"{'amount': '82224.25', 'captured_at': '2026-01-06T08:47:00+00:00'}",PAY_000198,wallet,REF_000198,payments.csv,payments:PAY_000198
40232.00,2026-01-06T08:58:00+00:00,INR,CUS_61864,2026-01-05T09:30:00+00:00,MCH_SWIFT,ORD_000199,"{'amount': '40232.00', 'captured_at': '2026-01-06T08:58:00+00:00'}",PAY_000199,netbanking,REF_000199,payments.csv,payments:PAY_000199
78208.00,2026-01-06T08:59:00+00:00,INR,CUS_49378,2026-01-05T09:30:00+00:00,MCH_TRAVEL,ORD_000200,"{'amount': '78208.00', 'captured_at': '2026-01-06T08:59:00+00:00'}",PAY_000200,wallet,REF_000200,payments.csv,payments:PAY_000200
38500.75,2026-01-06T09:08:00+00:00,INR,CUS_92955,2026-01-05T09:30:00+00:00,MCH_CAFE,ORD_000201,"{'amount': '38500.75', 'captured_at': '2026-01-06T09:08:00+00:00'}",PAY_000201,netbanking,REF_000201,payments.csv,payments:PAY_000201
38500.75,2026-01-06T09:09:00+00:00,INR,CUS_92955,2026-01-05T09:30:00+00:00,MCH_CAFE,ORD_000201,"{'amount': '38500.75', 'captured_at': '2026-01-06T09:09:00+00:00'}",PAY_000202,wallet,REF_000201,payments.csv,payments:PAY_000202
74205.00,2026-01-06T09:21:00+00:00,INR,CUS_87624,2026-01-05T09:30:00+00:00,MCH_ZERO,ORD_000203,"{'amount': '74205.00', 'captured_at': '2026-01-06T09:21:00+00:00'}",PAY_000203,upi,REF_000203,payments.csv,payments:PAY_000203
38485.75,2026-01-06T09:37:00+00:00,INR,CUS_19064,2026-01-05T09:30:00+00:00,MCH_SAAS,ORD_000204,"{'amount': '38485.75', 'captured_at': '2026-01-06T09:37:00+00:00'}",PAY_000204,card,REF_000204,payments.csv,payments:PAY_000204
33419.75,2026-01-06T09:44:00+00:00,INR,CUS_30203,2026-01-05T09:30:00+00:00,MCH_SWIFT,ORD_000205,"{'amount': '33419.75', 'captured_at': '2026-01-06T09:44:00+00:00'}",PAY_000205,wallet,REF_000205,payments.csv,payments:PAY_000205
78672.25,2026-01-06T09:53:00+00:00,INR,CUS_86315,2026-01-05T09:30:00+00:00,MCH_SAAS,ORD_000206,"{'amount': '78672.25', 'captured_at': '2026-01-06T09:53:00+00:00'}",PAY_000206,wallet,REF_000206,payments.csv,payments:PAY_000206
70673.50,2026-01-06T09:43:00+00:00,INR,CUS_93647,2026-01-05T09:30:00+00:00,MCH_CAFE,ORD_000207,"{'amount': '70673.50', 'captured_at': '2026-01-06T09:43:00+00:00'}",PAY_000207,card,REF_000207,payments.csv,payments:PAY_000207
85103.50,2026-01-06T10:03:00+00:00,INR,CUS_15806,2026-01-05T09:30:00+00:00,MCH_SWIFT,ORD_000208,"{'amount': '85103.50', 'captured_at': '2026-01-06T10:03:00+00:00'}",PAY_000208,netbanking,REF_000208,payments.csv,payments:PAY_000208
1682.00,2026-01-06T10:11:00+00:00,INR,CUS_43913,2026-01-05T09:30:00+00:00,MCH_ZERO,ORD_000209,"{'amount': '1682.00', 'captured_at': '2026-01-06T10:11:00+00:00'}",PAY_000209,card,REF_000209,payments.csv,payments:PAY_000209
51566.25,2026-01-06T10:21:00+00:00,INR,CUS_99070,2026-01-05T09:30:00+00:00,MCH_CAFE,ORD_000210,"{'amount': '51566.25', 'captured_at': '2026-01-06T10:21:00+00:00'}",PAY_000210,card,REF_000210,payments.csv,payments:PAY_000210
14003.00,2026-01-06T10:11:00+00:00,INR,CUS_64522,2026-01-05T09:30:00+00:00,MCH_SAAS,ORD_000211,"{'amount': '14003.00', 'captured_at': '2026-01-06T10:11:00+00:00'}",PAY_000211,card,REF_000211,payments.csv,payments:PAY_000211
45266.25,2026-01-06T10:34:00+00:00,INR,CUS_37114,2026-01-05T09:30:00+00:00,MCH_CAFE,ORD_000212,"{'amount': '45266.25', 'captured_at': '2026-01-06T10:34:00+00:00'}",PAY_000212,netbanking,REF_000212,payments.csv,payments:PAY_000212
59603.00,2026-01-06T10:25:00+00:00,INR,CUS_18804,2026-01-05T09:30:00+00:00,MCH_TRAVEL,ORD_000213,"{'amount': '59603.00', 'captured_at': '2026-01-06T10:25:00+00:00'}",PAY_000213,upi,REF_000213,payments.csv,payments:PAY_000213
85230.00,2026-01-06T10:37:00+00:00,INR,CUS_98754,2026-01-05T09:30:00+00:00,MCH_CAFE,ORD_000214,"{'amount': '85230.00', 'captured_at': '2026-01-06T10:37:00+00:00'}",PAY_000214,card,REF_000214,payments.csv,payments:PAY_000214
73680.25,2026-01-06T10:49:00+00:00,INR,CUS_70562,2026-01-05T09:30:00+00:00,MCH_CAFE,ORD_000215,"{'amount': '73680.25', 'captured_at': '2026-01-06T10:49:00+00:00'}",PAY_000215,card,REF_000215,payments.csv,payments:PAY_000215
86454.25,2026-01-06T10:49:00+00:00,INR,CUS_61849,2026-01-05T09:30:00+00:00,MCH_TRAVEL,ORD_000216,"{'amount': '86454.25', 'captured_at': '2026-01-06T10:49:00+00:00'}",PAY_000216,wallet,REF_000216,payments.csv,payments:PAY_000216
28453.00,2026-01-06T10:57:00+00:00,INR,CUS_46483,2026-01-05T09:30:00+00:00,MCH_TRAVEL,ORD_000217,"{'amount': '28453.00', 'captured_at': '2026-01-06T10:57:00+00:00'}",PAY_000217,upi,REF_000217,payments.csv,payments:PAY_000217
43027.00,2026-01-06T11:05:00+00:00,INR,CUS_69972,2026-01-05T09:30:00+00:00,MCH_CAFE,ORD_000218,"{'amount': '43027.00', 'captured_at': '2026-01-06T11:05:00+00:00'}",PAY_000218,wallet,REF_000218,payments.csv,payments:PAY_000218
51239.50,2026-01-06T11:11:00+00:00,INR,CUS_61451,2026-01-05T09:30:00+00:00,MCH_HEALTH,ORD_000219,"{'amount': '51239.50', 'captured_at': '2026-01-06T11:11:00+00:00'}",PAY_000219,netbanking,REF_000219,payments.csv,payments:PAY_000219
81218.00,2026-01-06T11:25:00+00:00,INR,CUS_98288,2026-01-05T09:30:00+00:00,MCH_SAAS,ORD_000220,"{'amount': '81218.00', 'captured_at': '2026-01-06T11:25:00+00:00'}",PAY_000220,upi,REF_000220,payments.csv,payments:PAY_000220
15748.00,2026-01-06T11:23:00+00:00,INR,CUS_50026,2026-01-05T09:30:00+00:00,MCH_CAFE,ORD_000221,"{'amount': '15748.00', 'captured_at': '2026-01-06T11:23:00+00:00'}",PAY_000221,netbanking,REF_000221,payments.csv,payments:PAY_000221
51216.25,2026-01-06T11:38:00+00:00,INR,CUS_88174,2026-01-05T09:30:00+00:00,MCH_HEALTH,ORD_000222,"{'amount': '51216.25', 'captured_at': '2026-01-06T11:38:00+00:00'}",PAY_000222,wallet,REF_000222,payments.csv,payments:PAY_000222
83596.50,2026-01-06T11:50:00+00:00,INR,CUS_94575,2026-01-05T09:30:00+00:00,MCH_SAAS,ORD_000223,"{'amount': '83596.50', 'captured_at': '2026-01-06T11:50:00+00:00'}",PAY_000223,card,REF_000223,payments.csv,payments:PAY_000223
18688.00,2026-01-06T11:43:00+00:00,INR,CUS_51232,2026-01-05T09:30:00+00:00,MCH_CAFE,ORD_000224,"{'amount': '18688.00', 'captured_at': '2026-01-06T11:43:00+00:00'}",PAY_000224,netbanking,REF_000224,payments.csv,payments:PAY_000224
50624.50,2026-01-06T12:06:00+00:00,INR,CUS_76248,2026-01-05T09:30:00+00:00,MCH_SWIFT,ORD_000225,"{'amount': '50624.50', 'captured_at': '2026-01-06T12:06:00+00:00'}",PAY_000225,wallet,REF_000225,payments.csv,payments:PAY_000225
58476.25,2026-01-06T11:53:00+00:00,INR,CUS_31922,2026-01-05T09:30:00+00:00,MCH_SAAS,ORD_000226,"{'amount': '58476.25', 'captured_at': '2026-01-06T11:53:00+00:00'}",PAY_000226,card,REF_000226,payments.csv,payments:PAY_000226
36325.00,2026-01-06T12:07:00+00:00,INR,CUS_80465,2026-01-05T09:30:00+00:00,MCH_ZERO,ORD_000227,"{'amount': '36325.00', 'captured_at': '2026-01-06T12:07:00+00:00'}",PAY_000227,wallet,REF_000227,payments.csv,payments:PAY_000227
67252.00,2026-01-06T12:15:00+00:00,INR,CUS_85066,2026-01-05T09:30:00+00:00,MCH_HEALTH,ORD_000228,"{'amount': '67252.00', 'captured_at': '2026-01-06T12:15:00+00:00'}",PAY_000228,netbanking,REF_000228,payments.csv,payments:PAY_000228
28944.25,2026-01-06T12:26:00+00:00,INR,CUS_23423,2026-01-05T09:30:00+00:00,MCH_HEALTH,ORD_000229,"{'amount': '28944.25', 'captured_at': '2026-01-06T12:26:00+00:00'}",PAY_000229,netbanking,REF_000229,payments.csv,payments:PAY_000229
34747.00,2026-01-06T12:27:00+00:00,INR,CUS_21401,2026-01-05T09:30:00+00:00,MCH_SAAS,ORD_000230,"{'amount': '34747.00', 'captured_at': '2026-01-06T12:27:00+00:00'}",PAY_000230,card,REF_000230,payments.csv,payments:PAY_000230
77360.75,2026-01-06T12:46:00+00:00,INR,CUS_55957,2026-01-05T09:30:00+00:00,MCH_TRAVEL,ORD_000231,"{'amount': '77360.75', 'captured_at': '2026-01-06T12:46:00+00:00'}",PAY_000231,card,REF_000231,payments.csv,payments:PAY_000231
27424.00,2026-01-06T12:54:00+00:00,INR,CUS_84720,2026-01-05T09:30:00+00:00,MCH_SWIFT,ORD_000232,"{'amount': '27424.00', 'captured_at': '2026-01-06T12:54:00+00:00'}",PAY_000232,netbanking,REF_000232,payments.csv,payments:PAY_000232
38656.00,2026-01-06T13:00:00+00:00,INR,CUS_85069,2026-01-05T09:30:00+00:00,MCH_CAFE,ORD_000233,"{'amount': '38656.00', 'captured_at': '2026-01-06T13:00:00+00:00'}",PAY_000233,upi,REF_000233,payments.csv,payments:PAY_000233
8070.00,2026-01-06T12:54:00+00:00,INR,CUS_95969,2026-01-05T09:30:00+00:00,MCH_SAAS,ORD_000234,"{'amount': '8070.00', 'captured_at': '2026-01-06T12:54:00+00:00'}",PAY_000234,card,REF_000234,payments.csv,payments:PAY_000234
42517.00,2026-01-06T13:14:00+00:00,INR,CUS_98635,2026-01-05T09:30:00+00:00,MCH_TRAVEL,ORD_000235,"{'amount': '42517.00', 'captured_at': '2026-01-06T13:14:00+00:00'}",PAY_000235,card,REF_000235,payments.csv,payments:PAY_000235
54593.25,2026-01-06T13:05:00+00:00,INR,CUS_69243,2026-01-05T09:30:00+00:00,MCH_TRAVEL,ORD_000236,"{'amount': '54593.25', 'captured_at': '2026-01-06T13:05:00+00:00'}",PAY_000236,wallet,REF_000236,payments.csv,payments:PAY_000236
48674.25,2026-01-06T13:12:00+00:00,INR,CUS_73968,2026-01-05T09:30:00+00:00,MCH_TRAVEL,ORD_000237,"{'amount': '48674.25', 'captured_at': '2026-01-06T13:12:00+00:00'}",PAY_000237,upi,REF_000237,payments.csv,payments:PAY_000237
87350.75,2026-01-06T13:34:00+00:00,INR,CUS_56952,2026-01-05T09:30:00+00:00,MCH_TRAVEL,ORD_000238,"{'amount': '87350.75', 'captured_at': '2026-01-06T13:34:00+00:00'}",PAY_000238,wallet,REF_000238,payments.csv,payments:PAY_000238
28067.25,2026-01-06T13:35:00+00:00,INR,CUS_45197,2026-01-05T09:30:00+00:00,MCH_SAAS,ORD_000239,"{'amount': '28067.25', 'captured_at': '2026-01-06T13:35:00+00:00'}",PAY_000239,netbanking,REF_000239,payments.csv,payments:PAY_000239
63914.00,2026-01-06T13:32:00+00:00,INR,CUS_99463,2026-01-05T09:30:00+00:00,MCH_HEALTH,ORD_000240,"{'amount': '63914.00', 'captured_at': '2026-01-06T13:32:00+00:00'}",PAY_000240,upi,REF_000240,payments.csv,payments:PAY_000240
16584.00,2026-01-06T13:41:00+00:00,INR,CUS_67840,2026-01-05T09:30:00+00:00,MCH_ZERO,ORD_000241,"{'amount': '16584.00', 'captured_at': '2026-01-06T13:41:00+00:00'}",PAY_000241,wallet,REF_000241,payments.csv,payments:PAY_000241
17590.75,2026-01-06T13:54:00+00:00,INR,CUS_49566,2026-01-05T09:30:00+00:00,MCH_TRAVEL,ORD_000242,"{'amount': '17590.75', 'captured_at': '2026-01-06T13:54:00+00:00'}",PAY_000242,upi,REF_000242,payments.csv,payments:PAY_000242
11103.00,2026-01-06T14:02:00+00:00,INR,CUS_97098,2026-01-05T09:30:00+00:00,MCH_CAFE,ORD_000243,"{'amount': '11103.00', 'captured_at': '2026-01-06T14:02:00+00:00'}",PAY_000243,upi,REF_000243,payments.csv,payments:PAY_000243
11103.00,2026-01-06T14:06:00+00:00,INR,CUS_97098,2026-01-05T09:30:00+00:00,MCH_CAFE,ORD_000243,"{'amount': '11103.00', 'captured_at': '2026-01-06T14:06:00+00:00'}",PAY_000244,card,REF_000243,payments.csv,payments:PAY_000244
12253.75,2026-01-06T14:12:00+00:00,INR,CUS_22475,2026-01-05T09:30:00+00:00,MCH_TRAVEL,ORD_000245,"{'amount': '12253.75', 'captured_at': '2026-01-06T14:12:00+00:00'}",PAY_000245,wallet,REF_000245,payments.csv,payments:PAY_000245
78114.00,2026-01-06T14:32:00+00:00,INR,CUS_78084,2026-01-05T09:30:00+00:00,MCH_SWIFT,ORD_000246,"{'amount': '78114.00', 'captured_at': '2026-01-06T14:32:00+00:00'}",PAY_000246,upi,REF_000246,payments.csv,payments:PAY_000246
17624.25,2026-01-06T14:33:00+00:00,INR,CUS_19283,2026-01-05T09:30:00+00:00,MCH_SAAS,ORD_000247,"{'amount': '17624.25', 'captured_at': '2026-01-06T14:33:00+00:00'}",PAY_000247,upi,REF_000247,payments.csv,payments:PAY_000247
41371.00,2026-01-06T14:40:00+00:00,INR,CUS_49223,2026-01-05T09:30:00+00:00,MCH_ZERO,ORD_000248,"{'amount': '41371.00', 'captured_at': '2026-01-06T14:40:00+00:00'}",PAY_000248,card,REF_000248,payments.csv,payments:PAY_000248
69834.50,2026-01-06T14:43:00+00:00,INR,CUS_11110,2026-01-05T09:30:00+00:00,MCH_ZERO,ORD_000249,"{'amount': '69834.50', 'captured_at': '2026-01-06T14:43:00+00:00'}",PAY_000249,wallet,REF_000249,payments.csv,payments:PAY_000249
28225.75,2026-01-06T14:58:00+00:00,INR,CUS_29840,2026-01-05T09:30:00+00:00,MCH_TRAVEL,ORD_000250,"{'amount': '28225.75', 'captured_at': '2026-01-06T14:58:00+00:00'}",PAY_000250,card,REF_000250,payments.csv,payments:PAY_000250
18651.00,2026-01-06T15:05:00+00:00,INR,CUS_87276,2026-01-05T09:30:00+00:00,MCH_ZERO,ORD_000251,"{'amount': '18651.00', 'captured_at': '2026-01-06T15:05:00+00:00'}",PAY_000251,netbanking,REF_000251,payments.csv,payments:PAY_000251
18627.00,2026-01-06T15:02:00+00:00,INR,CUS_46302,2026-01-05T09:30:00+00:00,MCH_CAFE,ORD_000252,"{'amount': '18627.00', 'captured_at': '2026-01-06T15:02:00+00:00'}",PAY_000252,card,REF_000252,payments.csv,payments:PAY_000252
3815.75,2026-01-06T15:19:00+00:00,INR,CUS_49537,2026-01-05T09:30:00+00:00,MCH_TRAVEL,ORD_000253,"{'amount': '3815.75', 'captured_at': '2026-01-06T15:19:00+00:00'}",PAY_000253,card,REF_000253,payments.csv,payments:PAY_000253
84994.00,2026-01-06T15:24:00+00:00,INR,CUS_41370,2026-01-05T09:30:00+00:00,MCH_CAFE,ORD_000254,"{'amount': '84994.00', 'captured_at': '2026-01-06T15:24:00+00:00'}",PAY_000254,upi,REF_000254,payments.csv,payments:PAY_000254
83934.50,2026-01-06T15:20:00+00:00,INR,CUS_19307,2026-01-05T09:30:00+00:00,MCH_SAAS,ORD_000255,"{'amount': '83934.50', 'captured_at': '2026-01-06T15:20:00+00:00'}",PAY_000255,netbanking,REF_000255,payments.csv,payments:PAY_000255
55463.00,2026-01-06T15:33:00+00:00,INR,CUS_81612,2026-01-05T09:30:00+00:00,MCH_HEALTH,ORD_000256,"{'amount': '55463.00', 'captured_at': '2026-01-06T15:33:00+00:00'}",PAY_000256,wallet,REF_000256,payments.csv,payments:PAY_000256
2107.00,2026-01-06T15:31:00+00:00,INR,CUS_38277,2026-01-05T09:30:00+00:00,MCH_ZERO,ORD_000257,"{'amount': '2107.00', 'captured_at': '2026-01-06T15:31:00+00:00'}",PAY_000257,wallet,REF_000257,payments.csv,payments:PAY_000257
65973.25,2026-01-06T15:54:00+00:00,INR,CUS_65518,2026-01-05T09:30:00+00:00,MCH_TRAVEL,ORD_000258,"{'amount': '65973.25', 'captured_at': '2026-01-06T15:54:00+00:00'}",PAY_000258,upi,REF_000258,payments.csv,payments:PAY_000258
11257.00,2026-01-06T15:54:00+00:00,INR,CUS_20357,2026-01-05T09:30:00+00:00,MCH_CAFE,ORD_000259,"{'amount': '11257.00', 'captured_at': '2026-01-06T15:54:00+00:00'}",PAY_000259,card,REF_000259,payments.csv,payments:PAY_000259
11257.00,2026-01-06T16:00:00+00:00,INR,CUS_20357,2026-01-05T09:30:00+00:00,MCH_CAFE,ORD_000259,"{'amount': '11257.00', 'captured_at': '2026-01-06T16:00:00+00:00'}",PAY_000260,upi,REF_000259,payments.csv,payments:PAY_000260
57642.75,2026-01-06T16:05:00+00:00,INR,CUS_41278,2026-01-05T09:30:00+00:00,MCH_TRAVEL,ORD_000261,"{'amount': '57642.75', 'captured_at': '2026-01-06T16:05:00+00:00'}",PAY_000261,upi,REF_000261,payments.csv,payments:PAY_000261
59724.50,2026-01-06T16:14:00+00:00,INR,CUS_89800,2026-01-05T09:30:00+00:00,MCH_ZERO,ORD_000262,"{'amount': '59724.50', 'captured_at': '2026-01-06T16:14:00+00:00'}",PAY_000262,card,REF_000262,payments.csv,payments:PAY_000262
18284.75,2026-01-06T16:28:00+00:00,INR,CUS_11487,2026-01-05T09:30:00+00:00,MCH_ZERO,ORD_000263,"{'amount': '18284.75', 'captured_at': '2026-01-06T16:28:00+00:00'}",PAY_000263,netbanking,REF_000263,payments.csv,payments:PAY_000263
49041.00,2026-01-06T16:27:00+00:00,INR,CUS_45227,2026-01-05T09:30:00+00:00,MCH_SWIFT,ORD_000264,"{'amount': '49041.00', 'captured_at': '2026-01-06T16:27:00+00:00'}",PAY_000264,upi,REF_000264,payments.csv,payments:PAY_000264
35949.50,2026-01-06T16:30:00+00:00,INR,CUS_18371,2026-01-05T09:30:00+00:00,MCH_SAAS,ORD_000265,"{'amount': '35949.50', 'captured_at': '2026-01-06T16:30:00+00:00'}",PAY_000265,wallet,REF_000265,payments.csv,payments:PAY_000265
74602.00,2026-01-06T16:42:00+00:00,INR,CUS_58193,2026-01-05T09:30:00+00:00,MCH_SAAS,ORD_000266,"{'amount': '74602.00', 'captured_at': '2026-01-06T16:42:00+00:00'}",PAY_000266,upi,REF_000266,payments.csv,payments:PAY_000266
66992.00,2026-01-06T16:47:00+00:00,INR,CUS_15772,2026-01-05T09:30:00+00:00,MCH_SWIFT,ORD_000267,"{'amount': '66992.00', 'captured_at': '2026-01-06T16:47:00+00:00'}",PAY_000267,upi,REF_000267,payments.csv,payments:PAY_000267
50497.00,2026-01-06T17:04:00+00:00,INR,CUS_33456,2026-01-05T09:30:00+00:00,MCH_CAFE,ORD_000268,"{'amount': '50497.00', 'captured_at': '2026-01-06T17:04:00+00:00'}",PAY_000268,wallet,REF_000268,payments.csv,payments:PAY_000268
42234.00,2026-01-06T17:09:00+00:00,INR,CUS_20208,2026-01-05T09:30:00+00:00,MCH_SAAS,ORD_000269,"{'amount': '42234.00', 'captured_at': '2026-01-06T17:09:00+00:00'}",PAY_000269,upi,REF_000269,payments.csv,payments:PAY_000269
29553.50,2026-01-06T17:06:00+00:00,INR,CUS_16019,2026-01-05T09:30:00+00:00,MCH_SWIFT,ORD_000270,"{'amount': '29553.50', 'captured_at': '2026-01-06T17:06:00+00:00'}",PAY_000270,wallet,REF_000270,payments.csv,payments:PAY_000270
43199.00,2026-01-06T17:11:00+00:00,INR,CUS_82494,2026-01-05T09:30:00+00:00,MCH_CAFE,ORD_000271,"{'amount': '43199.00', 'captured_at': '2026-01-06T17:11:00+00:00'}",PAY_000271,netbanking,REF_000271,payments.csv,payments:PAY_000271
81920.00,2026-01-06T17:32:00+00:00,INR,CUS_70807,2026-01-05T09:30:00+00:00,MCH_TRAVEL,ORD_000272,"{'amount': '81920.00', 'captured_at': '2026-01-06T17:32:00+00:00'}",PAY_000272,card,REF_000272,payments.csv,payments:PAY_000272
1135.25,2026-01-06T17:40:00+00:00,INR,CUS_13133,2026-01-05T09:30:00+00:00,MCH_SWIFT,ORD_000273,"{'amount': '1135.25', 'captured_at': '2026-01-06T17:40:00+00:00'}",PAY_000273,netbanking,REF_000273,payments.csv,payments:PAY_000273
1135.25,2026-01-06T17:33:00+00:00,INR,CUS_13133,2026-01-05T09:30:00+00:00,MCH_SWIFT,ORD_000273,"{'amount': '1135.25', 'captured_at': '2026-01-06T17:33:00+00:00'}",PAY_000274,upi,REF_000273,payments.csv,payments:PAY_000274
40606.00,2026-01-06T17:47:00+00:00,INR,CUS_36895,2026-01-05T09:30:00+00:00,MCH_TRAVEL,ORD_000275,"{'amount': '40606.00', 'captured_at': '2026-01-06T17:47:00+00:00'}",PAY_000275,wallet,REF_000275,payments.csv,payments:PAY_000275
18961.75,2026-01-06T17:44:00+00:00,INR,CUS_46677,2026-01-05T09:30:00+00:00,MCH_ZERO,ORD_000276,"{'amount': '18961.75', 'captured_at': '2026-01-06T17:44:00+00:00'}",PAY_000276,card,REF_000276,payments.csv,payments:PAY_000276
49123.25,2026-01-06T17:57:00+00:00,INR,CUS_21128,2026-01-05T09:30:00+00:00,MCH_TRAVEL,ORD_000277,"{'amount': '49123.25', 'captured_at': '2026-01-06T17:57:00+00:00'}",PAY_000277,card,REF_000277,payments.csv,payments:PAY_000277
77880.50,2026-01-06T18:04:00+00:00,INR,CUS_18163,2026-01-05T09:30:00+00:00,MCH_ZERO,ORD_000278,"{'amount': '77880.50', 'captured_at': '2026-01-06T18:04:00+00:00'}",PAY_000278,card,REF_000278,payments.csv,payments:PAY_000278
41588.25,2026-01-06T18:20:00+00:00,INR,CUS_52762,2026-01-05T09:30:00+00:00,MCH_CAFE,ORD_000279,"{'amount': '41588.25', 'captured_at': '2026-01-06T18:20:00+00:00'}",PAY_000279,netbanking,REF_000279,payments.csv,payments:PAY_000279
26869.00,2026-01-06T18:15:00+00:00,INR,CUS_86638,2026-01-05T09:30:00+00:00,MCH_ZERO,ORD_000280,"{'amount': '26869.00', 'captured_at': '2026-01-06T18:15:00+00:00'}",PAY_000280,upi,REF_000280,payments.csv,payments:PAY_000280
61386.00,2026-01-06T18:35:00+00:00,INR,CUS_63282,2026-01-05T09:30:00+00:00,MCH_SAAS,ORD_000281,"{'amount': '61386.00', 'captured_at': '2026-01-06T18:35:00+00:00'}",PAY_000281,netbanking,REF_000281,payments.csv,payments:PAY_000281
61031.00,2026-01-06T18:30:00+00:00,INR,CUS_25717,2026-01-05T09:30:00+00:00,MCH_CAFE,ORD_000282,"{'amount': '61031.00', 'captured_at': '2026-01-06T18:30:00+00:00'}",PAY_000282,netbanking,REF_000282,payments.csv,payments:PAY_000282
43264.00,2026-01-06T18:44:00+00:00,INR,CUS_21955,2026-01-05T09:30:00+00:00,MCH_SWIFT,ORD_000283,"{'amount': '43264.00', 'captured_at': '2026-01-06T18:44:00+00:00'}",PAY_000283,netbanking,REF_000283,payments.csv,payments:PAY_000283
6716.75,2026-01-06T18:46:00+00:00,INR,CUS_49169,2026-01-05T09:30:00+00:00,MCH_HEALTH,ORD_000284,"{'amount': '6716.75', 'captured_at': '2026-01-06T18:46:00+00:00'}",PAY_000284,upi,REF_000284,payments.csv,payments:PAY_000284
73169.75,2026-01-06T18:50:00+00:00,INR,CUS_82105,2026-01-05T09:30:00+00:00,MCH_SAAS,ORD_000285,"{'amount': '73169.75', 'captured_at': '2026-01-06T18:50:00+00:00'}",PAY_000285,wallet,REF_000285,payments.csv,payments:PAY_000285
73169.75,2026-01-06T18:51:00+00:00,INR,CUS_82105,2026-01-05T09:30:00+00:00,MCH_SAAS,ORD_000285,"{'amount': '73169.75', 'captured_at': '2026-01-06T18:51:00+00:00'}",PAY_000286,upi,REF_000285,payments.csv,payments:PAY_000286
29435.00,2026-01-06T19:14:00+00:00,INR,CUS_35969,2026-01-05T09:30:00+00:00,MCH_ZERO,ORD_000287,"{'amount': '29435.00', 'captured_at': '2026-01-06T19:14:00+00:00'}",PAY_000287,upi,REF_000287,payments.csv,payments:PAY_000287
8750.00,2026-01-06T19:14:00+00:00,INR,CUS_94670,2026-01-05T09:30:00+00:00,MCH_ZERO,ORD_000288,"{'amount': '8750.00', 'captured_at': '2026-01-06T19:14:00+00:00'}",PAY_000288,upi,REF_000288,payments.csv,payments:PAY_000288
5896.25,2026-01-06T19:28:00+00:00,INR,CUS_16637,2026-01-05T09:30:00+00:00,MCH_ZERO,ORD_000289,"{'amount': '5896.25', 'captured_at': '2026-01-06T19:28:00+00:00'}",PAY_000289,wallet,REF_000289,payments.csv,payments:PAY_000289
50465.75,2026-01-06T19:33:00+00:00,INR,CUS_65923,2026-01-05T09:30:00+00:00,MCH_ZERO,ORD_000290,"{'amount': '50465.75', 'captured_at': '2026-01-06T19:33:00+00:00'}",PAY_000290,card,REF_000290,payments.csv,payments:PAY_000290
36981.25,2026-01-06T19:35:00+00:00,INR,CUS_29481,2026-01-05T09:30:00+00:00,MCH_CAFE,ORD_000291,"{'amount': '36981.25', 'captured_at': '2026-01-06T19:35:00+00:00'}",PAY_000291,netbanking,REF_000291,payments.csv,payments:PAY_000291
72479.25,2026-01-06T19:43:00+00:00,INR,CUS_17992,2026-01-05T09:30:00+00:00,MCH_SAAS,ORD_000292,"{'amount': '72479.25', 'captured_at': '2026-01-06T19:43:00+00:00'}",PAY_000292,wallet,REF_000292,payments.csv,payments:PAY_000292
71558.00,2026-01-06T19:58:00+00:00,INR,CUS_60134,2026-01-05T09:30:00+00:00,MCH_TRAVEL,ORD_000293,"{'amount': '71558.00', 'captured_at': '2026-01-06T19:58:00+00:00'}",PAY_000293,wallet,REF_000293,payments.csv,payments:PAY_000293
74441.50,2026-01-06T20:00:00+00:00,INR,CUS_52153,2026-01-05T09:30:00+00:00,MCH_CAFE,ORD_000294,"{'amount': '74441.50', 'captured_at': '2026-01-06T20:00:00+00:00'}",PAY_000294,card,REF_000294,payments.csv,payments:PAY_000294
78565.00,2026-01-06T19:59:00+00:00,INR,CUS_13840,2026-01-05T09:30:00+00:00,MCH_CAFE,ORD_000295,"{'amount': '78565.00', 'captured_at': '2026-01-06T19:59:00+00:00'}",PAY_000295,wallet,REF_000295,payments.csv,payments:PAY_000295
13424.00,2026-01-06T20:12:00+00:00,INR,CUS_96096,2026-01-05T09:30:00+00:00,MCH_SWIFT,ORD_000296,"{'amount': '13424.00', 'captured_at': '2026-01-06T20:12:00+00:00'}",PAY_000296,upi,REF_000296,payments.csv,payments:PAY_000296
51211.00,2026-01-06T20:18:00+00:00,INR,CUS_32768,2026-01-05T09:30:00+00:00,MCH_HEALTH,ORD_000297,"{'amount': '51211.00', 'captured_at': '2026-01-06T20:18:00+00:00'}",PAY_000297,netbanking,REF_000297,payments.csv,payments:PAY_000297
3997.75,2026-01-06T20:25:00+00:00,INR,CUS_56095,2026-01-05T09:30:00+00:00,MCH_HEALTH,ORD_000298,"{'amount': '3997.75', 'captured_at': '2026-01-06T20:25:00+00:00'}",PAY_000298,card,REF_000298,payments.csv,payments:PAY_000298
40808.00,2026-01-06T20:26:00+00:00,INR,CUS_74282,2026-01-05T09:30:00+00:00,MCH_HEALTH,ORD_000299,"{'amount': '40808.00', 'captured_at': '2026-01-06T20:26:00+00:00'}",PAY_000299,upi,REF_000299,payments.csv,payments:PAY_000299
28979.00,2026-01-06T20:34:00+00:00,INR,CUS_79002,2026-01-05T09:30:00+00:00,MCH_HEALTH,ORD_000300,"{'amount': '28979.00', 'captured_at': '2026-01-06T20:34:00+00:00'}",PAY_000300,netbanking,REF_000300,payments.csv,payments:PAY_000300
28979.00,2026-01-06T20:38:00+00:00,INR,CUS_79002,2026-01-05T09:30:00+00:00,MCH_HEALTH,ORD_000300,"{'amount': '28979.00', 'captured_at': '2026-01-06T20:38:00+00:00'}",PAY_000301,netbanking,REF_000300,payments.csv,payments:PAY_000301
8106.00,2026-01-06T20:53:00+00:00,INR,CUS_29360,2026-01-05T09:30:00+00:00,MCH_CAFE,ORD_000302,"{'amount': '8106.00', 'captured_at': '2026-01-06T20:53:00+00:00'}",PAY_000302,upi,REF_000302,payments.csv,payments:PAY_000302
49267.75,2026-01-06T20:58:00+00:00,INR,CUS_96787,2026-01-05T09:30:00+00:00,MCH_ZERO,ORD_000303,"{'amount': '49267.75', 'captured_at': '2026-01-06T20:58:00+00:00'}",PAY_000303,netbanking,REF_000303,payments.csv,payments:PAY_000303
57561.75,2026-01-06T21:14:00+00:00,INR,CUS_73858,2026-01-05T09:30:00+00:00,MCH_TRAVEL,ORD_000304,"{'amount': '57561.75', 'captured_at': '2026-01-06T21:14:00+00:00'}",PAY_000304,card,REF_000304,payments.csv,payments:PAY_000304
87532.50,2026-01-06T21:18:00+00:00,INR,CUS_32983,2026-01-05T09:30:00+00:00,MCH_SWIFT,ORD_000305,"{'amount': '87532.50', 'captured_at': '2026-01-06T21:18:00+00:00'}",PAY_000305,netbanking,REF_000305,payments.csv,payments:PAY_000305
535.75,2026-01-06T21:17:00+00:00,INR,CUS_85082,2026-01-05T09:30:00+00:00,MCH_SWIFT,ORD_000306,"{'amount': '535.75', 'captured_at': '2026-01-06T21:17:00+00:00'}",PAY_000306,card,REF_000306,payments.csv,payments:PAY_000306
29253.75,2026-01-06T21:35:00+00:00,INR,CUS_84127,2026-01-05T09:30:00+00:00,MCH_HEALTH,ORD_000307,"{'amount': '29253.75', 'captured_at': '2026-01-06T21:35:00+00:00'}",PAY_000307,card,REF_000307,payments.csv,payments:PAY_000307
10498.00,2026-01-06T21:34:00+00:00,INR,CUS_55457,2026-01-05T09:30:00+00:00,MCH_TRAVEL,ORD_000308,"{'amount': '10498.00', 'captured_at': '2026-01-06T21:34:00+00:00'}",PAY_000308,upi,REF_000308,payments.csv,payments:PAY_000308
1793.00,2026-01-06T21:37:00+00:00,INR,CUS_37483,2026-01-05T09:30:00+00:00,MCH_SAAS,ORD_000309,"{'amount': '1793.00', 'captured_at': '2026-01-06T21:37:00+00:00'}",PAY_000309,netbanking,REF_000309,payments.csv,payments:PAY_000309
6610.25,2026-01-06T21:59:00+00:00,INR,CUS_67438,2026-01-05T09:30:00+00:00,MCH_ZERO,ORD_000310,"{'amount': '6610.25', 'captured_at': '2026-01-06T21:59:00+00:00'}",PAY_000310,card,REF_000310,payments.csv,payments:PAY_000310
49938.00,2026-01-06T21:54:00+00:00,INR,CUS_81568,2026-01-05T09:30:00+00:00,MCH_SAAS,ORD_000311,"{'amount': '49938.00', 'captured_at': '2026-01-06T21:54:00+00:00'}",PAY_000311,wallet,REF_000311,payments.csv,payments:PAY_000311
59451.00,2026-01-06T21:57:00+00:00,INR,CUS_14379,2026-01-05T09:30:00+00:00,MCH_SWIFT,ORD_000312,"{'amount': '59451.00', 'captured_at': '2026-01-06T21:57:00+00:00'}",PAY_000312,netbanking,REF_000312,payments.csv,payments:PAY_000312
10025.00,2026-01-06T22:10:00+00:00,INR,CUS_32296,2026-01-05T09:30:00+00:00,MCH_ZERO,ORD_000313,"{'amount': '10025.00', 'captured_at': '2026-01-06T22:10:00+00:00'}",PAY_000313,upi,REF_000313,payments.csv,payments:PAY_000313
78160.50,2026-01-06T22:14:00+00:00,INR,CUS_73273,2026-01-05T09:30:00+00:00,MCH_CAFE,ORD_000314,"{'amount': '78160.50', 'captured_at': '2026-01-06T22:14:00+00:00'}",PAY_000314,wallet,REF_000314,payments.csv,payments:PAY_000314
57211.00,2026-01-06T22:26:00+00:00,INR,CUS_17019,2026-01-05T09:30:00+00:00,MCH_HEALTH,ORD_000315,"{'amount': '57211.00', 'captured_at': '2026-01-06T22:26:00+00:00'}",PAY_000315,card,REF_000315,payments.csv,payments:PAY_000315
71095.00,2026-01-06T22:34:00+00:00,INR,CUS_96585,2026-01-05T09:30:00+00:00,MCH_TRAVEL,ORD_000316,"{'amount': '71095.00', 'captured_at': '2026-01-06T22:34:00+00:00'}",PAY_000316,card,REF_000316,payments.csv,payments:PAY_000316
51798.50,2026-01-06T22:37:00+00:00,INR,CUS_82045,2026-01-05T09:30:00+00:00,MCH_ZERO,ORD_000317,"{'amount': '51798.50', 'captured_at': '2026-01-06T22:37:00+00:00'}",PAY_000317,upi,REF_000317,payments.csv,payments:PAY_000317
56347.00,2026-01-06T22:57:00+00:00,INR,CUS_48607,2026-01-05T09:30:00+00:00,MCH_ZERO,ORD_000318,"{'amount': '56347.00', 'captured_at': '2026-01-06T22:57:00+00:00'}",PAY_000318,card,REF_000318,payments.csv,payments:PAY_000318
27425.00,2026-01-06T22:48:00+00:00,INR,CUS_93648,2026-01-05T09:30:00+00:00,MCH_ZERO,ORD_000319,"{'amount': '27425.00', 'captured_at': '2026-01-06T22:48:00+00:00'}",PAY_000319,wallet,REF_000319,payments.csv,payments:PAY_000319
27425.00,2026-01-06T22:55:00+00:00,INR,CUS_93648,2026-01-05T09:30:00+00:00,MCH_ZERO,ORD_000319,"{'amount': '27425.00', 'captured_at': '2026-01-06T22:55:00+00:00'}",PAY_000320,wallet,REF_000319,payments.csv,payments:PAY_000320
86943.00,2026-01-06T23:20:00+00:00,INR,CUS_21945,2026-01-05T09:30:00+00:00,MCH_SAAS,ORD_000321,"{'amount': '86943.00', 'captured_at': '2026-01-06T23:20:00+00:00'}",PAY_000321,wallet,REF_000321,payments.csv,payments:PAY_000321
50296.00,2026-01-06T23:09:00+00:00,INR,CUS_34455,2026-01-05T09:30:00+00:00,MCH_CAFE,ORD_000322,"{'amount': '50296.00', 'captured_at': '2026-01-06T23:09:00+00:00'}",PAY_000322,netbanking,REF_000322,payments.csv,payments:PAY_000322
35500.50,2026-01-06T23:16:00+00:00,INR,CUS_18079,2026-01-05T09:30:00+00:00,MCH_SWIFT,ORD_000323,"{'amount': '35500.50', 'captured_at': '2026-01-06T23:16:00+00:00'}",PAY_000323,upi,REF_000323,payments.csv,payments:PAY_000323
30120.50,2026-01-06T23:38:00+00:00,INR,CUS_17993,2026-01-05T09:30:00+00:00,MCH_HEALTH,ORD_000324,"{'amount': '30120.50', 'captured_at': '2026-01-06T23:38:00+00:00'}",PAY_000324,wallet,REF_000324,payments.csv,payments:PAY_000324
31186.25,2026-01-06T23:38:00+00:00,INR,CUS_49171,2026-01-05T09:30:00+00:00,MCH_HEALTH,ORD_000325,"{'amount': '31186.25', 'captured_at': '2026-01-06T23:38:00+00:00'}",PAY_000325,upi,REF_000325,payments.csv,payments:PAY_000325
59156.00,2026-01-06T23:40:00+00:00,INR,CUS_31910,2026-01-05T09:30:00+00:00,MCH_ZERO,ORD_000326,"{'amount': '59156.00', 'captured_at': '2026-01-06T23:40:00+00:00'}",PAY_000326,card,REF_000326,payments.csv,payments:PAY_000326
82511.00,2026-01-06T23:52:00+00:00,INR,CUS_87994,2026-01-05T09:30:00+00:00,MCH_SWIFT,ORD_000327,"{'amount': '82511.00', 'captured_at': '2026-01-06T23:52:00+00:00'}",PAY_000327,upi,REF_000327,payments.csv,payments:PAY_000327
82511.00,2026-01-06T23:54:00+00:00,INR,CUS_87994,2026-01-05T09:30:00+00:00,MCH_SWIFT,ORD_000327,"{'amount': '82511.00', 'captured_at': '2026-01-06T23:54:00+00:00'}",PAY_000328,wallet,REF_000327,payments.csv,payments:PAY_000328
68416.25,2026-01-07T00:15:00+00:00,INR,CUS_11620,2026-01-05T09:30:00+00:00,MCH_CAFE,ORD_000329,"{'amount': '68416.25', 'captured_at': '2026-01-07T00:15:00+00:00'}",PAY_000329,wallet,REF_000329,payments.csv,payments:PAY_000329
77361.50,2026-01-07T00:04:00+00:00,INR,CUS_23133,2026-01-05T09:30:00+00:00,MCH_HEALTH,ORD_000330,"{'amount': '77361.50', 'captured_at': '2026-01-07T00:04:00+00:00'}",PAY_000330,netbanking,REF_000330,payments.csv,payments:PAY_000330
34920.25,2026-01-07T00:26:00+00:00,INR,CUS_95824,2026-01-05T09:30:00+00:00,MCH_SAAS,ORD_000331,"{'amount': '34920.25', 'captured_at': '2026-01-07T00:26:00+00:00'}",PAY_000331,upi,REF_000331,payments.csv,payments:PAY_000331
80077.75,2026-01-07T00:27:00+00:00,INR,CUS_62654,2026-01-05T09:30:00+00:00,MCH_HEALTH,ORD_000332,"{'amount': '80077.75', 'captured_at': '2026-01-07T00:27:00+00:00'}",PAY_000332,netbanking,REF_000332,payments.csv,payments:PAY_000332
62587.00,2026-01-07T00:32:00+00:00,INR,CUS_58816,2026-01-05T09:30:00+00:00,MCH_ZERO,ORD_000333,"{'amount': '62587.00', 'captured_at': '2026-01-07T00:32:00+00:00'}",PAY_000333,netbanking,REF_000333,payments.csv,payments:PAY_000333
13173.00,2026-01-07T00:45:00+00:00,INR,CUS_27614,2026-01-05T09:30:00+00:00,MCH_TRAVEL,ORD_000334,"{'amount': '13173.00', 'captured_at': '2026-01-07T00:45:00+00:00'}",PAY_000334,netbanking,REF_000334,payments.csv,payments:PAY_000334
54927.50,2026-01-07T00:42:00+00:00,INR,CUS_94614,2026-01-05T09:30:00+00:00,MCH_TRAVEL,ORD_000335,"{'amount': '54927.50', 'captured_at': '2026-01-07T00:42:00+00:00'}",PAY_000335,wallet,REF_000335,payments.csv,payments:PAY_000335
63799.50,2026-01-07T00:59:00+00:00,INR,CUS_59009,2026-01-05T09:30:00+00:00,MCH_SAAS,ORD_000336,"{'amount': '63799.50', 'captured_at': '2026-01-07T00:59:00+00:00'}",PAY_000336,card,REF_000336,payments.csv,payments:PAY_000336
18079.50,2026-01-07T00:55:00+00:00,INR,CUS_84537,2026-01-05T09:30:00+00:00,MCH_SAAS,ORD_000337,"{'amount': '18079.50', 'captured_at': '2026-01-07T00:55:00+00:00'}",PAY_000337,card,REF_000337,payments.csv,payments:PAY_000337
33001.00,2026-01-07T01:08:00+00:00,INR,CUS_69827,2026-01-05T09:30:00+00:00,MCH_ZERO,ORD_000338,"{'amount': '33001.00', 'captured_at': '2026-01-07T01:08:00+00:00'}",PAY_000338,card,REF_000338,payments.csv,payments:PAY_000338
52328.75,2026-01-07T01:09:00+00:00,INR,CUS_26236,2026-01-05T09:30:00+00:00,MCH_HEALTH,ORD_000339,"{'amount': '52328.75', 'captured_at': '2026-01-07T01:09:00+00:00'}",PAY_000339,card,REF_000339,payments.csv,payments:PAY_000339
78162.25,2026-01-07T01:31:00+00:00,INR,CUS_33276,2026-01-05T09:30:00+00:00,MCH_SAAS,ORD_000340,"{'amount': '78162.25', 'captured_at': '2026-01-07T01:31:00+00:00'}",PAY_000340,netbanking,REF_000340,payments.csv,payments:PAY_000340
34203.75,2026-01-07T01:20:00+00:00,INR,CUS_21847,2026-01-05T09:30:00+00:00,MCH_SWIFT,ORD_000341,"{'amount': '34203.75', 'captured_at': '2026-01-07T01:20:00+00:00'}",PAY_000341,wallet,REF_000341,payments.csv,payments:PAY_000341
29312.75,2026-01-07T01:36:00+00:00,INR,CUS_39505,2026-01-05T09:30:00+00:00,MCH_SWIFT,ORD_000342,"{'amount': '29312.75', 'captured_at': '2026-01-07T01:36:00+00:00'}",PAY_000342,netbanking,REF_000342,payments.csv,payments:PAY_000342
2928.75,2026-01-07T01:39:00+00:00,INR,CUS_11166,2026-01-05T09:30:00+00:00,MCH_HEALTH,ORD_000343,"{'amount': '2928.75', 'captured_at': '2026-01-07T01:39:00+00:00'}",PAY_000343,card,REF_000343,payments.csv,payments:PAY_000343
33381.50,2026-01-07T01:52:00+00:00,INR,CUS_50037,2026-01-05T09:30:00+00:00,MCH_SWIFT,ORD_000344,"{'amount': '33381.50', 'captured_at': '2026-01-07T01:52:00+00:00'}",PAY_000344,wallet,REF_000344,payments.csv,payments:PAY_000344
60461.00,2026-01-07T01:58:00+00:00,INR,CUS_38601,2026-01-05T09:30:00+00:00,MCH_CAFE,ORD_000345,"{'amount': '60461.00', 'captured_at': '2026-01-07T01:58:00+00:00'}",PAY_000345,wallet,REF_000345,payments.csv,payments:PAY_000345
67345.75,2026-01-07T02:06:00+00:00,INR,CUS_59051,2026-01-05T09:30:00+00:00,MCH_ZERO,ORD_000346,"{'amount': '67345.75', 'captured_at': '2026-01-07T02:06:00+00:00'}",PAY_000346,netbanking,REF_000346,payments.csv,payments:PAY_000346
8667.00,2026-01-07T02:15:00+00:00,INR,CUS_46239,2026-01-05T09:30:00+00:00,MCH_SAAS,ORD_000347,"{'amount': '8667.00', 'captured_at': '2026-01-07T02:15:00+00:00'}",PAY_000347,netbanking,REF_000347,payments.csv,payments:PAY_000347
85689.00,2026-01-07T02:24:00+00:00,INR,CUS_34688,2026-01-05T09:30:00+00:00,MCH_TRAVEL,ORD_000348,"{'amount': '85689.00', 'captured_at': '2026-01-07T02:24:00+00:00'}",PAY_000348,card,REF_000348,payments.csv,payments:PAY_000348
53265.75,2026-01-07T02:23:00+00:00,INR,CUS_51888,2026-01-05T09:30:00+00:00,MCH_HEALTH,ORD_000349,"{'amount': '53265.75', 'captured_at': '2026-01-07T02:23:00+00:00'}",PAY_000349,upi,REF_000349,payments.csv,payments:PAY_000349
34303.25,2026-01-07T02:25:00+00:00,INR,CUS_63031,2026-01-05T09:30:00+00:00,MCH_CAFE,ORD_000350,"{'amount': '34303.25', 'captured_at': '2026-01-07T02:25:00+00:00'}",PAY_000350,card,REF_000350,payments.csv,payments:PAY_000350
29445.75,2026-01-07T02:48:00+00:00,INR,CUS_80075,2026-01-05T09:30:00+00:00,MCH_TRAVEL,ORD_000351,"{'amount': '29445.75', 'captured_at': '2026-01-07T02:48:00+00:00'}",PAY_000351,netbanking,REF_000351,payments.csv,payments:PAY_000351
73470.00,2026-01-07T02:50:00+00:00,INR,CUS_48506,2026-01-05T09:30:00+00:00,MCH_TRAVEL,ORD_000352,"{'amount': '73470.00', 'captured_at': '2026-01-07T02:50:00+00:00'}",PAY_000352,card,REF_000352,payments.csv,payments:PAY_000352
73470.00,2026-01-07T02:52:00+00:00,INR,CUS_48506,2026-01-05T09:30:00+00:00,MCH_TRAVEL,ORD_000352,"{'amount': '73470.00', 'captured_at': '2026-01-07T02:52:00+00:00'}",PAY_000353,card,REF_000352,payments.csv,payments:PAY_000353
12004.00,2026-01-07T02:59:00+00:00,INR,CUS_56567,2026-01-05T09:30:00+00:00,MCH_TRAVEL,ORD_000354,"{'amount': '12004.00', 'captured_at': '2026-01-07T02:59:00+00:00'}",PAY_000354,wallet,REF_000354,payments.csv,payments:PAY_000354
34452.50,2026-01-07T03:02:00+00:00,INR,CUS_48541,2026-01-05T09:30:00+00:00,MCH_CAFE,ORD_000355,"{'amount': '34452.50', 'captured_at': '2026-01-07T03:02:00+00:00'}",PAY_000355,wallet,REF_000355,payments.csv,payments:PAY_000355
76362.50,2026-01-07T03:12:00+00:00,INR,CUS_19334,2026-01-05T09:30:00+00:00,MCH_HEALTH,ORD_000356,"{'amount': '76362.50', 'captured_at': '2026-01-07T03:12:00+00:00'}",PAY_000356,upi,REF_000356,payments.csv,payments:PAY_000356
39406.25,2026-01-07T03:15:00+00:00,INR,CUS_17086,2026-01-05T09:30:00+00:00,MCH_HEALTH,ORD_000357,"{'amount': '39406.25', 'captured_at': '2026-01-07T03:15:00+00:00'}",PAY_000357,card,REF_000357,payments.csv,payments:PAY_000357
74932.25,2026-01-07T03:24:00+00:00,INR,CUS_28772,2026-01-05T09:30:00+00:00,MCH_SAAS,ORD_000358,"{'amount': '74932.25', 'captured_at': '2026-01-07T03:24:00+00:00'}",PAY_000358,upi,REF_000358,payments.csv,payments:PAY_000358
83010.00,2026-01-07T03:30:00+00:00,INR,CUS_51079,2026-01-05T09:30:00+00:00,MCH_CAFE,ORD_000359,"{'amount': '83010.00', 'captured_at': '2026-01-07T03:30:00+00:00'}",PAY_000359,upi,REF_000359,payments.csv,payments:PAY_000359
27744.00,2026-01-07T03:47:00+00:00,INR,CUS_85534,2026-01-05T09:30:00+00:00,MCH_CAFE,ORD_000360,"{'amount': '27744.00', 'captured_at': '2026-01-07T03:47:00+00:00'}",PAY_000360,upi,REF_000360,payments.csv,payments:PAY_000360
57147.75,2026-01-07T03:54:00+00:00,INR,CUS_66283,2026-01-05T09:30:00+00:00,MCH_HEALTH,ORD_000361,"{'amount': '57147.75', 'captured_at': '2026-01-07T03:54:00+00:00'}",PAY_000361,wallet,REF_000361,payments.csv,payments:PAY_000361
49203.00,2026-01-07T03:55:00+00:00,INR,CUS_52233,2026-01-05T09:30:00+00:00,MCH_TRAVEL,ORD_000362,"{'amount': '49203.00', 'captured_at': '2026-01-07T03:55:00+00:00'}",PAY_000362,upi,REF_000362,payments.csv,payments:PAY_000362
32913.00,2026-01-07T03:58:00+00:00,INR,CUS_55134,2026-01-05T09:30:00+00:00,MCH_TRAVEL,ORD_000363,"{'amount': '32913.00', 'captured_at': '2026-01-07T03:58:00+00:00'}",PAY_000363,upi,REF_000363,payments.csv,payments:PAY_000363
77458.00,2026-01-07T04:00:00+00:00,INR,CUS_31891,2026-01-05T09:30:00+00:00,MCH_HEALTH,ORD_000364,"{'amount': '77458.00', 'captured_at': '2026-01-07T04:00:00+00:00'}",PAY_000364,netbanking,REF_000364,payments.csv,payments:PAY_000364
68495.50,2026-01-07T04:21:00+00:00,INR,CUS_78697,2026-01-05T09:30:00+00:00,MCH_SAAS,ORD_000365,"{'amount': '68495.50', 'captured_at': '2026-01-07T04:21:00+00:00'}",PAY_000365,card,REF_000365,payments.csv,payments:PAY_000365
47387.00,2026-01-07T04:16:00+00:00,INR,CUS_31611,2026-01-05T09:30:00+00:00,MCH_SAAS,ORD_000366,"{'amount': '47387.00', 'captured_at': '2026-01-07T04:16:00+00:00'}",PAY_000366,card,REF_000366,payments.csv,payments:PAY_000366
17497.00,2026-01-07T04:40:00+00:00,INR,CUS_12872,2026-01-05T09:30:00+00:00,MCH_TRAVEL,ORD_000367,"{'amount': '17497.00', 'captured_at': '2026-01-07T04:40:00+00:00'}",PAY_000367,card,REF_000367,payments.csv,payments:PAY_000367
85567.00,2026-01-07T04:40:00+00:00,INR,CUS_59177,2026-01-05T09:30:00+00:00,MCH_CAFE,ORD_000368,"{'amount': '85567.00', 'captured_at': '2026-01-07T04:40:00+00:00'}",PAY_000368,upi,REF_000368,payments.csv,payments:PAY_000368
2887.00,2026-01-07T04:51:00+00:00,INR,CUS_25176,2026-01-05T09:30:00+00:00,MCH_TRAVEL,ORD_000369,"{'amount': '2887.00', 'captured_at': '2026-01-07T04:51:00+00:00'}",PAY_000369,wallet,REF_000369,payments.csv,payments:PAY_000369
2887.00,2026-01-07T04:54:00+00:00,INR,CUS_25176,2026-01-05T09:30:00+00:00,MCH_TRAVEL,ORD_000369,"{'amount': '2887.00', 'captured_at': '2026-01-07T04:54:00+00:00'}",PAY_000370,netbanking,REF_000369,payments.csv,payments:PAY_000370
20370.00,2026-01-07T04:53:00+00:00,INR,CUS_99881,2026-01-05T09:30:00+00:00,MCH_TRAVEL,ORD_000371,"{'amount': '20370.00', 'captured_at': '2026-01-07T04:53:00+00:00'}",PAY_000371,netbanking,REF_000371,payments.csv,payments:PAY_000371
13535.75,2026-01-07T05:01:00+00:00,INR,CUS_78197,2026-01-05T09:30:00+00:00,MCH_TRAVEL,ORD_000372,"{'amount': '13535.75', 'captured_at': '2026-01-07T05:01:00+00:00'}",PAY_000372,wallet,REF_000372,payments.csv,payments:PAY_000372
15243.00,2026-01-07T05:09:00+00:00,INR,CUS_75239,2026-01-05T09:30:00+00:00,MCH_CAFE,ORD_000373,"{'amount': '15243.00', 'captured_at': '2026-01-07T05:09:00+00:00'}",PAY_000373,netbanking,REF_000373,payments.csv,payments:PAY_000373
54007.00,2026-01-07T05:26:00+00:00,INR,CUS_31020,2026-01-05T09:30:00+00:00,MCH_TRAVEL,ORD_000374,"{'amount': '54007.00', 'captured_at': '2026-01-07T05:26:00+00:00'}",PAY_000374,wallet,REF_000374,payments.csv,payments:PAY_000374
63301.00,2026-01-07T05:16:00+00:00,INR,CUS_40737,2026-01-05T09:30:00+00:00,MCH_TRAVEL,ORD_000375,"{'amount': '63301.00', 'captured_at': '2026-01-07T05:16:00+00:00'}",PAY_000375,upi,REF_000375,payments.csv,payments:PAY_000375
87990.25,2026-01-07T05:39:00+00:00,INR,CUS_29548,2026-01-05T09:30:00+00:00,MCH_HEALTH,ORD_000376,"{'amount': '87990.25', 'captured_at': '2026-01-07T05:39:00+00:00'}",PAY_000376,upi,REF_000376,payments.csv,payments:PAY_000376
84754.00,2026-01-07T05:40:00+00:00,INR,CUS_69867,2026-01-05T09:30:00+00:00,MCH_CAFE,ORD_000377,"{'amount': '84754.00', 'captured_at': '2026-01-07T05:40:00+00:00'}",PAY_000377,wallet,REF_000377,payments.csv,payments:PAY_000377
23198.00,2026-01-07T05:49:00+00:00,INR,CUS_48085,2026-01-05T09:30:00+00:00,MCH_ZERO,ORD_000378,"{'amount': '23198.00', 'captured_at': '2026-01-07T05:49:00+00:00'}",PAY_000378,wallet,REF_000378,payments.csv,payments:PAY_000378
6314.00,2026-01-07T05:54:00+00:00,INR,CUS_28139,2026-01-05T09:30:00+00:00,MCH_ZERO,ORD_000379,"{'amount': '6314.00', 'captured_at': '2026-01-07T05:54:00+00:00'}",PAY_000379,netbanking,REF_000379,payments.csv,payments:PAY_000379
81801.00,2026-01-07T06:03:00+00:00,INR,CUS_22183,2026-01-05T09:30:00+00:00,MCH_SAAS,ORD_000380,"{'amount': '81801.00', 'captured_at': '2026-01-07T06:03:00+00:00'}",PAY_000380,card,REF_000380,payments.csv,payments:PAY_000380
50856.75,2026-01-07T06:06:00+00:00,INR,CUS_72684,2026-01-05T09:30:00+00:00,MCH_CAFE,ORD_000381,"{'amount': '50856.75', 'captured_at': '2026-01-07T06:06:00+00:00'}",PAY_000381,upi,REF_000381,payments.csv,payments:PAY_000381
13893.25,2026-01-07T06:22:00+00:00,INR,CUS_87430,2026-01-05T09:30:00+00:00,MCH_SWIFT,ORD_000382,"{'amount': '13893.25', 'captured_at': '2026-01-07T06:22:00+00:00'}",PAY_000382,card,REF_000382,payments.csv,payments:PAY_000382
80431.00,2026-01-07T06:21:00+00:00,INR,CUS_99714,2026-01-05T09:30:00+00:00,MCH_CAFE,ORD_000383,"{'amount': '80431.00', 'captured_at': '2026-01-07T06:21:00+00:00'}",PAY_000383,wallet,REF_000383,payments.csv,payments:PAY_000383
54207.25,2026-01-07T06:27:00+00:00,INR,CUS_16025,2026-01-05T09:30:00+00:00,MCH_ZERO,ORD_000384,"{'amount': '54207.25', 'captured_at': '2026-01-07T06:27:00+00:00'}",PAY_000384,netbanking,REF_000384,payments.csv,payments:PAY_000384
89157.50,2026-01-07T06:38:00+00:00,INR,CUS_85582,2026-01-05T09:30:00+00:00,MCH_TRAVEL,ORD_000385,"{'amount': '89157.50', 'captured_at': '2026-01-07T06:38:00+00:00'}",PAY_000385,netbanking,REF_000385,payments.csv,payments:PAY_000385
87032.75,2026-01-07T06:47:00+00:00,INR,CUS_42581,2026-01-05T09:30:00+00:00,MCH_SAAS,ORD_000386,"{'amount': '87032.75', 'captured_at': '2026-01-07T06:47:00+00:00'}",PAY_000386,wallet,REF_000386,payments.csv,payments:PAY_000386
80635.00,2026-01-07T06:50:00+00:00,INR,CUS_11526,2026-01-05T09:30:00+00:00,MCH_HEALTH,ORD_000387,"{'amount': '80635.00', 'captured_at': '2026-01-07T06:50:00+00:00'}",PAY_000387,wallet,REF_000387,payments.csv,payments:PAY_000387
10112.25,2026-01-07T06:58:00+00:00,INR,CUS_52026,2026-01-05T09:30:00+00:00,MCH_SWIFT,ORD_000388,"{'amount': '10112.25', 'captured_at': '2026-01-07T06:58:00+00:00'}",PAY_000388,netbanking,REF_000388,payments.csv,payments:PAY_000388
29490.50,2026-01-07T07:09:00+00:00,INR,CUS_94320,2026-01-05T09:30:00+00:00,MCH_HEALTH,ORD_000389,"{'amount': '29490.50', 'captured_at': '2026-01-07T07:09:00+00:00'}",PAY_000389,card,REF_000389,payments.csv,payments:PAY_000389
58520.50,2026-01-07T07:16:00+00:00,INR,CUS_68733,2026-01-05T09:30:00+00:00,MCH_SAAS,ORD_000390,"{'amount': '58520.50', 'captured_at': '2026-01-07T07:16:00+00:00'}",PAY_000390,wallet,REF_000390,payments.csv,payments:PAY_000390
58520.50,2026-01-07T07:04:00+00:00,INR,CUS_68733,2026-01-05T09:30:00+00:00,MCH_SAAS,ORD_000390,"{'amount': '58520.50', 'captured_at': '2026-01-07T07:04:00+00:00'}",PAY_000391,wallet,REF_000390,payments.csv,payments:PAY_000391
53179.25,2026-01-07T07:36:00+00:00,INR,CUS_14696,2026-01-05T09:30:00+00:00,MCH_ZERO,ORD_000392,"{'amount': '53179.25', 'captured_at': '2026-01-07T07:36:00+00:00'}",PAY_000392,upi,REF_000392,payments.csv,payments:PAY_000392
81442.75,2026-01-07T07:43:00+00:00,INR,CUS_49924,2026-01-05T09:30:00+00:00,MCH_HEALTH,ORD_000393,"{'amount': '81442.75', 'captured_at': '2026-01-07T07:43:00+00:00'}",PAY_000393,card,REF_000393,payments.csv,payments:PAY_000393
47924.00,2026-01-07T07:42:00+00:00,INR,CUS_39218,2026-01-05T09:30:00+00:00,MCH_CAFE,ORD_000394,"{'amount': '47924.00', 'captured_at': '2026-01-07T07:42:00+00:00'}",PAY_000394,wallet,REF_000394,payments.csv,payments:PAY_000394
59614.00,2026-01-07T07:48:00+00:00,INR,CUS_22771,2026-01-05T09:30:00+00:00,MCH_TRAVEL,ORD_000395,"{'amount': '59614.00', 'captured_at': '2026-01-07T07:48:00+00:00'}",PAY_000395,upi,REF_000395,payments.csv,payments:PAY_000395
83355.00,2026-01-07T07:58:00+00:00,INR,CUS_81786,2026-01-05T09:30:00+00:00,MCH_CAFE,ORD_000396,"{'amount': '83355.00', 'captured_at': '2026-01-07T07:58:00+00:00'}",PAY_000396,upi,REF_000396,payments.csv,payments:PAY_000396
64842.00,2026-01-07T07:58:00+00:00,INR,CUS_63636,2026-01-05T09:30:00+00:00,MCH_SWIFT,ORD_000397,"{'amount': '64842.00', 'captured_at': '2026-01-07T07:58:00+00:00'}",PAY_000397,card,REF_000397,payments.csv,payments:PAY_000397
51797.00,2026-01-07T08:08:00+00:00,INR,CUS_69905,2026-01-05T09:30:00+00:00,MCH_ZERO,ORD_000398,"{'amount': '51797.00', 'captured_at': '2026-01-07T08:08:00+00:00'}",PAY_000398,upi,REF_000398,payments.csv,payments:PAY_000398
83300.75,2026-01-07T08:18:00+00:00,INR,CUS_87176,2026-01-05T09:30:00+00:00,MCH_ZERO,ORD_000399,"{'amount': '83300.75', 'captured_at': '2026-01-07T08:18:00+00:00'}",PAY_000399,wallet,REF_000399,payments.csv,payments:PAY_000399
868.50,2026-01-07T08:28:00+00:00,INR,CUS_16366,2026-01-05T09:30:00+00:00,MCH_SAAS,ORD_000400,"{'amount': '868.50', 'captured_at': '2026-01-07T08:28:00+00:00'}",PAY_000400,wallet,REF_000400,payments.csv,payments:PAY_000400
76132.00,2026-01-07T08:30:00+00:00,INR,CUS_26827,2026-01-05T09:30:00+00:00,MCH_TRAVEL,ORD_000401,"{'amount': '76132.00', 'captured_at': '2026-01-07T08:30:00+00:00'}",PAY_000401,netbanking,REF_000401,payments.csv,payments:PAY_000401
80122.75,2026-01-07T08:39:00+00:00,INR,CUS_42537,2026-01-05T09:30:00+00:00,MCH_SAAS,ORD_000402,"{'amount': '80122.75', 'captured_at': '2026-01-07T08:39:00+00:00'}",PAY_000402,netbanking,REF_000402,payments.csv,payments:PAY_000402
17781.00,2026-01-07T08:52:00+00:00,INR,CUS_64099,2026-01-05T09:30:00+00:00,MCH_SAAS,ORD_000403,"{'amount': '17781.00', 'captured_at': '2026-01-07T08:52:00+00:00'}",PAY_000403,netbanking,REF_000403,payments.csv,payments:PAY_000403
17781.00,2026-01-07T08:53:00+00:00,INR,CUS_64099,2026-01-05T09:30:00+00:00,MCH_SAAS,ORD_000403,"{'amount': '17781.00', 'captured_at': '2026-01-07T08:53:00+00:00'}",PAY_000404,card,REF_000403,payments.csv,payments:PAY_000404
82110.75,2026-01-07T09:02:00+00:00,INR,CUS_48086,2026-01-05T09:30:00+00:00,MCH_SWIFT,ORD_000405,"{'amount': '82110.75', 'captured_at': '2026-01-07T09:02:00+00:00'}",PAY_000405,card,REF_000405,payments.csv,payments:PAY_000405
42555.75,2026-01-07T09:12:00+00:00,INR,CUS_25126,2026-01-05T09:30:00+00:00,MCH_TRAVEL,ORD_000406,"{'amount': '42555.75', 'captured_at': '2026-01-07T09:12:00+00:00'}",PAY_000406,wallet,REF_000406,payments.csv,payments:PAY_000406
70279.00,2026-01-07T09:16:00+00:00,INR,CUS_65363,2026-01-05T09:30:00+00:00,MCH_TRAVEL,ORD_000407,"{'amount': '70279.00', 'captured_at': '2026-01-07T09:16:00+00:00'}",PAY_000407,upi,REF_000407,payments.csv,payments:PAY_000407
19348.00,2026-01-07T09:13:00+00:00,INR,CUS_97851,2026-01-05T09:30:00+00:00,MCH_SAAS,ORD_000408,"{'amount': '19348.00', 'captured_at': '2026-01-07T09:13:00+00:00'}",PAY_000408,netbanking,REF_000408,payments.csv,payments:PAY_000408
89873.00,2026-01-07T09:23:00+00:00,INR,CUS_29192,2026-01-05T09:30:00+00:00,MCH_CAFE,ORD_000409,"{'amount': '89873.00', 'captured_at': '2026-01-07T09:23:00+00:00'}",PAY_000409,card,REF_000409,payments.csv,payments:PAY_000409
59622.00,2026-01-07T09:43:00+00:00,INR,CUS_90754,2026-01-05T09:30:00+00:00,MCH_CAFE,ORD_000410,"{'amount': '59622.00', 'captured_at': '2026-01-07T09:43:00+00:00'}",PAY_000410,card,REF_000410,payments.csv,payments:PAY_000410
67267.75,2026-01-07T09:34:00+00:00,INR,CUS_47701,2026-01-05T09:30:00+00:00,MCH_SWIFT,ORD_000411,"{'amount': '67267.75', 'captured_at': '2026-01-07T09:34:00+00:00'}",PAY_000411,wallet,REF_000411,payments.csv,payments:PAY_000411
72668.00,2026-01-07T09:48:00+00:00,INR,CUS_11699,2026-01-05T09:30:00+00:00,MCH_CAFE,ORD_000412,"{'amount': '72668.00', 'captured_at': '2026-01-07T09:48:00+00:00'}",PAY_000412,card,REF_000412,payments.csv,payments:PAY_000412
83371.75,2026-01-07T10:01:00+00:00,INR,CUS_94886,2026-01-05T09:30:00+00:00,MCH_SWIFT,ORD_000413,"{'amount': '83371.75', 'captured_at': '2026-01-07T10:01:00+00:00'}",PAY_000413,card,REF_000413,payments.csv,payments:PAY_000413
59127.00,2026-01-07T09:54:00+00:00,INR,CUS_99477,2026-01-05T09:30:00+00:00,MCH_CAFE,ORD_000414,"{'amount': '59127.00', 'captured_at': '2026-01-07T09:54:00+00:00'}",PAY_000414,card,REF_000414,payments.csv,payments:PAY_000414
5626.25,2026-01-07T10:08:00+00:00,INR,CUS_46583,2026-01-05T09:30:00+00:00,MCH_SAAS,ORD_000415,"{'amount': '5626.25', 'captured_at': '2026-01-07T10:08:00+00:00'}",PAY_000415,card,REF_000415,payments.csv,payments:PAY_000415
33725.00,2026-01-07T10:10:00+00:00,INR,CUS_53327,2026-01-05T09:30:00+00:00,MCH_HEALTH,ORD_000416,"{'amount': '33725.00', 'captured_at': '2026-01-07T10:10:00+00:00'}",PAY_000416,upi,REF_000416,payments.csv,payments:PAY_000416
78534.00,2026-01-07T10:23:00+00:00,INR,CUS_91968,2026-01-05T09:30:00+00:00,MCH_CAFE,ORD_000417,"{'amount': '78534.00', 'captured_at': '2026-01-07T10:23:00+00:00'}",PAY_000417,wallet,REF_000417,payments.csv,payments:PAY_000417
41962.50,2026-01-07T10:34:00+00:00,INR,CUS_38830,2026-01-05T09:30:00+00:00,MCH_ZERO,ORD_000418,"{'amount': '41962.50', 'captured_at': '2026-01-07T10:34:00+00:00'}",PAY_000418,upi,REF_000418,payments.csv,payments:PAY_000418
71482.50,2026-01-07T10:35:00+00:00,INR,CUS_62876,2026-01-05T09:30:00+00:00,MCH_SAAS,ORD_000419,"{'amount': '71482.50', 'captured_at': '2026-01-07T10:35:00+00:00'}",PAY_000419,card,REF_000419,payments.csv,payments:PAY_000419
38779.00,2026-01-07T10:50:00+00:00,INR,CUS_91039,2026-01-05T09:30:00+00:00,MCH_CAFE,ORD_000420,"{'amount': '38779.00', 'captured_at': '2026-01-07T10:50:00+00:00'}",PAY_000420,upi,REF_000420,payments.csv,payments:PAY_000420
45651.25,2026-01-07T10:50:00+00:00,INR,CUS_41502,2026-01-05T09:30:00+00:00,MCH_TRAVEL,ORD_000421,"{'amount': '45651.25', 'captured_at': '2026-01-07T10:50:00+00:00'}",PAY_000421,upi,REF_000421,payments.csv,payments:PAY_000421
15160.25,2026-01-07T10:58:00+00:00,INR,CUS_43631,2026-01-05T09:30:00+00:00,MCH_SAAS,ORD_000422,"{'amount': '15160.25', 'captured_at': '2026-01-07T10:58:00+00:00'}",PAY_000422,upi,REF_000422,payments.csv,payments:PAY_000422
66980.25,2026-01-07T11:01:00+00:00,INR,CUS_73806,2026-01-05T09:30:00+00:00,MCH_HEALTH,ORD_000423,"{'amount': '66980.25', 'captured_at': '2026-01-07T11:01:00+00:00'}",PAY_000423,card,REF_000423,payments.csv,payments:PAY_000423
11093.00,2026-01-07T11:20:00+00:00,INR,CUS_31940,2026-01-05T09:30:00+00:00,MCH_HEALTH,ORD_000424,"{'amount': '11093.00', 'captured_at': '2026-01-07T11:20:00+00:00'}",PAY_000424,upi,REF_000424,payments.csv,payments:PAY_000424
55901.00,2026-01-07T11:23:00+00:00,INR,CUS_36945,2026-01-05T09:30:00+00:00,MCH_TRAVEL,ORD_000425,"{'amount': '55901.00', 'captured_at': '2026-01-07T11:23:00+00:00'}",PAY_000425,upi,REF_000425,payments.csv,payments:PAY_000425
60491.75,2026-01-07T11:15:00+00:00,INR,CUS_53478,2026-01-05T09:30:00+00:00,MCH_ZERO,ORD_000426,"{'amount': '60491.75', 'captured_at': '2026-01-07T11:15:00+00:00'}",PAY_000426,upi,REF_000426,payments.csv,payments:PAY_000426
33318.50,2026-01-07T11:31:00+00:00,INR,CUS_19232,2026-01-05T09:30:00+00:00,MCH_SWIFT,ORD_000427,"{'amount': '33318.50', 'captured_at': '2026-01-07T11:31:00+00:00'}",PAY_000427,netbanking,REF_000427,payments.csv,payments:PAY_000427
59429.75,2026-01-07T11:40:00+00:00,INR,CUS_63011,2026-01-05T09:30:00+00:00,MCH_SAAS,ORD_000428,"{'amount': '59429.75', 'captured_at': '2026-01-07T11:40:00+00:00'}",PAY_000428,upi,REF_000428,payments.csv,payments:PAY_000428
15806.50,2026-01-07T11:41:00+00:00,INR,CUS_10773,2026-01-05T09:30:00+00:00,MCH_TRAVEL,ORD_000429,"{'amount': '15806.50', 'captured_at': '2026-01-07T11:41:00+00:00'}",PAY_000429,upi,REF_000429,payments.csv,payments:PAY_000429
14211.00,2026-01-07T11:45:00+00:00,INR,CUS_99899,2026-01-05T09:30:00+00:00,MCH_HEALTH,ORD_000430,"{'amount': '14211.00', 'captured_at': '2026-01-07T11:45:00+00:00'}",PAY_000430,netbanking,REF_000430,payments.csv,payments:PAY_000430
86902.00,2026-01-07T12:06:00+00:00,INR,CUS_72126,2026-01-05T09:30:00+00:00,MCH_SAAS,ORD_000431,"{'amount': '86902.00', 'captured_at': '2026-01-07T12:06:00+00:00'}",PAY_000431,card,REF_000431,payments.csv,payments:PAY_000431
51548.50,2026-01-07T12:04:00+00:00,INR,CUS_48663,2026-01-05T09:30:00+00:00,MCH_TRAVEL,ORD_000432,"{'amount': '51548.50', 'captured_at': '2026-01-07T12:04:00+00:00'}",PAY_000432,netbanking,REF_000432,payments.csv,payments:PAY_000432
72851.50,2026-01-07T12:03:00+00:00,INR,CUS_28530,2026-01-05T09:30:00+00:00,MCH_ZERO,ORD_000433,"{'amount': '72851.50', 'captured_at': '2026-01-07T12:03:00+00:00'}",PAY_000433,upi,REF_000433,payments.csv,payments:PAY_000433
72065.00,2026-01-07T12:21:00+00:00,INR,CUS_49936,2026-01-05T09:30:00+00:00,MCH_HEALTH,ORD_000434,"{'amount': '72065.00', 'captured_at': '2026-01-07T12:21:00+00:00'}",PAY_000434,card,REF_000434,payments.csv,payments:PAY_000434
67481.00,2026-01-07T12:24:00+00:00,INR,CUS_31096,2026-01-05T09:30:00+00:00,MCH_TRAVEL,ORD_000435,"{'amount': '67481.00', 'captured_at': '2026-01-07T12:24:00+00:00'}",PAY_000435,netbanking,REF_000435,payments.csv,payments:PAY_000435
24070.75,2026-01-07T12:40:00+00:00,INR,CUS_84356,2026-01-05T09:30:00+00:00,MCH_ZERO,ORD_000436,"{'amount': '24070.75', 'captured_at': '2026-01-07T12:40:00+00:00'}",PAY_000436,wallet,REF_000436,payments.csv,payments:PAY_000436
88339.00,2026-01-07T12:36:00+00:00,INR,CUS_42858,2026-01-05T09:30:00+00:00,MCH_CAFE,ORD_000437,"{'amount': '88339.00', 'captured_at': '2026-01-07T12:36:00+00:00'}",PAY_000437,wallet,REF_000437,payments.csv,payments:PAY_000437
17105.75,2026-01-07T12:41:00+00:00,INR,CUS_95914,2026-01-05T09:30:00+00:00,MCH_CAFE,ORD_000438,"{'amount': '17105.75', 'captured_at': '2026-01-07T12:41:00+00:00'}",PAY_000438,netbanking,REF_000438,payments.csv,payments:PAY_000438
59367.00,2026-01-07T12:58:00+00:00,INR,CUS_90785,2026-01-05T09:30:00+00:00,MCH_SAAS,ORD_000439,"{'amount': '59367.00', 'captured_at': '2026-01-07T12:58:00+00:00'}",PAY_000439,card,REF_000439,payments.csv,payments:PAY_000439
56439.00,2026-01-07T13:00:00+00:00,INR,CUS_10633,2026-01-05T09:30:00+00:00,MCH_CAFE,ORD_000440,"{'amount': '56439.00', 'captured_at': '2026-01-07T13:00:00+00:00'}",PAY_000440,card,REF_000440,payments.csv,payments:PAY_000440
89373.75,2026-01-07T13:15:00+00:00,INR,CUS_53458,2026-01-05T09:30:00+00:00,MCH_SWIFT,ORD_000441,"{'amount': '89373.75', 'captured_at': '2026-01-07T13:15:00+00:00'}",PAY_000441,wallet,REF_000441,payments.csv,payments:PAY_000441
64128.50,2026-01-07T13:08:00+00:00,INR,CUS_24264,2026-01-05T09:30:00+00:00,MCH_CAFE,ORD_000442,"{'amount': '64128.50', 'captured_at': '2026-01-07T13:08:00+00:00'}",PAY_000442,netbanking,REF_000442,payments.csv,payments:PAY_000442
34802.75,2026-01-07T13:14:00+00:00,INR,CUS_92132,2026-01-05T09:30:00+00:00,MCH_SWIFT,ORD_000443,"{'amount': '34802.75', 'captured_at': '2026-01-07T13:14:00+00:00'}",PAY_000443,upi,REF_000443,payments.csv,payments:PAY_000443
76177.25,2026-01-07T13:21:00+00:00,INR,CUS_87337,2026-01-05T09:30:00+00:00,MCH_HEALTH,ORD_000444,"{'amount': '76177.25', 'captured_at': '2026-01-07T13:21:00+00:00'}",PAY_000444,netbanking,REF_000444,payments.csv,payments:PAY_000444
19781.00,2026-01-07T13:36:00+00:00,INR,CUS_61445,2026-01-05T09:30:00+00:00,MCH_TRAVEL,ORD_000445,"{'amount': '19781.00', 'captured_at': '2026-01-07T13:36:00+00:00'}",PAY_000445,card,REF_000445,payments.csv,payments:PAY_000445
67200.00,2026-01-07T13:51:00+00:00,INR,CUS_62007,2026-01-05T09:30:00+00:00,MCH_HEALTH,ORD_000446,"{'amount': '67200.00', 'captured_at': '2026-01-07T13:51:00+00:00'}",PAY_000446,upi,REF_000446,payments.csv,payments:PAY_000446
89974.00,2026-01-07T13:55:00+00:00,INR,CUS_77388,2026-01-05T09:30:00+00:00,MCH_HEALTH,ORD_000447,"{'amount': '89974.00', 'captured_at': '2026-01-07T13:55:00+00:00'}",PAY_000447,card,REF_000447,payments.csv,payments:PAY_000447
63673.00,2026-01-07T14:03:00+00:00,INR,CUS_15297,2026-01-05T09:30:00+00:00,MCH_TRAVEL,ORD_000448,"{'amount': '63673.00', 'captured_at': '2026-01-07T14:03:00+00:00'}",PAY_000448,card,REF_000448,payments.csv,payments:PAY_000448
48722.00,2026-01-07T14:05:00+00:00,INR,CUS_15610,2026-01-05T09:30:00+00:00,MCH_CAFE,ORD_000449,"{'amount': '48722.00', 'captured_at': '2026-01-07T14:05:00+00:00'}",PAY_000449,netbanking,REF_000449,payments.csv,payments:PAY_000449
5530.75,2026-01-07T14:17:00+00:00,INR,CUS_52476,2026-01-05T09:30:00+00:00,MCH_ZERO,ORD_000450,"{'amount': '5530.75', 'captured_at': '2026-01-07T14:17:00+00:00'}",PAY_000450,netbanking,REF_000450,payments.csv,payments:PAY_000450
71649.50,2026-01-07T14:23:00+00:00,INR,CUS_32786,2026-01-05T09:30:00+00:00,MCH_HEALTH,ORD_000451,"{'amount': '71649.50', 'captured_at': '2026-01-07T14:23:00+00:00'}",PAY_000451,netbanking,REF_000451,payments.csv,payments:PAY_000451
33275.25,2026-01-07T14:31:00+00:00,INR,CUS_39215,2026-01-05T09:30:00+00:00,MCH_HEALTH,ORD_000452,"{'amount': '33275.25', 'captured_at': '2026-01-07T14:31:00+00:00'}",PAY_000452,netbanking,REF_000452,payments.csv,payments:PAY_000452
79495.00,2026-01-07T14:37:00+00:00,INR,CUS_75776,2026-01-05T09:30:00+00:00,MCH_SAAS,ORD_000453,"{'amount': '79495.00', 'captured_at': '2026-01-07T14:37:00+00:00'}",PAY_000453,card,REF_000453,payments.csv,payments:PAY_000453
67741.75,2026-01-07T14:34:00+00:00,INR,CUS_46806,2026-01-05T09:30:00+00:00,MCH_ZERO,ORD_000454,"{'amount': '67741.75', 'captured_at': '2026-01-07T14:34:00+00:00'}",PAY_000454,card,REF_000454,payments.csv,payments:PAY_000454
79208.75,2026-01-07T14:48:00+00:00,INR,CUS_25509,2026-01-05T09:30:00+00:00,MCH_CAFE,ORD_000455,"{'amount': '79208.75', 'captured_at': '2026-01-07T14:48:00+00:00'}",PAY_000455,wallet,REF_000455,payments.csv,payments:PAY_000455
15155.25,2026-01-07T15:01:00+00:00,INR,CUS_98503,2026-01-05T09:30:00+00:00,MCH_TRAVEL,ORD_000456,"{'amount': '15155.25', 'captured_at': '2026-01-07T15:01:00+00:00'}",PAY_000456,card,REF_000456,payments.csv,payments:PAY_000456
54157.00,2026-01-07T14:54:00+00:00,INR,CUS_41938,2026-01-05T09:30:00+00:00,MCH_TRAVEL,ORD_000457,"{'amount': '54157.00', 'captured_at': '2026-01-07T14:54:00+00:00'}",PAY_000457,card,REF_000457,payments.csv,payments:PAY_000457
19549.00,2026-01-07T15:04:00+00:00,INR,CUS_31802,2026-01-05T09:30:00+00:00,MCH_HEALTH,ORD_000458,"{'amount': '19549.00', 'captured_at': '2026-01-07T15:04:00+00:00'}",PAY_000458,wallet,REF_000458,payments.csv,payments:PAY_000458
87036.00,2026-01-07T15:19:00+00:00,INR,CUS_21239,2026-01-05T09:30:00+00:00,MCH_TRAVEL,ORD_000459,"{'amount': '87036.00', 'captured_at': '2026-01-07T15:19:00+00:00'}",PAY_000459,wallet,REF_000459,payments.csv,payments:PAY_000459
29052.25,2026-01-07T15:17:00+00:00,INR,CUS_88753,2026-01-05T09:30:00+00:00,MCH_SWIFT,ORD_000460,"{'amount': '29052.25', 'captured_at': '2026-01-07T15:17:00+00:00'}",PAY_000460,netbanking,REF_000460,payments.csv,payments:PAY_000460
45214.25,2026-01-07T15:24:00+00:00,INR,CUS_88188,2026-01-05T09:30:00+00:00,MCH_TRAVEL,ORD_000461,"{'amount': '45214.25', 'captured_at': '2026-01-07T15:24:00+00:00'}",PAY_000461,card,REF_000461,payments.csv,payments:PAY_000461
17629.00,2026-01-07T15:42:00+00:00,INR,CUS_12170,2026-01-05T09:30:00+00:00,MCH_SAAS,ORD_000462,"{'amount': '17629.00', 'captured_at': '2026-01-07T15:42:00+00:00'}",PAY_000462,wallet,REF_000462,payments.csv,payments:PAY_000462
12922.00,2026-01-07T15:37:00+00:00,INR,CUS_72373,2026-01-05T09:30:00+00:00,MCH_HEALTH,ORD_000463,"{'amount': '12922.00', 'captured_at': '2026-01-07T15:37:00+00:00'}",PAY_000463,upi,REF_000463,payments.csv,payments:PAY_000463
86727.00,2026-01-07T15:43:00+00:00,INR,CUS_89098,2026-01-05T09:30:00+00:00,MCH_SAAS,ORD_000464,"{'amount': '86727.00', 'captured_at': '2026-01-07T15:43:00+00:00'}",PAY_000464,wallet,REF_000464,payments.csv,payments:PAY_000464
5993.75,2026-01-07T15:56:00+00:00,INR,CUS_79444,2026-01-05T09:30:00+00:00,MCH_CAFE,ORD_000465,"{'amount': '5993.75', 'captured_at': '2026-01-07T15:56:00+00:00'}",PAY_000465,wallet,REF_000465,payments.csv,payments:PAY_000465
77507.75,2026-01-07T16:06:00+00:00,INR,CUS_85513,2026-01-05T09:30:00+00:00,MCH_CAFE,ORD_000466,"{'amount': '77507.75', 'captured_at': '2026-01-07T16:06:00+00:00'}",PAY_000466,card,REF_000466,payments.csv,payments:PAY_000466
30775.00,2026-01-07T16:21:00+00:00,INR,CUS_47128,2026-01-05T09:30:00+00:00,MCH_SAAS,ORD_000467,"{'amount': '30775.00', 'captured_at': '2026-01-07T16:21:00+00:00'}",PAY_000467,wallet,REF_000467,payments.csv,payments:PAY_000467
1016.75,2026-01-07T16:27:00+00:00,INR,CUS_10932,2026-01-05T09:30:00+00:00,MCH_SWIFT,ORD_000468,"{'amount': '1016.75', 'captured_at': '2026-01-07T16:27:00+00:00'}",PAY_000468,upi,REF_000468,payments.csv,payments:PAY_000468
41705.25,2026-01-07T16:18:00+00:00,INR,CUS_57483,2026-01-05T09:30:00+00:00,MCH_TRAVEL,ORD_000469,"{'amount': '41705.25', 'captured_at': '2026-01-07T16:18:00+00:00'}",PAY_000469,wallet,REF_000469,payments.csv,payments:PAY_000469
55817.50,2026-01-07T16:33:00+00:00,INR,CUS_57925,2026-01-05T09:30:00+00:00,MCH_HEALTH,ORD_000470,"{'amount': '55817.50', 'captured_at': '2026-01-07T16:33:00+00:00'}",PAY_000470,wallet,REF_000470,payments.csv,payments:PAY_000470
72665.50,2026-01-07T16:40:00+00:00,INR,CUS_73238,2026-01-05T09:30:00+00:00,MCH_SAAS,ORD_000471,"{'amount': '72665.50', 'captured_at': '2026-01-07T16:40:00+00:00'}",PAY_000471,wallet,REF_000471,payments.csv,payments:PAY_000471
76013.00,2026-01-07T16:44:00+00:00,INR,CUS_62183,2026-01-05T09:30:00+00:00,MCH_CAFE,ORD_000472,"{'amount': '76013.00', 'captured_at': '2026-01-07T16:44:00+00:00'}",PAY_000472,upi,REF_000472,payments.csv,payments:PAY_000472
21506.00,2026-01-07T16:58:00+00:00,INR,CUS_38109,2026-01-05T09:30:00+00:00,MCH_SAAS,ORD_000473,"{'amount': '21506.00', 'captured_at': '2026-01-07T16:58:00+00:00'}",PAY_000473,netbanking,REF_000473,payments.csv,payments:PAY_000473
51300.75,2026-01-07T16:53:00+00:00,INR,CUS_10693,2026-01-05T09:30:00+00:00,MCH_SWIFT,ORD_000474,"{'amount': '51300.75', 'captured_at': '2026-01-07T16:53:00+00:00'}",PAY_000474,wallet,REF_000474,payments.csv,payments:PAY_000474
8699.00,2026-01-07T17:00:00+00:00,INR,CUS_39067,2026-01-05T09:30:00+00:00,MCH_ZERO,ORD_000475,"{'amount': '8699.00', 'captured_at': '2026-01-07T17:00:00+00:00'}",PAY_000475,upi,REF_000475,payments.csv,payments:PAY_000475
8699.00,2026-01-07T17:10:00+00:00,INR,CUS_39067,2026-01-05T09:30:00+00:00,MCH_ZERO,ORD_000475,"{'amount': '8699.00', 'captured_at': '2026-01-07T17:10:00+00:00'}",PAY_000476,netbanking,REF_000475,payments.csv,payments:PAY_000476
84224.25,2026-01-07T17:16:00+00:00,INR,CUS_67536,2026-01-05T09:30:00+00:00,MCH_SWIFT,ORD_000477,"{'amount': '84224.25', 'captured_at': '2026-01-07T17:16:00+00:00'}",PAY_000477,netbanking,REF_000477,payments.csv,payments:PAY_000477
78879.50,2026-01-07T17:29:00+00:00,INR,CUS_77608,2026-01-05T09:30:00+00:00,MCH_ZERO,ORD_000478,"{'amount': '78879.50', 'captured_at': '2026-01-07T17:29:00+00:00'}",PAY_000478,card,REF_000478,payments.csv,payments:PAY_000478
337.00,2026-01-07T17:38:00+00:00,INR,CUS_21382,2026-01-05T09:30:00+00:00,MCH_TRAVEL,ORD_000479,"{'amount': '337.00', 'captured_at': '2026-01-07T17:38:00+00:00'}",PAY_000479,netbanking,REF_000479,payments.csv,payments:PAY_000479
2314.75,2026-01-07T17:48:00+00:00,INR,CUS_18993,2026-01-05T09:30:00+00:00,MCH_HEALTH,ORD_000480,"{'amount': '2314.75', 'captured_at': '2026-01-07T17:48:00+00:00'}",PAY_000480,netbanking,REF_000480,payments.csv,payments:PAY_000480
36542.00,2026-01-07T17:53:00+00:00,INR,CUS_89477,2026-01-05T09:30:00+00:00,MCH_CAFE,ORD_000481,"{'amount': '36542.00', 'captured_at': '2026-01-07T17:53:00+00:00'}",PAY_000481,wallet,REF_000481,payments.csv,payments:PAY_000481
23242.25,2026-01-07T18:02:00+00:00,INR,CUS_76353,2026-01-05T09:30:00+00:00,MCH_CAFE,ORD_000482,"{'amount': '23242.25', 'captured_at': '2026-01-07T18:02:00+00:00'}",PAY_000482,upi,REF_000482,payments.csv,payments:PAY_000482
15636.50,2026-01-07T18:04:00+00:00,INR,CUS_43776,2026-01-05T09:30:00+00:00,MCH_CAFE,ORD_000483,"{'amount': '15636.50', 'captured_at': '2026-01-07T18:04:00+00:00'}",PAY_000483,wallet,REF_000483,payments.csv,payments:PAY_000483
63690.00,2026-01-07T18:16:00+00:00,INR,CUS_54520,2026-01-05T09:30:00+00:00,MCH_HEALTH,ORD_000484,"{'amount': '63690.00', 'captured_at': '2026-01-07T18:16:00+00:00'}",PAY_000484,upi,REF_000484,payments.csv,payments:PAY_000484
83355.00,2026-01-07T18:18:00+00:00,INR,CUS_98724,2026-01-05T09:30:00+00:00,MCH_SAAS,ORD_000485,"{'amount': '83355.00', 'captured_at': '2026-01-07T18:18:00+00:00'}",PAY_000485,netbanking,REF_000485,payments.csv,payments:PAY_000485
1574.75,2026-01-07T18:23:00+00:00,INR,CUS_44517,2026-01-05T09:30:00+00:00,MCH_HEALTH,ORD_000486,"{'amount': '1574.75', 'captured_at': '2026-01-07T18:23:00+00:00'}",PAY_000486,upi,REF_000486,payments.csv,payments:PAY_000486
45125.00,2026-01-07T18:36:00+00:00,INR,CUS_82686,2026-01-05T09:30:00+00:00,MCH_TRAVEL,ORD_000487,"{'amount': '45125.00', 'captured_at': '2026-01-07T18:36:00+00:00'}",PAY_000487,netbanking,REF_000487,payments.csv,payments:PAY_000487
75497.00,2026-01-07T18:38:00+00:00,INR,CUS_33957,2026-01-05T09:30:00+00:00,MCH_SWIFT,ORD_000488,"{'amount': '75497.00', 'captured_at': '2026-01-07T18:38:00+00:00'}",PAY_000488,wallet,REF_000488,payments.csv,payments:PAY_000488
27402.00,2026-01-07T18:46:00+00:00,INR,CUS_36577,2026-01-05T09:30:00+00:00,MCH_CAFE,ORD_000489,"{'amount': '27402.00', 'captured_at': '2026-01-07T18:46:00+00:00'}",PAY_000489,card,REF_000489,payments.csv,payments:PAY_000489
10587.75,2026-01-07T18:44:00+00:00,INR,CUS_96956,2026-01-05T09:30:00+00:00,MCH_ZERO,ORD_000490,"{'amount': '10587.75', 'captured_at': '2026-01-07T18:44:00+00:00'}",PAY_000490,upi,REF_000490,payments.csv,payments:PAY_000490
81652.00,2026-01-07T19:00:00+00:00,INR,CUS_74532,2026-01-05T09:30:00+00:00,MCH_CAFE,ORD_000491,"{'amount': '81652.00', 'captured_at': '2026-01-07T19:00:00+00:00'}",PAY_000491,wallet,REF_000491,payments.csv,payments:PAY_000491
37035.25,2026-01-07T19:03:00+00:00,INR,CUS_39110,2026-01-05T09:30:00+00:00,MCH_HEALTH,ORD_000492,"{'amount': '37035.25', 'captured_at': '2026-01-07T19:03:00+00:00'}",PAY_000492,upi,REF_000492,payments.csv,payments:PAY_000492
71179.00,2026-01-07T19:16:00+00:00,INR,CUS_75860,2026-01-05T09:30:00+00:00,MCH_SAAS,ORD_000493,"{'amount': '71179.00', 'captured_at': '2026-01-07T19:16:00+00:00'}",PAY_000493,card,REF_000493,payments.csv,payments:PAY_000493
68222.25,2026-01-07T19:14:00+00:00,INR,CUS_51373,2026-01-05T09:30:00+00:00,MCH_ZERO,ORD_000494,"{'amount': '68222.25', 'captured_at': '2026-01-07T19:14:00+00:00'}",PAY_000494,upi,REF_000494,payments.csv,payments:PAY_000494
76453.00,2026-01-07T19:26:00+00:00,INR,CUS_52655,2026-01-05T09:30:00+00:00,MCH_SAAS,ORD_000495,"{'amount': '76453.00', 'captured_at': '2026-01-07T19:26:00+00:00'}",PAY_000495,card,REF_000495,payments.csv,payments:PAY_000495
35611.25,2026-01-07T19:36:00+00:00,INR,CUS_90358,2026-01-05T09:30:00+00:00,MCH_SWIFT,ORD_000496,"{'amount': '35611.25', 'captured_at': '2026-01-07T19:36:00+00:00'}",PAY_000496,card,REF_000496,payments.csv,payments:PAY_000496
27894.25,2026-01-07T19:44:00+00:00,INR,CUS_58799,2026-01-05T09:30:00+00:00,MCH_SAAS,ORD_000497,"{'amount': '27894.25', 'captured_at': '2026-01-07T19:44:00+00:00'}",PAY_000497,netbanking,REF_000497,payments.csv,payments:PAY_000497
75195.00,2026-01-07T19:49:00+00:00,INR,CUS_85483,2026-01-05T09:30:00+00:00,MCH_SWIFT,ORD_000498,"{'amount': '75195.00', 'captured_at': '2026-01-07T19:49:00+00:00'}",PAY_000498,upi,REF_000498,payments.csv,payments:PAY_000498
73089.25,2026-01-07T19:49:00+00:00,INR,CUS_59923,2026-01-05T09:30:00+00:00,MCH_SWIFT,ORD_000499,"{'amount': '73089.25', 'captured_at': '2026-01-07T19:49:00+00:00'}",PAY_000499,card,REF_000499,payments.csv,payments:PAY_000499
23448.25,2026-01-07T20:08:00+00:00,INR,CUS_75483,2026-01-05T09:30:00+00:00,MCH_ZERO,ORD_000500,"{'amount': '23448.25', 'captured_at': '2026-01-07T20:08:00+00:00'}",PAY_000500,netbanking,REF_000500,payments.csv,payments:PAY_000500
33195.50,2026-01-07T20:10:00+00:00,INR,CUS_84427,2026-01-05T09:30:00+00:00,MCH_CAFE,ORD_000501,"{'amount': '33195.50', 'captured_at': '2026-01-07T20:10:00+00:00'}",PAY_000501,upi,REF_000501,payments.csv,payments:PAY_000501
28541.00,2026-01-07T20:13:00+00:00,INR,CUS_72460,2026-01-05T09:30:00+00:00,MCH_ZERO,ORD_000502,"{'amount': '28541.00', 'captured_at': '2026-01-07T20:13:00+00:00'}",PAY_000502,wallet,REF_000502,payments.csv,payments:PAY_000502
47612.00,2026-01-07T20:24:00+00:00,INR,CUS_83446,2026-01-05T09:30:00+00:00,MCH_CAFE,ORD_000503,"{'amount': '47612.00', 'captured_at': '2026-01-07T20:24:00+00:00'}",PAY_000503,netbanking,REF_000503,payments.csv,payments:PAY_000503
16190.00,2026-01-07T20:29:00+00:00,INR,CUS_99074,2026-01-05T09:30:00+00:00,MCH_SAAS,ORD_000504,"{'amount': '16190.00', 'captured_at': '2026-01-07T20:29:00+00:00'}",PAY_000504,card,REF_000504,payments.csv,payments:PAY_000504
42910.75,2026-01-07T20:43:00+00:00,INR,CUS_76904,2026-01-05T09:30:00+00:00,MCH_CAFE,ORD_000505,"{'amount': '42910.75', 'captured_at': '2026-01-07T20:43:00+00:00'}",PAY_000505,upi,REF_000505,payments.csv,payments:PAY_000505
37855.25,2026-01-07T20:39:00+00:00,INR,CUS_92799,2026-01-05T09:30:00+00:00,MCH_HEALTH,ORD_000506,"{'amount': '37855.25', 'captured_at': '2026-01-07T20:39:00+00:00'}",PAY_000506,netbanking,REF_000506,payments.csv,payments:PAY_000506
80556.50,2026-01-07T20:42:00+00:00,INR,CUS_63054,2026-01-05T09:30:00+00:00,MCH_TRAVEL,ORD_000507,"{'amount': '80556.50', 'captured_at': '2026-01-07T20:42:00+00:00'}",PAY_000507,card,REF_000507,payments.csv,payments:PAY_000507
41388.00,2026-01-07T20:57:00+00:00,INR,CUS_95591,2026-01-05T09:30:00+00:00,MCH_SWIFT,ORD_000508,"{'amount': '41388.00', 'captured_at': '2026-01-07T20:57:00+00:00'}",PAY_000508,wallet,REF_000508,payments.csv,payments:PAY_000508
47900.75,2026-01-07T21:12:00+00:00,INR,CUS_86928,2026-01-05T09:30:00+00:00,MCH_SAAS,ORD_000509,"{'amount': '47900.75', 'captured_at': '2026-01-07T21:12:00+00:00'}",PAY_000509,wallet,REF_000509,payments.csv,payments:PAY_000509
3327.00,2026-01-07T21:14:00+00:00,INR,CUS_40753,2026-01-05T09:30:00+00:00,MCH_SWIFT,ORD_000510,"{'amount': '3327.00', 'captured_at': '2026-01-07T21:14:00+00:00'}",PAY_000510,upi,REF_000510,payments.csv,payments:PAY_000510
52341.00,2026-01-07T21:23:00+00:00,INR,CUS_22524,2026-01-05T09:30:00+00:00,MCH_SWIFT,ORD_000511,"{'amount': '52341.00', 'captured_at': '2026-01-07T21:23:00+00:00'}",PAY_000511,upi,REF_000511,payments.csv,payments:PAY_000511
68979.00,2026-01-07T21:21:00+00:00,INR,CUS_23622,2026-01-05T09:30:00+00:00,MCH_SAAS,ORD_000512,"{'amount': '68979.00', 'captured_at': '2026-01-07T21:21:00+00:00'}",PAY_000512,upi,REF_000512,payments.csv,payments:PAY_000512
30362.00,2026-01-07T21:29:00+00:00,INR,CUS_47247,2026-01-05T09:30:00+00:00,MCH_CAFE,ORD_000513,"{'amount': '30362.00', 'captured_at': '2026-01-07T21:29:00+00:00'}",PAY_000513,card,REF_000513,payments.csv,payments:PAY_000513
87272.00,2026-01-07T21:46:00+00:00,INR,CUS_52624,2026-01-05T09:30:00+00:00,MCH_ZERO,ORD_000514,"{'amount': '87272.00', 'captured_at': '2026-01-07T21:46:00+00:00'}",PAY_000514,netbanking,REF_000514,payments.csv,payments:PAY_000514
70985.00,2026-01-07T21:54:00+00:00,INR,CUS_87441,2026-01-05T09:30:00+00:00,MCH_SWIFT,ORD_000515,"{'amount': '70985.00', 'captured_at': '2026-01-07T21:54:00+00:00'}",PAY_000515,wallet,REF_000515,payments.csv,payments:PAY_000515
63431.50,2026-01-07T21:57:00+00:00,INR,CUS_39770,2026-01-05T09:30:00+00:00,MCH_CAFE,ORD_000516,"{'amount': '63431.50', 'captured_at': '2026-01-07T21:57:00+00:00'}",PAY_000516,netbanking,REF_000516,payments.csv,payments:PAY_000516
1683.00,2026-01-07T22:02:00+00:00,INR,CUS_78592,2026-01-05T09:30:00+00:00,MCH_CAFE,ORD_000517,"{'amount': '1683.00', 'captured_at': '2026-01-07T22:02:00+00:00'}",PAY_000517,netbanking,REF_000517,payments.csv,payments:PAY_000517
1390.75,2026-01-07T22:09:00+00:00,INR,CUS_74478,2026-01-05T09:30:00+00:00,MCH_HEALTH,ORD_000518,"{'amount': '1390.75', 'captured_at': '2026-01-07T22:09:00+00:00'}",PAY_000518,upi,REF_000518,payments.csv,payments:PAY_000518
78550.00,2026-01-07T22:19:00+00:00,INR,CUS_10946,2026-01-05T09:30:00+00:00,MCH_CAFE,ORD_000519,"{'amount': '78550.00', 'captured_at': '2026-01-07T22:19:00+00:00'}",PAY_000519,card,REF_000519,payments.csv,payments:PAY_000519
57592.25,2026-01-07T22:24:00+00:00,INR,CUS_42754,2026-01-05T09:30:00+00:00,MCH_HEALTH,ORD_000520,"{'amount': '57592.25', 'captured_at': '2026-01-07T22:24:00+00:00'}",PAY_000520,wallet,REF_000520,payments.csv,payments:PAY_000520
10682.25,2026-01-07T22:35:00+00:00,INR,CUS_91962,2026-01-05T09:30:00+00:00,MCH_CAFE,ORD_000521,"{'amount': '10682.25', 'captured_at': '2026-01-07T22:35:00+00:00'}",PAY_000521,netbanking,REF_000521,payments.csv,payments:PAY_000521
35535.25,2026-01-07T22:30:00+00:00,INR,CUS_34641,2026-01-05T09:30:00+00:00,MCH_HEALTH,ORD_000522,"{'amount': '35535.25', 'captured_at': '2026-01-07T22:30:00+00:00'}",PAY_000522,card,REF_000522,payments.csv,payments:PAY_000522
83778.25,2026-01-07T22:43:00+00:00,INR,CUS_90967,2026-01-05T09:30:00+00:00,MCH_ZERO,ORD_000523,"{'amount': '83778.25', 'captured_at': '2026-01-07T22:43:00+00:00'}",PAY_000523,wallet,REF_000523,payments.csv,payments:PAY_000523
2842.00,2026-01-07T22:43:00+00:00,INR,CUS_16505,2026-01-05T09:30:00+00:00,MCH_CAFE,ORD_000524,"{'amount': '2842.00', 'captured_at': '2026-01-07T22:43:00+00:00'}",PAY_000524,card,REF_000524,payments.csv,payments:PAY_000524
57764.75,2026-01-07T22:49:00+00:00,INR,CUS_11075,2026-01-05T09:30:00+00:00,MCH_TRAVEL,ORD_000525,"{'amount': '57764.75', 'captured_at': '2026-01-07T22:49:00+00:00'}",PAY_000525,card,REF_000525,payments.csv,payments:PAY_000525
28767.00,2026-01-07T23:10:00+00:00,INR,CUS_65082,2026-01-05T09:30:00+00:00,MCH_SAAS,ORD_000526,"{'amount': '28767.00', 'captured_at': '2026-01-07T23:10:00+00:00'}",PAY_000526,netbanking,REF_000526,payments.csv,payments:PAY_000526
10815.00,2026-01-07T23:14:00+00:00,INR,CUS_17345,2026-01-05T09:30:00+00:00,MCH_CAFE,ORD_000527,"{'amount': '10815.00', 'captured_at': '2026-01-07T23:14:00+00:00'}",PAY_000527,upi,REF_000527,payments.csv,payments:PAY_000527
25491.00,2026-01-07T23:10:00+00:00,INR,CUS_60014,2026-01-05T09:30:00+00:00,MCH_SWIFT,ORD_000528,"{'amount': '25491.00', 'captured_at': '2026-01-07T23:10:00+00:00'}",PAY_000528,card,REF_000528,payments.csv,payments:PAY_000528
32696.75,2026-01-07T23:29:00+00:00,INR,CUS_14392,2026-01-05T09:30:00+00:00,MCH_SAAS,ORD_000529,"{'amount': '32696.75', 'captured_at': '2026-01-07T23:29:00+00:00'}",PAY_000529,upi,REF_000529,payments.csv,payments:PAY_000529
51303.75,2026-01-07T23:28:00+00:00,INR,CUS_50908,2026-01-05T09:30:00+00:00,MCH_SAAS,ORD_000530,"{'amount': '51303.75', 'captured_at': '2026-01-07T23:28:00+00:00'}",PAY_000530,upi,REF_000530,payments.csv,payments:PAY_000530
63375.75,2026-01-07T23:40:00+00:00,INR,CUS_49166,2026-01-05T09:30:00+00:00,MCH_CAFE,ORD_000531,"{'amount': '63375.75', 'captured_at': '2026-01-07T23:40:00+00:00'}",PAY_000531,upi,REF_000531,payments.csv,payments:PAY_000531
31228.75,2026-01-07T23:37:00+00:00,INR,CUS_66906,2026-01-05T09:30:00+00:00,MCH_ZERO,ORD_000532,"{'amount': '31228.75', 'captured_at': '2026-01-07T23:37:00+00:00'}",PAY_000532,card,REF_000532,payments.csv,payments:PAY_000532
15982.25,2026-01-07T23:43:00+00:00,INR,CUS_41862,2026-01-05T09:30:00+00:00,MCH_HEALTH,ORD_000533,"{'amount': '15982.25', 'captured_at': '2026-01-07T23:43:00+00:00'}",PAY_000533,wallet,REF_000533,payments.csv,payments:PAY_000533
12028.00,2026-01-07T23:54:00+00:00,INR,CUS_30669,2026-01-05T09:30:00+00:00,MCH_CAFE,ORD_000534,"{'amount': '12028.00', 'captured_at': '2026-01-07T23:54:00+00:00'}",PAY_000534,netbanking,REF_000534,payments.csv,payments:PAY_000534
46898.75,2026-01-08T00:18:00+00:00,INR,CUS_30174,2026-01-05T09:30:00+00:00,MCH_ZERO,ORD_000535,"{'amount': '46898.75', 'captured_at': '2026-01-08T00:18:00+00:00'}",PAY_000535,upi,REF_000535,payments.csv,payments:PAY_000535
84795.00,2026-01-08T00:14:00+00:00,INR,CUS_67503,2026-01-05T09:30:00+00:00,MCH_HEALTH,ORD_000536,"{'amount': '84795.00', 'captured_at': '2026-01-08T00:14:00+00:00'}",PAY_000536,upi,REF_000536,payments.csv,payments:PAY_000536
5475.25,2026-01-08T00:23:00+00:00,INR,CUS_67344,2026-01-05T09:30:00+00:00,MCH_CAFE,ORD_000537,"{'amount': '5475.25', 'captured_at': '2026-01-08T00:23:00+00:00'}",PAY_000537,wallet,REF_000537,payments.csv,payments:PAY_000537
24761.50,2026-01-08T00:33:00+00:00,INR,CUS_55569,2026-01-05T09:30:00+00:00,MCH_HEALTH,ORD_000538,"{'amount': '24761.50', 'captured_at': '2026-01-08T00:33:00+00:00'}",PAY_000538,netbanking,REF_000538,payments.csv,payments:PAY_000538
69917.00,2026-01-08T00:34:00+00:00,INR,CUS_68901,2026-01-05T09:30:00+00:00,MCH_ZERO,ORD_000539,"{'amount': '69917.00', 'captured_at': '2026-01-08T00:34:00+00:00'}",PAY_000539,netbanking,REF_000539,payments.csv,payments:PAY_000539
24618.00,2026-01-08T00:40:00+00:00,INR,CUS_91229,2026-01-05T09:30:00+00:00,MCH_TRAVEL,ORD_000540,"{'amount': '24618.00', 'captured_at': '2026-01-08T00:40:00+00:00'}",PAY_000540,netbanking,REF_000540,payments.csv,payments:PAY_000540
70942.25,2026-01-08T00:57:00+00:00,INR,CUS_34886,2026-01-05T09:30:00+00:00,MCH_TRAVEL,ORD_000541,"{'amount': '70942.25', 'captured_at': '2026-01-08T00:57:00+00:00'}",PAY_000541,card,REF_000541,payments.csv,payments:PAY_000541
14778.00,2026-01-08T00:52:00+00:00,INR,CUS_78576,2026-01-05T09:30:00+00:00,MCH_CAFE,ORD_000542,"{'amount': '14778.00', 'captured_at': '2026-01-08T00:52:00+00:00'}",PAY_000542,upi,REF_000542,payments.csv,payments:PAY_000542
4399.00,2026-01-08T01:01:00+00:00,INR,CUS_24031,2026-01-05T09:30:00+00:00,MCH_SWIFT,ORD_000543,"{'amount': '4399.00', 'captured_at': '2026-01-08T01:01:00+00:00'}",PAY_000543,upi,REF_000543,payments.csv,payments:PAY_000543
84415.25,2026-01-08T01:18:00+00:00,INR,CUS_96235,2026-01-05T09:30:00+00:00,MCH_HEALTH,ORD_000544,"{'amount': '84415.25', 'captured_at': '2026-01-08T01:18:00+00:00'}",PAY_000544,netbanking,REF_000544,payments.csv,payments:PAY_000544
29230.50,2026-01-08T01:12:00+00:00,INR,CUS_19289,2026-01-05T09:30:00+00:00,MCH_CAFE,ORD_000545,"{'amount': '29230.50', 'captured_at': '2026-01-08T01:12:00+00:00'}",PAY_000545,wallet,REF_000545,payments.csv,payments:PAY_000545
84044.00,2026-01-08T01:30:00+00:00,INR,CUS_57307,2026-01-05T09:30:00+00:00,MCH_SAAS,ORD_000546,"{'amount': '84044.00', 'captured_at': '2026-01-08T01:30:00+00:00'}",PAY_000546,netbanking,REF_000546,payments.csv,payments:PAY_000546
35140.50,2026-01-08T01:27:00+00:00,INR,CUS_15328,2026-01-05T09:30:00+00:00,MCH_HEALTH,ORD_000547,"{'amount': '35140.50', 'captured_at': '2026-01-08T01:27:00+00:00'}",PAY_000547,netbanking,REF_000547,payments.csv,payments:PAY_000547
68389.00,2026-01-08T01:39:00+00:00,INR,CUS_23267,2026-01-05T09:30:00+00:00,MCH_SWIFT,ORD_000548,"{'amount': '68389.00', 'captured_at': '2026-01-08T01:39:00+00:00'}",PAY_000548,wallet,REF_000548,payments.csv,payments:PAY_000548
69269.75,2026-01-08T01:43:00+00:00,INR,CUS_42605,2026-01-05T09:30:00+00:00,MCH_SWIFT,ORD_000549,"{'amount': '69269.75', 'captured_at': '2026-01-08T01:43:00+00:00'}",PAY_000549,wallet,REF_000549,payments.csv,payments:PAY_000549
60425.75,2026-01-08T01:47:00+00:00,INR,CUS_97194,2026-01-05T09:30:00+00:00,MCH_TRAVEL,ORD_000550,"{'amount': '60425.75', 'captured_at': '2026-01-08T01:47:00+00:00'}",PAY_000550,card,REF_000550,payments.csv,payments:PAY_000550
52932.50,2026-01-08T01:58:00+00:00,INR,CUS_54238,2026-01-05T09:30:00+00:00,MCH_HEALTH,ORD_000551,"{'amount': '52932.50', 'captured_at': '2026-01-08T01:58:00+00:00'}",PAY_000551,wallet,REF_000551,payments.csv,payments:PAY_000551
54346.75,2026-01-08T02:10:00+00:00,INR,CUS_66438,2026-01-05T09:30:00+00:00,MCH_CAFE,ORD_000552,"{'amount': '54346.75', 'captured_at': '2026-01-08T02:10:00+00:00'}",PAY_000552,card,REF_000552,payments.csv,payments:PAY_000552
72420.75,2026-01-08T02:18:00+00:00,INR,CUS_43303,2026-01-05T09:30:00+00:00,MCH_SAAS,ORD_000553,"{'amount': '72420.75', 'captured_at': '2026-01-08T02:18:00+00:00'}",PAY_000553,wallet,REF_000553,payments.csv,payments:PAY_000553
4843.00,2026-01-08T02:25:00+00:00,INR,CUS_88087,2026-01-05T09:30:00+00:00,MCH_ZERO,ORD_000554,"{'amount': '4843.00', 'captured_at': '2026-01-08T02:25:00+00:00'}",PAY_000554,card,REF_000554,payments.csv,payments:PAY_000554
29383.00,2026-01-08T02:24:00+00:00,INR,CUS_51275,2026-01-05T09:30:00+00:00,MCH_CAFE,ORD_000555,"{'amount': '29383.00', 'captured_at': '2026-01-08T02:24:00+00:00'}",PAY_000555,card,REF_000555,payments.csv,payments:PAY_000555
18441.00,2026-01-08T02:34:00+00:00,INR,CUS_58114,2026-01-05T09:30:00+00:00,MCH_SWIFT,ORD_000556,"{'amount': '18441.00', 'captured_at': '2026-01-08T02:34:00+00:00'}",PAY_000556,card,REF_000556,payments.csv,payments:PAY_000556
12346.50,2026-01-08T02:40:00+00:00,INR,CUS_62402,2026-01-05T09:30:00+00:00,MCH_CAFE,ORD_000557,"{'amount': '12346.50', 'captured_at': '2026-01-08T02:40:00+00:00'}",PAY_000557,upi,REF_000557,payments.csv,payments:PAY_000557
22962.25,2026-01-08T02:46:00+00:00,INR,CUS_85527,2026-01-05T09:30:00+00:00,MCH_SAAS,ORD_000558,"{'amount': '22962.25', 'captured_at': '2026-01-08T02:46:00+00:00'}",PAY_000558,upi,REF_000558,payments.csv,payments:PAY_000558
44129.00,2026-01-08T02:50:00+00:00,INR,CUS_66925,2026-01-05T09:30:00+00:00,MCH_ZERO,ORD_000559,"{'amount': '44129.00', 'captured_at': '2026-01-08T02:50:00+00:00'}",PAY_000559,card,REF_000559,payments.csv,payments:PAY_000559
7394.00,2026-01-08T03:01:00+00:00,INR,CUS_78731,2026-01-05T09:30:00+00:00,MCH_SAAS,ORD_000560,"{'amount': '7394.00', 'captured_at': '2026-01-08T03:01:00+00:00'}",PAY_000560,card,REF_000560,payments.csv,payments:PAY_000560
29240.00,2026-01-08T03:15:00+00:00,INR,CUS_16621,2026-01-05T09:30:00+00:00,MCH_HEALTH,ORD_000561,"{'amount': '29240.00', 'captured_at': '2026-01-08T03:15:00+00:00'}",PAY_000561,wallet,REF_000561,payments.csv,payments:PAY_000561
56914.00,2026-01-08T03:10:00+00:00,INR,CUS_61684,2026-01-05T09:30:00+00:00,MCH_SWIFT,ORD_000562,"{'amount': '56914.00', 'captured_at': '2026-01-08T03:10:00+00:00'}",PAY_000562,netbanking,REF_000562,payments.csv,payments:PAY_000562
75199.75,2026-01-08T03:28:00+00:00,INR,CUS_16463,2026-01-05T09:30:00+00:00,MCH_SAAS,ORD_000563,"{'amount': '75199.75', 'captured_at': '2026-01-08T03:28:00+00:00'}",PAY_000563,netbanking,REF_000563,payments.csv,payments:PAY_000563
66074.25,2026-01-08T03:35:00+00:00,INR,CUS_27088,2026-01-05T09:30:00+00:00,MCH_SAAS,ORD_000564,"{'amount': '66074.25', 'captured_at': '2026-01-08T03:35:00+00:00'}",PAY_000564,card,REF_000564,payments.csv,payments:PAY_000564
85791.50,2026-01-08T03:46:00+00:00,INR,CUS_35703,2026-01-05T09:30:00+00:00,MCH_SAAS,ORD_000565,"{'amount': '85791.50', 'captured_at': '2026-01-08T03:46:00+00:00'}",PAY_000565,card,REF_000565,payments.csv,payments:PAY_000565
42690.75,2026-01-08T03:36:00+00:00,INR,CUS_85499,2026-01-05T09:30:00+00:00,MCH_SAAS,ORD_000566,"{'amount': '42690.75', 'captured_at': '2026-01-08T03:36:00+00:00'}",PAY_000566,wallet,REF_000566,payments.csv,payments:PAY_000566
45457.50,2026-01-08T03:49:00+00:00,INR,CUS_95905,2026-01-05T09:30:00+00:00,MCH_CAFE,ORD_000567,"{'amount': '45457.50', 'captured_at': '2026-01-08T03:49:00+00:00'}",PAY_000567,card,REF_000567,payments.csv,payments:PAY_000567
58261.50,2026-01-08T03:51:00+00:00,INR,CUS_29112,2026-01-05T09:30:00+00:00,MCH_HEALTH,ORD_000568,"{'amount': '58261.50', 'captured_at': '2026-01-08T03:51:00+00:00'}",PAY_000568,card,REF_000568,payments.csv,payments:PAY_000568
49297.00,2026-01-08T03:55:00+00:00,INR,CUS_21247,2026-01-05T09:30:00+00:00,MCH_TRAVEL,ORD_000569,"{'amount': '49297.00', 'captured_at': '2026-01-08T03:55:00+00:00'}",PAY_000569,card,REF_000569,payments.csv,payments:PAY_000569
2100.00,2026-01-08T04:17:00+00:00,INR,CUS_24585,2026-01-05T09:30:00+00:00,MCH_CAFE,ORD_000570,"{'amount': '2100.00', 'captured_at': '2026-01-08T04:17:00+00:00'}",PAY_000570,wallet,REF_000570,payments.csv,payments:PAY_000570
28070.00,2026-01-08T04:20:00+00:00,INR,CUS_81620,2026-01-05T09:30:00+00:00,MCH_HEALTH,ORD_000571,"{'amount': '28070.00', 'captured_at': '2026-01-08T04:20:00+00:00'}",PAY_000571,wallet,REF_000571,payments.csv,payments:PAY_000571
76715.75,2026-01-08T04:23:00+00:00,INR,CUS_79048,2026-01-05T09:30:00+00:00,MCH_SAAS,ORD_000572,"{'amount': '76715.75', 'captured_at': '2026-01-08T04:23:00+00:00'}",PAY_000572,card,REF_000572,payments.csv,payments:PAY_000572
26605.75,2026-01-08T04:25:00+00:00,INR,CUS_90997,2026-01-05T09:30:00+00:00,MCH_CAFE,ORD_000573,"{'amount': '26605.75', 'captured_at': '2026-01-08T04:25:00+00:00'}",PAY_000573,wallet,REF_000573,payments.csv,payments:PAY_000573
86856.00,2026-01-08T04:45:00+00:00,INR,CUS_96898,2026-01-05T09:30:00+00:00,MCH_SAAS,ORD_000574,"{'amount': '86856.00', 'captured_at': '2026-01-08T04:45:00+00:00'}",PAY_000574,upi,REF_000574,payments.csv,payments:PAY_000574
85419.25,2026-01-08T04:55:00+00:00,INR,CUS_40299,2026-01-05T09:30:00+00:00,MCH_CAFE,ORD_000575,"{'amount': '85419.25', 'captured_at': '2026-01-08T04:55:00+00:00'}",PAY_000575,upi,REF_000575,payments.csv,payments:PAY_000575
78563.50,2026-01-08T04:50:00+00:00,INR,CUS_21537,2026-01-05T09:30:00+00:00,MCH_SAAS,ORD_000576,"{'amount': '78563.50', 'captured_at': '2026-01-08T04:50:00+00:00'}",PAY_000576,wallet,REF_000576,payments.csv,payments:PAY_000576
44021.25,2026-01-08T05:00:00+00:00,INR,CUS_61563,2026-01-05T09:30:00+00:00,MCH_CAFE,ORD_000577,"{'amount': '44021.25', 'captured_at': '2026-01-08T05:00:00+00:00'}",PAY_000577,upi,REF_000577,payments.csv,payments:PAY_000577
46425.00,2026-01-08T05:06:00+00:00,INR,CUS_91950,2026-01-05T09:30:00+00:00,MCH_TRAVEL,ORD_000578,"{'amount': '46425.00', 'captured_at': '2026-01-08T05:06:00+00:00'}",PAY_000578,netbanking,REF_000578,payments.csv,payments:PAY_000578
34074.25,2026-01-08T05:16:00+00:00,INR,CUS_13862,2026-01-05T09:30:00+00:00,MCH_TRAVEL,ORD_000579,"{'amount': '34074.25', 'captured_at': '2026-01-08T05:16:00+00:00'}",PAY_000579,card,REF_000579,payments.csv,payments:PAY_000579
51791.75,2026-01-08T05:23:00+00:00,INR,CUS_27991,2026-01-05T09:30:00+00:00,MCH_CAFE,ORD_000580,"{'amount': '51791.75', 'captured_at': '2026-01-08T05:23:00+00:00'}",PAY_000580,card,REF_000580,payments.csv,payments:PAY_000580
41244.50,2026-01-08T05:38:00+00:00,INR,CUS_53160,2026-01-05T09:30:00+00:00,MCH_SAAS,ORD_000581,"{'amount': '41244.50', 'captured_at': '2026-01-08T05:38:00+00:00'}",PAY_000581,card,REF_000581,payments.csv,payments:PAY_000581
18463.50,2026-01-08T05:36:00+00:00,INR,CUS_80956,2026-01-05T09:30:00+00:00,MCH_TRAVEL,ORD_000582,"{'amount': '18463.50', 'captured_at': '2026-01-08T05:36:00+00:00'}",PAY_000582,card,REF_000582,payments.csv,payments:PAY_000582
18027.25,2026-01-08T05:42:00+00:00,INR,CUS_29025,2026-01-05T09:30:00+00:00,MCH_HEALTH,ORD_000583,"{'amount': '18027.25', 'captured_at': '2026-01-08T05:42:00+00:00'}",PAY_000583,netbanking,REF_000583,payments.csv,payments:PAY_000583
15817.00,2026-01-08T05:40:00+00:00,INR,CUS_51628,2026-01-05T09:30:00+00:00,MCH_TRAVEL,ORD_000584,"{'amount': '15817.00', 'captured_at': '2026-01-08T05:40:00+00:00'}",PAY_000584,netbanking,REF_000584,payments.csv,payments:PAY_000584
40060.25,2026-01-08T05:59:00+00:00,INR,CUS_93472,2026-01-05T09:30:00+00:00,MCH_SAAS,ORD_000585,"{'amount': '40060.25', 'captured_at': '2026-01-08T05:59:00+00:00'}",PAY_000585,card,REF_000585,payments.csv,payments:PAY_000585
17541.00,2026-01-08T06:05:00+00:00,INR,CUS_13433,2026-01-05T09:30:00+00:00,MCH_ZERO,ORD_000586,"{'amount': '17541.00', 'captured_at': '2026-01-08T06:05:00+00:00'}",PAY_000586,card,REF_000586,payments.csv,payments:PAY_000586
3718.00,2026-01-08T06:20:00+00:00,INR,CUS_20417,2026-01-05T09:30:00+00:00,MCH_SWIFT,ORD_000587,"{'amount': '3718.00', 'captured_at': '2026-01-08T06:20:00+00:00'}",PAY_000587,card,REF_000587,payments.csv,payments:PAY_000587
85440.00,2026-01-08T06:25:00+00:00,INR,CUS_34114,2026-01-05T09:30:00+00:00,MCH_TRAVEL,ORD_000588,"{'amount': '85440.00', 'captured_at': '2026-01-08T06:25:00+00:00'}",PAY_000588,wallet,REF_000588,payments.csv,payments:PAY_000588
25630.00,2026-01-08T06:17:00+00:00,INR,CUS_14224,2026-01-05T09:30:00+00:00,MCH_SWIFT,ORD_000589,"{'amount': '25630.00', 'captured_at': '2026-01-08T06:17:00+00:00'}",PAY_000589,netbanking,REF_000589,payments.csv,payments:PAY_000589
88293.00,2026-01-08T06:26:00+00:00,INR,CUS_36812,2026-01-05T09:30:00+00:00,MCH_SWIFT,ORD_000590,"{'amount': '88293.00', 'captured_at': '2026-01-08T06:26:00+00:00'}",PAY_000590,wallet,REF_000590,payments.csv,payments:PAY_000590
42884.25,2026-01-08T06:43:00+00:00,INR,CUS_42346,2026-01-05T09:30:00+00:00,MCH_TRAVEL,ORD_000591,"{'amount': '42884.25', 'captured_at': '2026-01-08T06:43:00+00:00'}",PAY_000591,upi,REF_000591,payments.csv,payments:PAY_000591
75264.50,2026-01-08T06:40:00+00:00,INR,CUS_80275,2026-01-05T09:30:00+00:00,MCH_HEALTH,ORD_000592,"{'amount': '75264.50', 'captured_at': '2026-01-08T06:40:00+00:00'}",PAY_000592,upi,REF_000592,payments.csv,payments:PAY_000592
5859.00,2026-01-08T06:58:00+00:00,INR,CUS_77987,2026-01-05T09:30:00+00:00,MCH_SAAS,ORD_000593,"{'amount': '5859.00', 'captured_at': '2026-01-08T06:58:00+00:00'}",PAY_000593,upi,REF_000593,payments.csv,payments:PAY_000593
82960.00,2026-01-08T07:05:00+00:00,INR,CUS_34884,2026-01-05T09:30:00+00:00,MCH_HEALTH,ORD_000594,"{'amount': '82960.00', 'captured_at': '2026-01-08T07:05:00+00:00'}",PAY_000594,wallet,REF_000594,payments.csv,payments:PAY_000594
22121.25,2026-01-08T07:01:00+00:00,INR,CUS_48590,2026-01-05T09:30:00+00:00,MCH_SAAS,ORD_000595,"{'amount': '22121.25', 'captured_at': '2026-01-08T07:01:00+00:00'}",PAY_000595,card,REF_000595,payments.csv,payments:PAY_000595
59504.00,2026-01-08T07:08:00+00:00,INR,CUS_75622,2026-01-05T09:30:00+00:00,MCH_TRAVEL,ORD_000596,"{'amount': '59504.00', 'captured_at': '2026-01-08T07:08:00+00:00'}",PAY_000596,card,REF_000596,payments.csv,payments:PAY_000596
42696.25,2026-01-08T07:25:00+00:00,INR,CUS_13265,2026-01-05T09:30:00+00:00,MCH_SAAS,ORD_000597,"{'amount': '42696.25', 'captured_at': '2026-01-08T07:25:00+00:00'}",PAY_000597,card,REF_000597,payments.csv,payments:PAY_000597
85310.75,2026-01-08T07:25:00+00:00,INR,CUS_31495,2026-01-05T09:30:00+00:00,MCH_CAFE,ORD_000598,"{'amount': '85310.75', 'captured_at': '2026-01-08T07:25:00+00:00'}",PAY_000598,upi,REF_000598,payments.csv,payments:PAY_000598
59203.75,2026-01-08T07:40:00+00:00,INR,CUS_57571,2026-01-05T09:30:00+00:00,MCH_TRAVEL,ORD_000599,"{'amount': '59203.75', 'captured_at': '2026-01-08T07:40:00+00:00'}",PAY_000599,wallet,REF_000599,payments.csv,payments:PAY_000599
72434.25,2026-01-08T07:42:00+00:00,INR,CUS_15754,2026-01-05T09:30:00+00:00,MCH_SAAS,ORD_000600,"{'amount': '72434.25', 'captured_at': '2026-01-08T07:42:00+00:00'}",PAY_000600,card,REF_000600,payments.csv,payments:PAY_000600
23744.75,2026-01-08T07:50:00+00:00,INR,CUS_16725,2026-01-05T09:30:00+00:00,MCH_SWIFT,ORD_000601,"{'amount': '23744.75', 'captured_at': '2026-01-08T07:50:00+00:00'}",PAY_000601,netbanking,REF_000601,payments.csv,payments:PAY_000601
82410.00,2026-01-08T07:52:00+00:00,INR,CUS_25408,2026-01-05T09:30:00+00:00,MCH_CAFE,ORD_000602,"{'amount': '82410.00', 'captured_at': '2026-01-08T07:52:00+00:00'}",PAY_000602,upi,REF_000602,payments.csv,payments:PAY_000602
65525.25,2026-01-08T08:07:00+00:00,INR,CUS_81237,2026-01-05T09:30:00+00:00,MCH_SAAS,ORD_000603,"{'amount': '65525.25', 'captured_at': '2026-01-08T08:07:00+00:00'}",PAY_000603,card,REF_000603,payments.csv,payments:PAY_000603
86738.25,2026-01-08T08:16:00+00:00,INR,CUS_69472,2026-01-05T09:30:00+00:00,MCH_HEALTH,ORD_000604,"{'amount': '86738.25', 'captured_at': '2026-01-08T08:16:00+00:00'}",PAY_000604,upi,REF_000604,payments.csv,payments:PAY_000604
36752.50,2026-01-08T08:16:00+00:00,INR,CUS_92396,2026-01-05T09:30:00+00:00,MCH_HEALTH,ORD_000605,"{'amount': '36752.50', 'captured_at': '2026-01-08T08:16:00+00:00'}",PAY_000605,upi,REF_000605,payments.csv,payments:PAY_000605
19354.00,2026-01-08T08:26:00+00:00,INR,CUS_97424,2026-01-05T09:30:00+00:00,MCH_ZERO,ORD_000606,"{'amount': '19354.00', 'captured_at': '2026-01-08T08:26:00+00:00'}",PAY_000606,netbanking,REF_000606,payments.csv,payments:PAY_000606
14572.25,2026-01-08T08:30:00+00:00,INR,CUS_33363,2026-01-05T09:30:00+00:00,MCH_ZERO,ORD_000607,"{'amount': '14572.25', 'captured_at': '2026-01-08T08:30:00+00:00'}",PAY_000607,card,REF_000607,payments.csv,payments:PAY_000607
76186.00,2026-01-08T08:36:00+00:00,INR,CUS_14697,2026-01-05T09:30:00+00:00,MCH_TRAVEL,ORD_000608,"{'amount': '76186.00', 'captured_at': '2026-01-08T08:36:00+00:00'}",PAY_000608,netbanking,REF_000608,payments.csv,payments:PAY_000608
72451.00,2026-01-08T08:41:00+00:00,INR,CUS_48382,2026-01-05T09:30:00+00:00,MCH_SAAS,ORD_000609,"{'amount': '72451.00', 'captured_at': '2026-01-08T08:41:00+00:00'}",PAY_000609,upi,REF_000609,payments.csv,payments:PAY_000609
69381.25,2026-01-08T08:48:00+00:00,INR,CUS_78766,2026-01-05T09:30:00+00:00,MCH_CAFE,ORD_000610,"{'amount': '69381.25', 'captured_at': '2026-01-08T08:48:00+00:00'}",PAY_000610,upi,REF_000610,payments.csv,payments:PAY_000610
82741.50,2026-01-08T09:00:00+00:00,INR,CUS_21491,2026-01-05T09:30:00+00:00,MCH_HEALTH,ORD_000611,"{'amount': '82741.50', 'captured_at': '2026-01-08T09:00:00+00:00'}",PAY_000611,wallet,REF_000611,payments.csv,payments:PAY_000611
75685.50,2026-01-08T09:11:00+00:00,INR,CUS_56380,2026-01-05T09:30:00+00:00,MCH_HEALTH,ORD_000612,"{'amount': '75685.50', 'captured_at': '2026-01-08T09:11:00+00:00'}",PAY_000612,wallet,REF_000612,payments.csv,payments:PAY_000612
80176.00,2026-01-08T09:03:00+00:00,INR,CUS_48074,2026-01-05T09:30:00+00:00,MCH_SWIFT,ORD_000613,"{'amount': '80176.00', 'captured_at': '2026-01-08T09:03:00+00:00'}",PAY_000613,upi,REF_000613,payments.csv,payments:PAY_000613
82280.00,2026-01-08T09:26:00+00:00,INR,CUS_37175,2026-01-05T09:30:00+00:00,MCH_SAAS,ORD_000614,"{'amount': '82280.00', 'captured_at': '2026-01-08T09:26:00+00:00'}",PAY_000614,wallet,REF_000614,payments.csv,payments:PAY_000614
46129.50,2026-01-08T09:17:00+00:00,INR,CUS_93558,2026-01-05T09:30:00+00:00,MCH_CAFE,ORD_000615,"{'amount': '46129.50', 'captured_at': '2026-01-08T09:17:00+00:00'}",PAY_000615,card,REF_000615,payments.csv,payments:PAY_000615
9191.00,2026-01-08T09:44:00+00:00,INR,CUS_49358,2026-01-05T09:30:00+00:00,MCH_CAFE,ORD_000616,"{'amount': '9191.00', 'captured_at': '2026-01-08T09:44:00+00:00'}",PAY_000616,netbanking,REF_000616,payments.csv,payments:PAY_000616
43984.00,2026-01-08T09:35:00+00:00,INR,CUS_61910,2026-01-05T09:30:00+00:00,MCH_ZERO,ORD_000617,"{'amount': '43984.00', 'captured_at': '2026-01-08T09:35:00+00:00'}",PAY_000617,card,REF_000617,payments.csv,payments:PAY_000617
63097.25,2026-01-08T09:46:00+00:00,INR,CUS_14660,2026-01-05T09:30:00+00:00,MCH_TRAVEL,ORD_000618,"{'amount': '63097.25', 'captured_at': '2026-01-08T09:46:00+00:00'}",PAY_000618,wallet,REF_000618,payments.csv,payments:PAY_000618
60674.50,2026-01-08T10:00:00+00:00,INR,CUS_53923,2026-01-05T09:30:00+00:00,MCH_TRAVEL,ORD_000619,"{'amount': '60674.50', 'captured_at': '2026-01-08T10:00:00+00:00'}",PAY_000619,upi,REF_000619,payments.csv,payments:PAY_000619
70539.00,2026-01-08T10:05:00+00:00,INR,CUS_37297,2026-01-05T09:30:00+00:00,MCH_HEALTH,ORD_000620,"{'amount': '70539.00', 'captured_at': '2026-01-08T10:05:00+00:00'}",PAY_000620,netbanking,REF_000620,payments.csv,payments:PAY_000620
37060.00,2026-01-08T10:18:00+00:00,INR,CUS_54453,2026-01-05T09:30:00+00:00,MCH_SWIFT,ORD_000621,"{'amount': '37060.00', 'captured_at': '2026-01-08T10:18:00+00:00'}",PAY_000621,card,REF_000621,payments.csv,payments:PAY_000621
78312.00,2026-01-08T10:20:00+00:00,INR,CUS_50407,2026-01-05T09:30:00+00:00,MCH_SWIFT,ORD_000622,"{'amount': '78312.00', 'captured_at': '2026-01-08T10:20:00+00:00'}",PAY_000622,upi,REF_000622,payments.csv,payments:PAY_000622
11676.25,2026-01-08T10:28:00+00:00,INR,CUS_41148,2026-01-05T09:30:00+00:00,MCH_SAAS,ORD_000623,"{'amount': '11676.25', 'captured_at': '2026-01-08T10:28:00+00:00'}",PAY_000623,netbanking,REF_000623,payments.csv,payments:PAY_000623
39925.00,2026-01-08T10:22:00+00:00,INR,CUS_24710,2026-01-05T09:30:00+00:00,MCH_HEALTH,ORD_000624,"{'amount': '39925.00', 'captured_at': '2026-01-08T10:22:00+00:00'}",PAY_000624,card,REF_000624,payments.csv,payments:PAY_000624
66621.00,2026-01-08T10:34:00+00:00,INR,CUS_73263,2026-01-05T09:30:00+00:00,MCH_SAAS,ORD_000625,"{'amount': '66621.00', 'captured_at': '2026-01-08T10:34:00+00:00'}",PAY_000625,card,REF_000625,payments.csv,payments:PAY_000625
68932.00,2026-01-08T10:37:00+00:00,INR,CUS_52904,2026-01-05T09:30:00+00:00,MCH_SAAS,ORD_000626,"{'amount': '68932.00', 'captured_at': '2026-01-08T10:37:00+00:00'}",PAY_000626,card,REF_000626,payments.csv,payments:PAY_000626
68764.00,2026-01-08T10:43:00+00:00,INR,CUS_10538,2026-01-05T09:30:00+00:00,MCH_SAAS,ORD_000627,"{'amount': '68764.00', 'captured_at': '2026-01-08T10:43:00+00:00'}",PAY_000627,upi,REF_000627,payments.csv,payments:PAY_000627
6347.00,2026-01-08T11:01:00+00:00,INR,CUS_78233,2026-01-05T09:30:00+00:00,MCH_SAAS,ORD_000628,"{'amount': '6347.00', 'captured_at': '2026-01-08T11:01:00+00:00'}",PAY_000628,upi,REF_000628,payments.csv,payments:PAY_000628
27804.00,2026-01-08T11:04:00+00:00,INR,CUS_36287,2026-01-05T09:30:00+00:00,MCH_TRAVEL,ORD_000629,"{'amount': '27804.00', 'captured_at': '2026-01-08T11:04:00+00:00'}",PAY_000629,netbanking,REF_000629,payments.csv,payments:PAY_000629
88265.00,2026-01-08T11:07:00+00:00,INR,CUS_45737,2026-01-05T09:30:00+00:00,MCH_SAAS,ORD_000630,"{'amount': '88265.00', 'captured_at': '2026-01-08T11:07:00+00:00'}",PAY_000630,netbanking,REF_000630,payments.csv,payments:PAY_000630
71410.00,2026-01-08T11:18:00+00:00,INR,CUS_82006,2026-01-05T09:30:00+00:00,MCH_SWIFT,ORD_000631,"{'amount': '71410.00', 'captured_at': '2026-01-08T11:18:00+00:00'}",PAY_000631,card,REF_000631,payments.csv,payments:PAY_000631
9637.00,2026-01-08T11:34:00+00:00,INR,CUS_90381,2026-01-05T09:30:00+00:00,MCH_SWIFT,ORD_000632,"{'amount': '9637.00', 'captured_at': '2026-01-08T11:34:00+00:00'}",PAY_000632,wallet,REF_000632,payments.csv,payments:PAY_000632
4100.25,2026-01-08T11:25:00+00:00,INR,CUS_98538,2026-01-05T09:30:00+00:00,MCH_SWIFT,ORD_000633,"{'amount': '4100.25', 'captured_at': '2026-01-08T11:25:00+00:00'}",PAY_000633,wallet,REF_000633,payments.csv,payments:PAY_000633
56197.25,2026-01-08T11:48:00+00:00,INR,CUS_33459,2026-01-05T09:30:00+00:00,MCH_ZERO,ORD_000634,"{'amount': '56197.25', 'captured_at': '2026-01-08T11:48:00+00:00'}",PAY_000634,netbanking,REF_000634,payments.csv,payments:PAY_000634
26271.75,2026-01-08T11:42:00+00:00,INR,CUS_97932,2026-01-05T09:30:00+00:00,MCH_CAFE,ORD_000635,"{'amount': '26271.75', 'captured_at': '2026-01-08T11:42:00+00:00'}",PAY_000635,wallet,REF_000635,payments.csv,payments:PAY_000635
61677.00,2026-01-08T11:59:00+00:00,INR,CUS_69714,2026-01-05T09:30:00+00:00,MCH_ZERO,ORD_000636,"{'amount': '61677.00', 'captured_at': '2026-01-08T11:59:00+00:00'}",PAY_000636,wallet,REF_000636,payments.csv,payments:PAY_000636
19137.50,2026-01-08T12:04:00+00:00,INR,CUS_43823,2026-01-05T09:30:00+00:00,MCH_SWIFT,ORD_000637,"{'amount': '19137.50', 'captured_at': '2026-01-08T12:04:00+00:00'}",PAY_000637,card,REF_000637,payments.csv,payments:PAY_000637
59712.25,2026-01-08T12:12:00+00:00,INR,CUS_13966,2026-01-05T09:30:00+00:00,MCH_CAFE,ORD_000638,"{'amount': '59712.25', 'captured_at': '2026-01-08T12:12:00+00:00'}",PAY_000638,upi,REF_000638,payments.csv,payments:PAY_000638
60755.00,2026-01-08T12:10:00+00:00,INR,CUS_46996,2026-01-05T09:30:00+00:00,MCH_SAAS,ORD_000639,"{'amount': '60755.00', 'captured_at': '2026-01-08T12:10:00+00:00'}",PAY_000639,upi,REF_000639,payments.csv,payments:PAY_000639
14322.00,2026-01-08T12:18:00+00:00,INR,CUS_82895,2026-01-05T09:30:00+00:00,MCH_TRAVEL,ORD_000640,"{'amount': '14322.00', 'captured_at': '2026-01-08T12:18:00+00:00'}",PAY_000640,netbanking,REF_000640,payments.csv,payments:PAY_000640
77702.25,2026-01-08T12:29:00+00:00,INR,CUS_41270,2026-01-05T09:30:00+00:00,MCH_SAAS,ORD_000641,"{'amount': '77702.25', 'captured_at': '2026-01-08T12:29:00+00:00'}",PAY_000641,card,REF_000641,payments.csv,payments:PAY_000641
27594.75,2026-01-08T12:41:00+00:00,INR,CUS_87459,2026-01-05T09:30:00+00:00,MCH_CAFE,ORD_000642,"{'amount': '27594.75', 'captured_at': '2026-01-08T12:41:00+00:00'}",PAY_000642,netbanking,REF_000642,payments.csv,payments:PAY_000642
87149.75,2026-01-08T12:52:00+00:00,INR,CUS_20209,2026-01-05T09:30:00+00:00,MCH_SWIFT,ORD_000643,"{'amount': '87149.75', 'captured_at': '2026-01-08T12:52:00+00:00'}",PAY_000643,upi,REF_000643,payments.csv,payments:PAY_000643
13099.25,2026-01-08T12:53:00+00:00,INR,CUS_33091,2026-01-05T09:30:00+00:00,MCH_HEALTH,ORD_000644,"{'amount': '13099.25', 'captured_at': '2026-01-08T12:53:00+00:00'}",PAY_000644,upi,REF_000644,payments.csv,payments:PAY_000644
78472.25,2026-01-08T12:50:00+00:00,INR,CUS_52914,2026-01-05T09:30:00+00:00,MCH_TRAVEL,ORD_000645,"{'amount': '78472.25', 'captured_at': '2026-01-08T12:50:00+00:00'}",PAY_000645,upi,REF_000645,payments.csv,payments:PAY_000645
76422.75,2026-01-08T12:58:00+00:00,INR,CUS_10024,2026-01-05T09:30:00+00:00,MCH_SWIFT,ORD_000646,"{'amount': '76422.75', 'captured_at': '2026-01-08T12:58:00+00:00'}",PAY_000646,wallet,REF_000646,payments.csv,payments:PAY_000646
80984.50,2026-01-08T13:07:00+00:00,INR,CUS_68610,2026-01-05T09:30:00+00:00,MCH_SAAS,ORD_000647,"{'amount': '80984.50', 'captured_at': '2026-01-08T13:07:00+00:00'}",PAY_000647,netbanking,REF_000647,payments.csv,payments:PAY_000647
89371.00,2026-01-08T13:23:00+00:00,INR,CUS_66980,2026-01-05T09:30:00+00:00,MCH_HEALTH,ORD_000648,"{'amount': '89371.00', 'captured_at': '2026-01-08T13:23:00+00:00'}",PAY_000648,upi,REF_000648,payments.csv,payments:PAY_000648
67202.25,2026-01-08T13:17:00+00:00,INR,CUS_26718,2026-01-05T09:30:00+00:00,MCH_HEALTH,ORD_000649,"{'amount': '67202.25', 'captured_at': '2026-01-08T13:17:00+00:00'}",PAY_000649,netbanking,REF_000649,payments.csv,payments:PAY_000649
73704.00,2026-01-08T13:23:00+00:00,INR,CUS_24378,2026-01-05T09:30:00+00:00,MCH_ZERO,ORD_000650,"{'amount': '73704.00', 'captured_at': '2026-01-08T13:23:00+00:00'}",PAY_000650,card,REF_000650,payments.csv,payments:PAY_000650
77653.25,2026-01-08T13:42:00+00:00,INR,CUS_91948,2026-01-05T09:30:00+00:00,MCH_TRAVEL,ORD_000651,"{'amount': '77653.25', 'captured_at': '2026-01-08T13:42:00+00:00'}",PAY_000651,wallet,REF_000651,payments.csv,payments:PAY_000651
71749.00,2026-01-08T13:51:00+00:00,INR,CUS_96833,2026-01-05T09:30:00+00:00,MCH_SAAS,ORD_000652,"{'amount': '71749.00', 'captured_at': '2026-01-08T13:51:00+00:00'}",PAY_000652,card,REF_000652,payments.csv,payments:PAY_000652
50709.00,2026-01-08T13:52:00+00:00,INR,CUS_64687,2026-01-05T09:30:00+00:00,MCH_HEALTH,ORD_000653,"{'amount': '50709.00', 'captured_at': '2026-01-08T13:52:00+00:00'}",PAY_000653,card,REF_000653,payments.csv,payments:PAY_000653
9703.75,2026-01-08T14:05:00+00:00,INR,CUS_12058,2026-01-05T09:30:00+00:00,MCH_ZERO,ORD_000654,"{'amount': '9703.75', 'captured_at': '2026-01-08T14:05:00+00:00'}",PAY_000654,wallet,REF_000654,payments.csv,payments:PAY_000654
18285.75,2026-01-08T14:12:00+00:00,INR,CUS_64507,2026-01-05T09:30:00+00:00,MCH_ZERO,ORD_000655,"{'amount': '18285.75', 'captured_at': '2026-01-08T14:12:00+00:00'}",PAY_000655,card,REF_000655,payments.csv,payments:PAY_000655
50725.00,2026-01-08T14:17:00+00:00,INR,CUS_39588,2026-01-05T09:30:00+00:00,MCH_SAAS,ORD_000656,"{'amount': '50725.00', 'captured_at': '2026-01-08T14:17:00+00:00'}",PAY_000656,upi,REF_000656,payments.csv,payments:PAY_000656
31331.75,2026-01-08T14:25:00+00:00,INR,CUS_75762,2026-01-05T09:30:00+00:00,MCH_TRAVEL,ORD_000657,"{'amount': '31331.75', 'captured_at': '2026-01-08T14:25:00+00:00'}",PAY_000657,netbanking,REF_000657,payments.csv,payments:PAY_000657
74768.25,2026-01-08T14:32:00+00:00,INR,CUS_58310,2026-01-05T09:30:00+00:00,MCH_ZERO,ORD_000658,"{'amount': '74768.25', 'captured_at': '2026-01-08T14:32:00+00:00'}",PAY_000658,upi,REF_000658,payments.csv,payments:PAY_000658
69297.00,2026-01-08T14:30:00+00:00,INR,CUS_70940,2026-01-05T09:30:00+00:00,MCH_TRAVEL,ORD_000659,"{'amount': '69297.00', 'captured_at': '2026-01-08T14:30:00+00:00'}",PAY_000659,upi,REF_000659,payments.csv,payments:PAY_000659
82962.75,2026-01-08T14:38:00+00:00,INR,CUS_96997,2026-01-05T09:30:00+00:00,MCH_SAAS,ORD_000660,"{'amount': '82962.75', 'captured_at': '2026-01-08T14:38:00+00:00'}",PAY_000660,netbanking,REF_000660,payments.csv,payments:PAY_000660
70427.00,2026-01-08T14:57:00+00:00,INR,CUS_71455,2026-01-05T09:30:00+00:00,MCH_CAFE,ORD_000661,"{'amount': '70427.00', 'captured_at': '2026-01-08T14:57:00+00:00'}",PAY_000661,wallet,REF_000661,payments.csv,payments:PAY_000661
46557.00,2026-01-08T14:47:00+00:00,INR,CUS_47907,2026-01-05T09:30:00+00:00,MCH_SAAS,ORD_000662,"{'amount': '46557.00', 'captured_at': '2026-01-08T14:47:00+00:00'}",PAY_000662,netbanking,REF_000662,payments.csv,payments:PAY_000662
82783.25,2026-01-08T14:54:00+00:00,INR,CUS_85778,2026-01-05T09:30:00+00:00,MCH_ZERO,ORD_000663,"{'amount': '82783.25', 'captured_at': '2026-01-08T14:54:00+00:00'}",PAY_000663,netbanking,REF_000663,payments.csv,payments:PAY_000663
16922.50,2026-01-08T15:09:00+00:00,INR,CUS_20074,2026-01-05T09:30:00+00:00,MCH_ZERO,ORD_000664,"{'amount': '16922.50', 'captured_at': '2026-01-08T15:09:00+00:00'}",PAY_000664,card,REF_000664,payments.csv,payments:PAY_000664
33979.00,2026-01-08T15:15:00+00:00,INR,CUS_24621,2026-01-05T09:30:00+00:00,MCH_CAFE,ORD_000665,"{'amount': '33979.00', 'captured_at': '2026-01-08T15:15:00+00:00'}",PAY_000665,card,REF_000665,payments.csv,payments:PAY_000665
31258.25,2026-01-08T15:18:00+00:00,INR,CUS_33699,2026-01-05T09:30:00+00:00,MCH_CAFE,ORD_000666,"{'amount': '31258.25', 'captured_at': '2026-01-08T15:18:00+00:00'}",PAY_000666,netbanking,REF_000666,payments.csv,payments:PAY_000666
78359.00,2026-01-08T15:35:00+00:00,INR,CUS_75004,2026-01-05T09:30:00+00:00,MCH_SWIFT,ORD_000667,"{'amount': '78359.00', 'captured_at': '2026-01-08T15:35:00+00:00'}",PAY_000667,card,REF_000667,payments.csv,payments:PAY_000667
76027.75,2026-01-08T15:35:00+00:00,INR,CUS_55229,2026-01-05T09:30:00+00:00,MCH_SWIFT,ORD_000668,"{'amount': '76027.75', 'captured_at': '2026-01-08T15:35:00+00:00'}",PAY_000668,upi,REF_000668,payments.csv,payments:PAY_000668
61119.25,2026-01-08T15:51:00+00:00,INR,CUS_72420,2026-01-05T09:30:00+00:00,MCH_SWIFT,ORD_000669,"{'amount': '61119.25', 'captured_at': '2026-01-08T15:51:00+00:00'}",PAY_000669,card,REF_000669,payments.csv,payments:PAY_000669
51427.25,2026-01-08T15:58:00+00:00,INR,CUS_44422,2026-01-05T09:30:00+00:00,MCH_TRAVEL,ORD_000670,"{'amount': '51427.25', 'captured_at': '2026-01-08T15:58:00+00:00'}",PAY_000670,wallet,REF_000670,payments.csv,payments:PAY_000670
59127.25,2026-01-08T16:06:00+00:00,INR,CUS_98931,2026-01-05T09:30:00+00:00,MCH_CAFE,ORD_000671,"{'amount': '59127.25', 'captured_at': '2026-01-08T16:06:00+00:00'}",PAY_000671,upi,REF_000671,payments.csv,payments:PAY_000671
83848.00,2026-01-08T16:07:00+00:00,INR,CUS_66595,2026-01-05T09:30:00+00:00,MCH_HEALTH,ORD_000672,"{'amount': '83848.00', 'captured_at': '2026-01-08T16:07:00+00:00'}",PAY_000672,netbanking,REF_000672,payments.csv,payments:PAY_000672
13181.00,2026-01-08T16:18:00+00:00,INR,CUS_95766,2026-01-05T09:30:00+00:00,MCH_CAFE,ORD_000673,"{'amount': '13181.00', 'captured_at': '2026-01-08T16:18:00+00:00'}",PAY_000673,wallet,REF_000673,payments.csv,payments:PAY_000673
25849.50,2026-01-08T16:19:00+00:00,INR,CUS_54224,2026-01-05T09:30:00+00:00,MCH_HEALTH,ORD_000674,"{'amount': '25849.50', 'captured_at': '2026-01-08T16:19:00+00:00'}",PAY_000674,netbanking,REF_000674,payments.csv,payments:PAY_000674
1410.00,2026-01-08T16:22:00+00:00,INR,CUS_11567,2026-01-05T09:30:00+00:00,MCH_TRAVEL,ORD_000675,"{'amount': '1410.00', 'captured_at': '2026-01-08T16:22:00+00:00'}",PAY_000675,upi,REF_000675,payments.csv,payments:PAY_000675
29059.75,2026-01-08T16:31:00+00:00,INR,CUS_47132,2026-01-05T09:30:00+00:00,MCH_CAFE,ORD_000676,"{'amount': '29059.75', 'captured_at': '2026-01-08T16:31:00+00:00'}",PAY_000676,upi,REF_000676,payments.csv,payments:PAY_000676
12350.00,2026-01-08T16:41:00+00:00,INR,CUS_87874,2026-01-05T09:30:00+00:00,MCH_HEALTH,ORD_000677,"{'amount': '12350.00', 'captured_at': '2026-01-08T16:41:00+00:00'}",PAY_000677,upi,REF_000677,payments.csv,payments:PAY_000677
17327.25,2026-01-08T16:47:00+00:00,INR,CUS_96034,2026-01-05T09:30:00+00:00,MCH_HEALTH,ORD_000678,"{'amount': '17327.25', 'captured_at': '2026-01-08T16:47:00+00:00'}",PAY_000678,upi,REF_000678,payments.csv,payments:PAY_000678
38909.25,2026-01-08T16:58:00+00:00,INR,CUS_96570,2026-01-05T09:30:00+00:00,MCH_CAFE,ORD_000679,"{'amount': '38909.25', 'captured_at': '2026-01-08T16:58:00+00:00'}",PAY_000679,netbanking,REF_000679,payments.csv,payments:PAY_000679
87800.00,2026-01-08T16:54:00+00:00,INR,CUS_43729,2026-01-05T09:30:00+00:00,MCH_TRAVEL,ORD_000680,"{'amount': '87800.00', 'captured_at': '2026-01-08T16:54:00+00:00'}",PAY_000680,netbanking,REF_000680,payments.csv,payments:PAY_000680
51233.00,2026-01-08T17:08:00+00:00,INR,CUS_17872,2026-01-05T09:30:00+00:00,MCH_SAAS,ORD_000681,"{'amount': '51233.00', 'captured_at': '2026-01-08T17:08:00+00:00'}",PAY_000681,card,REF_000681,payments.csv,payments:PAY_000681
64750.00,2026-01-08T17:13:00+00:00,INR,CUS_89993,2026-01-05T09:30:00+00:00,MCH_ZERO,ORD_000682,"{'amount': '64750.00', 'captured_at': '2026-01-08T17:13:00+00:00'}",PAY_000682,wallet,REF_000682,payments.csv,payments:PAY_000682
71161.25,2026-01-08T17:19:00+00:00,INR,CUS_38624,2026-01-05T09:30:00+00:00,MCH_SWIFT,ORD_000683,"{'amount': '71161.25', 'captured_at': '2026-01-08T17:19:00+00:00'}",PAY_000683,wallet,REF_000683,payments.csv,payments:PAY_000683
4869.00,2026-01-08T17:31:00+00:00,INR,CUS_19229,2026-01-05T09:30:00+00:00,MCH_ZERO,ORD_000684,"{'amount': '4869.00', 'captured_at': '2026-01-08T17:31:00+00:00'}",PAY_000684,wallet,REF_000684,payments.csv,payments:PAY_000684
19810.75,2026-01-08T17:27:00+00:00,INR,CUS_93930,2026-01-05T09:30:00+00:00,MCH_SAAS,ORD_000685,"{'amount': '19810.75', 'captured_at': '2026-01-08T17:27:00+00:00'}",PAY_000685,wallet,REF_000685,payments.csv,payments:PAY_000685
43531.25,2026-01-08T17:49:00+00:00,INR,CUS_85319,2026-01-05T09:30:00+00:00,MCH_SWIFT,ORD_000686,"{'amount': '43531.25', 'captured_at': '2026-01-08T17:49:00+00:00'}",PAY_000686,wallet,REF_000686,payments.csv,payments:PAY_000686
53241.75,2026-01-08T17:51:00+00:00,INR,CUS_19188,2026-01-05T09:30:00+00:00,MCH_SAAS,ORD_000687,"{'amount': '53241.75', 'captured_at': '2026-01-08T17:51:00+00:00'}",PAY_000687,upi,REF_000687,payments.csv,payments:PAY_000687
63485.00,2026-01-08T18:02:00+00:00,INR,CUS_84349,2026-01-05T09:30:00+00:00,MCH_TRAVEL,ORD_000688,"{'amount': '63485.00', 'captured_at': '2026-01-08T18:02:00+00:00'}",PAY_000688,netbanking,REF_000688,payments.csv,payments:PAY_000688
7534.75,2026-01-08T18:05:00+00:00,INR,CUS_94813,2026-01-05T09:30:00+00:00,MCH_SAAS,ORD_000689,"{'amount': '7534.75', 'captured_at': '2026-01-08T18:05:00+00:00'}",PAY_000689,netbanking,REF_000689,payments.csv,payments:PAY_000689
38305.75,2026-01-08T18:19:00+00:00,INR,CUS_36623,2026-01-05T09:30:00+00:00,MCH_SAAS,ORD_000690,"{'amount': '38305.75', 'captured_at': '2026-01-08T18:19:00+00:00'}",PAY_000690,upi,REF_000690,payments.csv,payments:PAY_000690
51431.00,2026-01-08T18:24:00+00:00,INR,CUS_92656,2026-01-05T09:30:00+00:00,MCH_CAFE,ORD_000691,"{'amount': '51431.00', 'captured_at': '2026-01-08T18:24:00+00:00'}",PAY_000691,wallet,REF_000691,payments.csv,payments:PAY_000691
25133.00,2026-01-08T18:16:00+00:00,INR,CUS_14679,2026-01-05T09:30:00+00:00,MCH_TRAVEL,ORD_000692,"{'amount': '25133.00', 'captured_at': '2026-01-08T18:16:00+00:00'}",PAY_000692,card,REF_000692,payments.csv,payments:PAY_000692
8556.50,2026-01-08T18:39:00+00:00,INR,CUS_94332,2026-01-05T09:30:00+00:00,MCH_SAAS,ORD_000693,"{'amount': '8556.50', 'captured_at': '2026-01-08T18:39:00+00:00'}",PAY_000693,wallet,REF_000693,payments.csv,payments:PAY_000693
8556.50,2026-01-08T18:34:00+00:00,INR,CUS_94332,2026-01-05T09:30:00+00:00,MCH_SAAS,ORD_000693,"{'amount': '8556.50', 'captured_at': '2026-01-08T18:34:00+00:00'}",PAY_000694,upi,REF_000693,payments.csv,payments:PAY_000694
5911.25,2026-01-08T18:53:00+00:00,INR,CUS_25491,2026-01-05T09:30:00+00:00,MCH_TRAVEL,ORD_000695,"{'amount': '5911.25', 'captured_at': '2026-01-08T18:53:00+00:00'}",PAY_000695,wallet,REF_000695,payments.csv,payments:PAY_000695
5133.75,2026-01-08T18:46:00+00:00,INR,CUS_28558,2026-01-05T09:30:00+00:00,MCH_ZERO,ORD_000696,"{'amount': '5133.75', 'captured_at': '2026-01-08T18:46:00+00:00'}",PAY_000696,wallet,REF_000696,payments.csv,payments:PAY_000696
85337.00,2026-01-08T18:52:00+00:00,INR,CUS_11882,2026-01-05T09:30:00+00:00,MCH_SWIFT,ORD_000697,"{'amount': '85337.00', 'captured_at': '2026-01-08T18:52:00+00:00'}",PAY_000697,netbanking,REF_000697,payments.csv,payments:PAY_000697
85337.00,2026-01-08T19:05:00+00:00,INR,CUS_11882,2026-01-05T09:30:00+00:00,MCH_SWIFT,ORD_000697,"{'amount': '85337.00', 'captured_at': '2026-01-08T19:05:00+00:00'}",PAY_000698,card,REF_000697,payments.csv,payments:PAY_000698
15265.25,2026-01-08T19:15:00+00:00,INR,CUS_87984,2026-01-05T09:30:00+00:00,MCH_ZERO,ORD_000699,"{'amount': '15265.25', 'captured_at': '2026-01-08T19:15:00+00:00'}",PAY_000699,upi,REF_000699,payments.csv,payments:PAY_000699
44516.75,2026-01-08T19:24:00+00:00,INR,CUS_98918,2026-01-05T09:30:00+00:00,MCH_SAAS,ORD_000700,"{'amount': '44516.75', 'captured_at': '2026-01-08T19:24:00+00:00'}",PAY_000700,upi,REF_000700,payments.csv,payments:PAY_000700
28248.00,2026-01-08T19:29:00+00:00,INR,CUS_87736,2026-01-05T09:30:00+00:00,MCH_CAFE,ORD_000701,"{'amount': '28248.00', 'captured_at': '2026-01-08T19:29:00+00:00'}",PAY_000701,upi,REF_000701,payments.csv,payments:PAY_000701
28248.00,2026-01-08T19:27:00+00:00,INR,CUS_87736,2026-01-05T09:30:00+00:00,MCH_CAFE,ORD_000701,"{'amount': '28248.00', 'captured_at': '2026-01-08T19:27:00+00:00'}",PAY_000702,card,REF_000701,payments.csv,payments:PAY_000702
48787.50,2026-01-08T19:42:00+00:00,INR,CUS_31627,2026-01-05T09:30:00+00:00,MCH_SWIFT,ORD_000703,"{'amount': '48787.50', 'captured_at': '2026-01-08T19:42:00+00:00'}",PAY_000703,upi,REF_000703,payments.csv,payments:PAY_000703
49600.00,2026-01-08T19:44:00+00:00,INR,CUS_12048,2026-01-05T09:30:00+00:00,MCH_HEALTH,ORD_000704,"{'amount': '49600.00', 'captured_at': '2026-01-08T19:44:00+00:00'}",PAY_000704,upi,REF_000704,payments.csv,payments:PAY_000704
11983.75,2026-01-08T19:59:00+00:00,INR,CUS_95426,2026-01-05T09:30:00+00:00,MCH_SWIFT,ORD_000705,"{'amount': '11983.75', 'captured_at': '2026-01-08T19:59:00+00:00'}",PAY_000705,wallet,REF_000705,payments.csv,payments:PAY_000705
16932.00,2026-01-08T20:06:00+00:00,INR,CUS_28754,2026-01-05T09:30:00+00:00,MCH_TRAVEL,ORD_000706,"{'amount': '16932.00', 'captured_at': '2026-01-08T20:06:00+00:00'}",PAY_000706,wallet,REF_000706,payments.csv,payments:PAY_000706
23178.50,2026-01-08T20:09:00+00:00,INR,CUS_14931,2026-01-05T09:30:00+00:00,MCH_SWIFT,ORD_000707,"{'amount': '23178.50', 'captured_at': '2026-01-08T20:09:00+00:00'}",PAY_000707,wallet,REF_000707,payments.csv,payments:PAY_000707
55191.00,2026-01-08T20:14:00+00:00,INR,CUS_83100,2026-01-05T09:30:00+00:00,MCH_CAFE,ORD_000708,"{'amount': '55191.00', 'captured_at': '2026-01-08T20:14:00+00:00'}",PAY_000708,upi,REF_000708,payments.csv,payments:PAY_000708
47735.50,2026-01-08T20:29:00+00:00,INR,CUS_76524,2026-01-05T09:30:00+00:00,MCH_HEALTH,ORD_000709,"{'amount': '47735.50', 'captured_at': '2026-01-08T20:29:00+00:00'}",PAY_000709,card,REF_000709,payments.csv,payments:PAY_000709
25691.00,2026-01-08T20:41:00+00:00,INR,CUS_29558,2026-01-05T09:30:00+00:00,MCH_ZERO,ORD_000710,"{'amount': '25691.00', 'captured_at': '2026-01-08T20:41:00+00:00'}",PAY_000710,wallet,REF_000710,payments.csv,payments:PAY_000710
88136.00,2026-01-08T20:44:00+00:00,INR,CUS_17081,2026-01-05T09:30:00+00:00,MCH_SWIFT,ORD_000711,"{'amount': '88136.00', 'captured_at': '2026-01-08T20:44:00+00:00'}",PAY_000711,netbanking,REF_000711,payments.csv,payments:PAY_000711
59694.00,2026-01-08T20:41:00+00:00,INR,CUS_23686,2026-01-05T09:30:00+00:00,MCH_HEALTH,ORD_000712,"{'amount': '59694.00', 'captured_at': '2026-01-08T20:41:00+00:00'}",PAY_000712,card,REF_000712,payments.csv,payments:PAY_000712
15512.00,2026-01-08T21:01:00+00:00,INR,CUS_40841,2026-01-05T09:30:00+00:00,MCH_HEALTH,ORD_000713,"{'amount': '15512.00', 'captured_at': '2026-01-08T21:01:00+00:00'}",PAY_000713,netbanking,REF_000713,payments.csv,payments:PAY_000713
89016.00,2026-01-08T20:59:00+00:00,INR,CUS_40154,2026-01-05T09:30:00+00:00,MCH_SWIFT,ORD_000714,"{'amount': '89016.00', 'captured_at': '2026-01-08T20:59:00+00:00'}",PAY_000714,card,REF_000714,payments.csv,payments:PAY_000714
54379.00,2026-01-08T20:59:00+00:00,INR,CUS_59221,2026-01-05T09:30:00+00:00,MCH_SWIFT,ORD_000715,"{'amount': '54379.00', 'captured_at': '2026-01-08T20:59:00+00:00'}",PAY_000715,wallet,REF_000715,payments.csv,payments:PAY_000715
57429.00,2026-01-08T21:21:00+00:00,INR,CUS_38333,2026-01-05T09:30:00+00:00,MCH_ZERO,ORD_000716,"{'amount': '57429.00', 'captured_at': '2026-01-08T21:21:00+00:00'}",PAY_000716,card,REF_000716,payments.csv,payments:PAY_000716
18178.25,2026-01-08T21:26:00+00:00,INR,CUS_35448,2026-01-05T09:30:00+00:00,MCH_CAFE,ORD_000717,"{'amount': '18178.25', 'captured_at': '2026-01-08T21:26:00+00:00'}",PAY_000717,netbanking,REF_000717,payments.csv,payments:PAY_000717
16973.00,2026-01-08T21:25:00+00:00,INR,CUS_84536,2026-01-05T09:30:00+00:00,MCH_CAFE,ORD_000718,"{'amount': '16973.00', 'captured_at': '2026-01-08T21:25:00+00:00'}",PAY_000718,card,REF_000718,payments.csv,payments:PAY_000718
60406.25,2026-01-08T21:33:00+00:00,INR,CUS_32439,2026-01-05T09:30:00+00:00,MCH_SAAS,ORD_000719,"{'amount': '60406.25', 'captured_at': '2026-01-08T21:33:00+00:00'}",PAY_000719,netbanking,REF_000719,payments.csv,payments:PAY_000719
80454.00,2026-01-08T21:42:00+00:00,INR,CUS_85775,2026-01-05T09:30:00+00:00,MCH_TRAVEL,ORD_000720,"{'amount': '80454.00', 'captured_at': '2026-01-08T21:42:00+00:00'}",PAY_000720,upi,REF_000720,payments.csv,payments:PAY_000720
64422.00,2026-01-08T21:55:00+00:00,INR,CUS_87539,2026-01-05T09:30:00+00:00,MCH_HEALTH,ORD_000721,"{'amount': '64422.00', 'captured_at': '2026-01-08T21:55:00+00:00'}",PAY_000721,netbanking,REF_000721,payments.csv,payments:PAY_000721
56413.75,2026-01-08T21:56:00+00:00,INR,CUS_42329,2026-01-05T09:30:00+00:00,MCH_TRAVEL,ORD_000722,"{'amount': '56413.75', 'captured_at': '2026-01-08T21:56:00+00:00'}",PAY_000722,wallet,REF_000722,payments.csv,payments:PAY_000722
19825.50,2026-01-08T21:56:00+00:00,INR,CUS_10665,2026-01-05T09:30:00+00:00,MCH_HEALTH,ORD_000723,"{'amount': '19825.50', 'captured_at': '2026-01-08T21:56:00+00:00'}",PAY_000723,upi,REF_000723,payments.csv,payments:PAY_000723
56097.50,2026-01-08T22:05:00+00:00,INR,CUS_61684,2026-01-05T09:30:00+00:00,MCH_ZERO,ORD_000724,"{'amount': '56097.50', 'captured_at': '2026-01-08T22:05:00+00:00'}",PAY_000724,wallet,REF_000724,payments.csv,payments:PAY_000724
11190.50,2026-01-08T22:24:00+00:00,INR,CUS_11628,2026-01-05T09:30:00+00:00,MCH_SWIFT,ORD_000725,"{'amount': '11190.50', 'captured_at': '2026-01-08T22:24:00+00:00'}",PAY_000725,card,REF_000725,payments.csv,payments:PAY_000725
39069.00,2026-01-08T22:13:00+00:00,INR,CUS_94887,2026-01-05T09:30:00+00:00,MCH_CAFE,ORD_000726,"{'amount': '39069.00', 'captured_at': '2026-01-08T22:13:00+00:00'}",PAY_000726,wallet,REF_000726,payments.csv,payments:PAY_000726
75060.75,2026-01-08T22:34:00+00:00,INR,CUS_86501,2026-01-05T09:30:00+00:00,MCH_SAAS,ORD_000727,"{'amount': '75060.75', 'captured_at': '2026-01-08T22:34:00+00:00'}",PAY_000727,wallet,REF_000727,payments.csv,payments:PAY_000727
53431.00,2026-01-08T22:46:00+00:00,INR,CUS_58551,2026-01-05T09:30:00+00:00,MCH_TRAVEL,ORD_000728,"{'amount': '53431.00', 'captured_at': '2026-01-08T22:46:00+00:00'}",PAY_000728,upi,REF_000728,payments.csv,payments:PAY_000728
43934.50,2026-01-08T22:49:00+00:00,INR,CUS_14287,2026-01-05T09:30:00+00:00,MCH_SAAS,ORD_000729,"{'amount': '43934.50', 'captured_at': '2026-01-08T22:49:00+00:00'}",PAY_000729,netbanking,REF_000729,payments.csv,payments:PAY_000729
10911.50,2026-01-08T22:47:00+00:00,INR,CUS_54000,2026-01-05T09:30:00+00:00,MCH_TRAVEL,ORD_000730,"{'amount': '10911.50', 'captured_at': '2026-01-08T22:47:00+00:00'}",PAY_000730,netbanking,REF_000730,payments.csv,payments:PAY_000730
61294.50,2026-01-08T23:01:00+00:00,INR,CUS_15357,2026-01-05T09:30:00+00:00,MCH_CAFE,ORD_000731,"{'amount': '61294.50', 'captured_at': '2026-01-08T23:01:00+00:00'}",PAY_000731,card,REF_000731,payments.csv,payments:PAY_000731
27132.00,2026-01-08T23:13:00+00:00,INR,CUS_53899,2026-01-05T09:30:00+00:00,MCH_HEALTH,ORD_000732,"{'amount': '27132.00', 'captured_at': '2026-01-08T23:13:00+00:00'}",PAY_000732,upi,REF_000732,payments.csv,payments:PAY_000732
27132.00,2026-01-08T23:02:00+00:00,INR,CUS_53899,2026-01-05T09:30:00+00:00,MCH_HEALTH,ORD_000732,"{'amount': '27132.00', 'captured_at': '2026-01-08T23:02:00+00:00'}",PAY_000733,card,REF_000732,payments.csv,payments:PAY_000733
35343.50,2026-01-08T23:20:00+00:00,INR,CUS_99158,2026-01-05T09:30:00+00:00,MCH_CAFE,ORD_000734,"{'amount': '35343.50', 'captured_at': '2026-01-08T23:20:00+00:00'}",PAY_000734,upi,REF_000734,payments.csv,payments:PAY_000734
45549.25,2026-01-08T23:36:00+00:00,INR,CUS_73730,2026-01-05T09:30:00+00:00,MCH_CAFE,ORD_000735,"{'amount': '45549.25', 'captured_at': '2026-01-08T23:36:00+00:00'}",PAY_000735,upi,REF_000735,payments.csv,payments:PAY_000735
70017.75,2026-01-08T23:39:00+00:00,INR,CUS_79842,2026-01-05T09:30:00+00:00,MCH_TRAVEL,ORD_000736,"{'amount': '70017.75', 'captured_at': '2026-01-08T23:39:00+00:00'}",PAY_000736,netbanking,REF_000736,payments.csv,payments:PAY_000736
60314.00,2026-01-08T23:38:00+00:00,INR,CUS_20508,2026-01-05T09:30:00+00:00,MCH_SWIFT,ORD_000737,"{'amount': '60314.00', 'captured_at': '2026-01-08T23:38:00+00:00'}",PAY_000737,netbanking,REF_000737,payments.csv,payments:PAY_000737
21896.00,2026-01-08T23:46:00+00:00,INR,CUS_24683,2026-01-05T09:30:00+00:00,MCH_ZERO,ORD_000738,"{'amount': '21896.00', 'captured_at': '2026-01-08T23:46:00+00:00'}",PAY_000738,wallet,REF_000738,payments.csv,payments:PAY_000738
68547.75,2026-01-08T23:59:00+00:00,INR,CUS_12974,2026-01-05T09:30:00+00:00,MCH_SWIFT,ORD_000739,"{'amount': '68547.75', 'captured_at': '2026-01-08T23:59:00+00:00'}",PAY_000739,card,REF_000739,payments.csv,payments:PAY_000739
55367.25,2026-01-09T00:00:00+00:00,INR,CUS_94500,2026-01-05T09:30:00+00:00,MCH_CAFE,ORD_000740,"{'amount': '55367.25', 'captured_at': '2026-01-09T00:00:00+00:00'}",PAY_000740,card,REF_000740,payments.csv,payments:PAY_000740
30751.50,2026-01-09T00:13:00+00:00,INR,CUS_94498,2026-01-05T09:30:00+00:00,MCH_ZERO,ORD_000741,"{'amount': '30751.50', 'captured_at': '2026-01-09T00:13:00+00:00'}",PAY_000741,netbanking,REF_000741,payments.csv,payments:PAY_000741
78072.75,2026-01-09T00:23:00+00:00,INR,CUS_79489,2026-01-05T09:30:00+00:00,MCH_SAAS,ORD_000742,"{'amount': '78072.75', 'captured_at': '2026-01-09T00:23:00+00:00'}",PAY_000742,wallet,REF_000742,payments.csv,payments:PAY_000742
22809.00,2026-01-09T00:26:00+00:00,INR,CUS_39724,2026-01-05T09:30:00+00:00,MCH_CAFE,ORD_000743,"{'amount': '22809.00', 'captured_at': '2026-01-09T00:26:00+00:00'}",PAY_000743,netbanking,REF_000743,payments.csv,payments:PAY_000743
46584.00,2026-01-09T00:25:00+00:00,INR,CUS_69759,2026-01-05T09:30:00+00:00,MCH_SWIFT,ORD_000744,"{'amount': '46584.00', 'captured_at': '2026-01-09T00:25:00+00:00'}",PAY_000744,netbanking,REF_000744,payments.csv,payments:PAY_000744
31482.00,2026-01-09T00:32:00+00:00,INR,CUS_15393,2026-01-05T09:30:00+00:00,MCH_SWIFT,ORD_000745,"{'amount': '31482.00', 'captured_at': '2026-01-09T00:32:00+00:00'}",PAY_000745,wallet,REF_000745,payments.csv,payments:PAY_000745
24482.00,2026-01-09T00:39:00+00:00,INR,CUS_83726,2026-01-05T09:30:00+00:00,MCH_CAFE,ORD_000746,"{'amount': '24482.00', 'captured_at': '2026-01-09T00:39:00+00:00'}",PAY_000746,netbanking,REF_000746,payments.csv,payments:PAY_000746
49178.25,2026-01-09T00:58:00+00:00,INR,CUS_80761,2026-01-05T09:30:00+00:00,MCH_SWIFT,ORD_000747,"{'amount': '49178.25', 'captured_at': '2026-01-09T00:58:00+00:00'}",PAY_000747,netbanking,REF_000747,payments.csv,payments:PAY_000747
19355.25,2026-01-09T00:48:00+00:00,INR,CUS_51971,2026-01-05T09:30:00+00:00,MCH_SAAS,ORD_000748,"{'amount': '19355.25', 'captured_at': '2026-01-09T00:48:00+00:00'}",PAY_000748,netbanking,REF_000748,payments.csv,payments:PAY_000748
38288.50,2026-01-09T01:09:00+00:00,INR,CUS_97410,2026-01-05T09:30:00+00:00,MCH_SAAS,ORD_000749,"{'amount': '38288.50', 'captured_at': '2026-01-09T01:09:00+00:00'}",PAY_000749,netbanking,REF_000749,payments.csv,payments:PAY_000749
63081.00,2026-01-09T01:23:00+00:00,INR,CUS_28274,2026-01-05T09:30:00+00:00,MCH_TRAVEL,ORD_000750,"{'amount': '63081.00', 'captured_at': '2026-01-09T01:23:00+00:00'}",PAY_000750,upi,REF_000750,payments.csv,payments:PAY_000750
52942.50,2026-01-09T01:22:00+00:00,INR,CUS_38883,2026-01-05T09:30:00+00:00,MCH_ZERO,ORD_000751,"{'amount': '52942.50', 'captured_at': '2026-01-09T01:22:00+00:00'}",PAY_000751,upi,REF_000751,payments.csv,payments:PAY_000751
80011.75,2026-01-09T01:35:00+00:00,INR,CUS_35578,2026-01-05T09:30:00+00:00,MCH_ZERO,ORD_000752,"{'amount': '80011.75', 'captured_at': '2026-01-09T01:35:00+00:00'}",PAY_000752,card,REF_000752,payments.csv,payments:PAY_000752
70870.25,2026-01-09T01:29:00+00:00,INR,CUS_98744,2026-01-05T09:30:00+00:00,MCH_ZERO,ORD_000753,"{'amount': '70870.25', 'captured_at': '2026-01-09T01:29:00+00:00'}",PAY_000753,wallet,REF_000753,payments.csv,payments:PAY_000753
41949.50,2026-01-09T01:34:00+00:00,INR,CUS_89308,2026-01-05T09:30:00+00:00,MCH_SAAS,ORD_000754,"{'amount': '41949.50', 'captured_at': '2026-01-09T01:34:00+00:00'}",PAY_000754,netbanking,REF_000754,payments.csv,payments:PAY_000754
56351.00,2026-01-09T01:38:00+00:00,INR,CUS_60608,2026-01-05T09:30:00+00:00,MCH_SWIFT,ORD_000755,"{'amount': '56351.00', 'captured_at': '2026-01-09T01:38:00+00:00'}",PAY_000755,netbanking,REF_000755,payments.csv,payments:PAY_000755
73835.00,2026-01-09T02:02:00+00:00,INR,CUS_38271,2026-01-05T09:30:00+00:00,MCH_SAAS,ORD_000756,"{'amount': '73835.00', 'captured_at': '2026-01-09T02:02:00+00:00'}",PAY_000756,wallet,REF_000756,payments.csv,payments:PAY_000756
21768.75,2026-01-09T02:08:00+00:00,INR,CUS_65552,2026-01-05T09:30:00+00:00,MCH_CAFE,ORD_000757,"{'amount': '21768.75', 'captured_at': '2026-01-09T02:08:00+00:00'}",PAY_000757,card,REF_000757,payments.csv,payments:PAY_000757
27534.00,2026-01-09T02:11:00+00:00,INR,CUS_72208,2026-01-05T09:30:00+00:00,MCH_SWIFT,ORD_000758,"{'amount': '27534.00', 'captured_at': '2026-01-09T02:11:00+00:00'}",PAY_000758,upi,REF_000758,payments.csv,payments:PAY_000758
1167.25,2026-01-09T02:19:00+00:00,INR,CUS_93729,2026-01-05T09:30:00+00:00,MCH_ZERO,ORD_000759,"{'amount': '1167.25', 'captured_at': '2026-01-09T02:19:00+00:00'}",PAY_000759,card,REF_000759,payments.csv,payments:PAY_000759
74737.00,2026-01-09T02:24:00+00:00,INR,CUS_36117,2026-01-05T09:30:00+00:00,MCH_TRAVEL,ORD_000760,"{'amount': '74737.00', 'captured_at': '2026-01-09T02:24:00+00:00'}",PAY_000760,netbanking,REF_000760,payments.csv,payments:PAY_000760
39882.50,2026-01-09T02:38:00+00:00,INR,CUS_49834,2026-01-05T09:30:00+00:00,MCH_ZERO,ORD_000761,"{'amount': '39882.50', 'captured_at': '2026-01-09T02:38:00+00:00'}",PAY_000761,wallet,REF_000761,payments.csv,payments:PAY_000761
34729.00,2026-01-09T02:45:00+00:00,INR,CUS_93958,2026-01-05T09:30:00+00:00,MCH_SWIFT,ORD_000762,"{'amount': '34729.00', 'captured_at': '2026-01-09T02:45:00+00:00'}",PAY_000762,upi,REF_000762,payments.csv,payments:PAY_000762
23810.25,2026-01-09T02:33:00+00:00,INR,CUS_94513,2026-01-05T09:30:00+00:00,MCH_SAAS,ORD_000763,"{'amount': '23810.25', 'captured_at': '2026-01-09T02:33:00+00:00'}",PAY_000763,upi,REF_000763,payments.csv,payments:PAY_000763
47716.50,2026-01-09T02:56:00+00:00,INR,CUS_72978,2026-01-05T09:30:00+00:00,MCH_HEALTH,ORD_000764,"{'amount': '47716.50', 'captured_at': '2026-01-09T02:56:00+00:00'}",PAY_000764,netbanking,REF_000764,payments.csv,payments:PAY_000764
15974.00,2026-01-09T02:51:00+00:00,INR,CUS_77177,2026-01-05T09:30:00+00:00,MCH_TRAVEL,ORD_000765,"{'amount': '15974.00', 'captured_at': '2026-01-09T02:51:00+00:00'}",PAY_000765,netbanking,REF_000765,payments.csv,payments:PAY_000765
15974.00,2026-01-09T02:52:00+00:00,INR,CUS_77177,2026-01-05T09:30:00+00:00,MCH_TRAVEL,ORD_000765,"{'amount': '15974.00', 'captured_at': '2026-01-09T02:52:00+00:00'}",PAY_000766,card,REF_000765,payments.csv,payments:PAY_000766
18059.00,2026-01-09T03:08:00+00:00,INR,CUS_31405,2026-01-05T09:30:00+00:00,MCH_SAAS,ORD_000767,"{'amount': '18059.00', 'captured_at': '2026-01-09T03:08:00+00:00'}",PAY_000767,netbanking,REF_000767,payments.csv,payments:PAY_000767
46959.00,2026-01-09T03:25:00+00:00,INR,CUS_47992,2026-01-05T09:30:00+00:00,MCH_TRAVEL,ORD_000768,"{'amount': '46959.00', 'captured_at': '2026-01-09T03:25:00+00:00'}",PAY_000768,upi,REF_000768,payments.csv,payments:PAY_000768
78780.00,2026-01-09T03:26:00+00:00,INR,CUS_81265,2026-01-05T09:30:00+00:00,MCH_ZERO,ORD_000769,"{'amount': '78780.00', 'captured_at': '2026-01-09T03:26:00+00:00'}",PAY_000769,netbanking,REF_000769,payments.csv,payments:PAY_000769
47816.00,2026-01-09T03:36:00+00:00,INR,CUS_80047,2026-01-05T09:30:00+00:00,MCH_TRAVEL,ORD_000770,"{'amount': '47816.00', 'captured_at': '2026-01-09T03:36:00+00:00'}",PAY_000770,card,REF_000770,payments.csv,payments:PAY_000770
49191.25,2026-01-09T03:35:00+00:00,INR,CUS_64000,2026-01-05T09:30:00+00:00,MCH_CAFE,ORD_000771,"{'amount': '49191.25', 'captured_at': '2026-01-09T03:35:00+00:00'}",PAY_000771,upi,REF_000771,payments.csv,payments:PAY_000771
66279.00,2026-01-09T03:55:00+00:00,INR,CUS_34696,2026-01-05T09:30:00+00:00,MCH_SWIFT,ORD_000772,"{'amount': '66279.00', 'captured_at': '2026-01-09T03:55:00+00:00'}",PAY_000772,upi,REF_000772,payments.csv,payments:PAY_000772
10313.00,2026-01-09T03:57:00+00:00,INR,CUS_27200,2026-01-05T09:30:00+00:00,MCH_SAAS,ORD_000773,"{'amount': '10313.00', 'captured_at': '2026-01-09T03:57:00+00:00'}",PAY_000773,netbanking,REF_000773,payments.csv,payments:PAY_000773
47822.00,2026-01-09T04:09:00+00:00,INR,CUS_67925,2026-01-05T09:30:00+00:00,MCH_TRAVEL,ORD_000774,"{'amount': '47822.00', 'captured_at': '2026-01-09T04:09:00+00:00'}",PAY_000774,netbanking,REF_000774,payments.csv,payments:PAY_000774
40235.00,2026-01-09T04:01:00+00:00,INR,CUS_25544,2026-01-05T09:30:00+00:00,MCH_TRAVEL,ORD_000775,"{'amount': '40235.00', 'captured_at': '2026-01-09T04:01:00+00:00'}",PAY_000775,card,REF_000775,payments.csv,payments:PAY_000775
16729.00,2026-01-09T04:16:00+00:00,INR,CUS_27067,2026-01-05T09:30:00+00:00,MCH_CAFE,ORD_000776,"{'amount': '16729.00', 'captured_at': '2026-01-09T04:16:00+00:00'}",PAY_000776,upi,REF_000776,payments.csv,payments:PAY_000776
63772.25,2026-01-09T04:14:00+00:00,INR,CUS_15572,2026-01-05T09:30:00+00:00,MCH_ZERO,ORD_000777,"{'amount': '63772.25', 'captured_at': '2026-01-09T04:14:00+00:00'}",PAY_000777,upi,REF_000777,payments.csv,payments:PAY_000777
63772.25,2026-01-09T04:19:00+00:00,INR,CUS_15572,2026-01-05T09:30:00+00:00,MCH_ZERO,ORD_000777,"{'amount': '63772.25', 'captured_at': '2026-01-09T04:19:00+00:00'}",PAY_000778,upi,REF_000777,payments.csv,payments:PAY_000778
87801.00,2026-01-09T04:30:00+00:00,INR,CUS_22648,2026-01-05T09:30:00+00:00,MCH_CAFE,ORD_000779,"{'amount': '87801.00', 'captured_at': '2026-01-09T04:30:00+00:00'}",PAY_000779,card,REF_000779,payments.csv,payments:PAY_000779
46376.00,2026-01-09T04:40:00+00:00,INR,CUS_21898,2026-01-05T09:30:00+00:00,MCH_TRAVEL,ORD_000780,"{'amount': '46376.00', 'captured_at': '2026-01-09T04:40:00+00:00'}",PAY_000780,netbanking,REF_000780,payments.csv,payments:PAY_000780
65919.75,2026-01-09T04:55:00+00:00,INR,CUS_90341,2026-01-05T09:30:00+00:00,MCH_SWIFT,ORD_000781,"{'amount': '65919.75', 'captured_at': '2026-01-09T04:55:00+00:00'}",PAY_000781,upi,REF_000781,payments.csv,payments:PAY_000781
69615.00,2026-01-09T04:52:00+00:00,INR,CUS_35106,2026-01-05T09:30:00+00:00,MCH_ZERO,ORD_000782,"{'amount': '69615.00', 'captured_at': '2026-01-09T04:52:00+00:00'}",PAY_000782,upi,REF_000782,payments.csv,payments:PAY_000782
66385.75,2026-01-09T04:59:00+00:00,INR,CUS_72221,2026-01-05T09:30:00+00:00,MCH_SWIFT,ORD_000783,"{'amount': '66385.75', 'captured_at': '2026-01-09T04:59:00+00:00'}",PAY_000783,wallet,REF_000783,payments.csv,payments:PAY_000783
50056.25,2026-01-09T05:10:00+00:00,INR,CUS_38085,2026-01-05T09:30:00+00:00,MCH_CAFE,ORD_000784,"{'amount': '50056.25', 'captured_at': '2026-01-09T05:10:00+00:00'}",PAY_000784,wallet,REF_000784,payments.csv,payments:PAY_000784
16502.25,2026-01-09T05:14:00+00:00,INR,CUS_24459,2026-01-05T09:30:00+00:00,MCH_CAFE,ORD_000785,"{'amount': '16502.25', 'captured_at': '2026-01-09T05:14:00+00:00'}",PAY_000785,wallet,REF_000785,payments.csv,payments:PAY_000785
38084.50,2026-01-09T05:23:00+00:00,INR,CUS_15322,2026-01-05T09:30:00+00:00,MCH_TRAVEL,ORD_000786,"{'amount': '38084.50', 'captured_at': '2026-01-09T05:23:00+00:00'}",PAY_000786,wallet,REF_000786,payments.csv,payments:PAY_000786
41195.75,2026-01-09T05:38:00+00:00,INR,CUS_68190,2026-01-05T09:30:00+00:00,MCH_HEALTH,ORD_000787,"{'amount': '41195.75', 'captured_at': '2026-01-09T05:38:00+00:00'}",PAY_000787,wallet,REF_000787,payments.csv,payments:PAY_000787
25044.00,2026-01-09T05:43:00+00:00,INR,CUS_72347,2026-01-05T09:30:00+00:00,MCH_SAAS,ORD_000788,"{'amount': '25044.00', 'captured_at': '2026-01-09T05:43:00+00:00'}",PAY_000788,card,REF_000788,payments.csv,payments:PAY_000788
64741.75,2026-01-09T05:51:00+00:00,INR,CUS_23785,2026-01-05T09:30:00+00:00,MCH_TRAVEL,ORD_000789,"{'amount': '64741.75', 'captured_at': '2026-01-09T05:51:00+00:00'}",PAY_000789,upi,REF_000789,payments.csv,payments:PAY_000789
52048.25,2026-01-09T05:46:00+00:00,INR,CUS_87405,2026-01-05T09:30:00+00:00,MCH_SWIFT,ORD_000790,"{'amount': '52048.25', 'captured_at': '2026-01-09T05:46:00+00:00'}",PAY_000790,upi,REF_000790,payments.csv,payments:PAY_000790
52048.25,2026-01-09T05:47:00+00:00,INR,CUS_87405,2026-01-05T09:30:00+00:00,MCH_SWIFT,ORD_000790,"{'amount': '52048.25', 'captured_at': '2026-01-09T05:47:00+00:00'}",PAY_000791,netbanking,REF_000790,payments.csv,payments:PAY_000791
53290.00,2026-01-09T06:13:00+00:00,INR,CUS_40522,2026-01-05T09:30:00+00:00,MCH_HEALTH,ORD_000792,"{'amount': '53290.00', 'captured_at': '2026-01-09T06:13:00+00:00'}",PAY_000792,netbanking,REF_000792,payments.csv,payments:PAY_000792
52759.00,2026-01-09T06:19:00+00:00,INR,CUS_72367,2026-01-05T09:30:00+00:00,MCH_TRAVEL,ORD_000793,"{'amount': '52759.00', 'captured_at': '2026-01-09T06:19:00+00:00'}",PAY_000793,wallet,REF_000793,payments.csv,payments:PAY_000793
59889.00,2026-01-09T06:26:00+00:00,INR,CUS_26015,2026-01-05T09:30:00+00:00,MCH_SWIFT,ORD_000794,"{'amount': '59889.00', 'captured_at': '2026-01-09T06:26:00+00:00'}",PAY_000794,wallet,REF_000794,payments.csv,payments:PAY_000794
17943.00,2026-01-09T06:22:00+00:00,INR,CUS_23055,2026-01-05T09:30:00+00:00,MCH_TRAVEL,ORD_000795,"{'amount': '17943.00', 'captured_at': '2026-01-09T06:22:00+00:00'}",PAY_000795,upi,REF_000795,payments.csv,payments:PAY_000795
3806.00,2026-01-09T06:37:00+00:00,INR,CUS_60152,2026-01-05T09:30:00+00:00,MCH_TRAVEL,ORD_000796,"{'amount': '3806.00', 'captured_at': '2026-01-09T06:37:00+00:00'}",PAY_000796,card,REF_000796,payments.csv,payments:PAY_000796
86949.50,2026-01-09T06:39:00+00:00,INR,CUS_74512,2026-01-05T09:30:00+00:00,MCH_ZERO,ORD_000797,"{'amount': '86949.50', 'captured_at': '2026-01-09T06:39:00+00:00'}",PAY_000797,netbanking,REF_000797,payments.csv,payments:PAY_000797
86949.50,2026-01-09T06:48:00+00:00,INR,CUS_74512,2026-01-05T09:30:00+00:00,MCH_ZERO,ORD_000797,"{'amount': '86949.50', 'captured_at': '2026-01-09T06:48:00+00:00'}",PAY_000798,netbanking,REF_000797,payments.csv,payments:PAY_000798
71946.00,2026-01-09T06:50:00+00:00,INR,CUS_14141,2026-01-05T09:30:00+00:00,MCH_HEALTH,ORD_000799,"{'amount': '71946.00', 'captured_at': '2026-01-09T06:50:00+00:00'}",PAY_000799,wallet,REF_000799,payments.csv,payments:PAY_000799
49627.25,2026-01-09T06:52:00+00:00,INR,CUS_70248,2026-01-05T09:30:00+00:00,MCH_CAFE,ORD_000800,"{'amount': '49627.25', 'captured_at': '2026-01-09T06:52:00+00:00'}",PAY_000800,card,REF_000800,payments.csv,payments:PAY_000800
56750.00,2026-01-09T07:15:00+00:00,INR,CUS_50954,2026-01-05T09:30:00+00:00,MCH_SAAS,ORD_000801,"{'amount': '56750.00', 'captured_at': '2026-01-09T07:15:00+00:00'}",PAY_000801,wallet,REF_000801,payments.csv,payments:PAY_000801
88776.25,2026-01-09T07:26:00+00:00,INR,CUS_96517,2026-01-05T09:30:00+00:00,MCH_HEALTH,ORD_000802,"{'amount': '88776.25', 'captured_at': '2026-01-09T07:26:00+00:00'}",PAY_000802,wallet,REF_000802,payments.csv,payments:PAY_000802
20787.50,2026-01-09T07:23:00+00:00,INR,CUS_17305,2026-01-05T09:30:00+00:00,MCH_HEALTH,ORD_000803,"{'amount': '20787.50', 'captured_at': '2026-01-09T07:23:00+00:00'}",PAY_000803,wallet,REF_000803,payments.csv,payments:PAY_000803
88968.00,2026-01-09T07:22:00+00:00,INR,CUS_47281,2026-01-05T09:30:00+00:00,MCH_HEALTH,ORD_000804,"{'amount': '88968.00', 'captured_at': '2026-01-09T07:22:00+00:00'}",PAY_000804,upi,REF_000804,payments.csv,payments:PAY_000804
46027.75,2026-01-09T07:36:00+00:00,INR,CUS_86541,2026-01-05T09:30:00+00:00,MCH_CAFE,ORD_000805,"{'amount': '46027.75', 'captured_at': '2026-01-09T07:36:00+00:00'}",PAY_000805,wallet,REF_000805,payments.csv,payments:PAY_000805
45538.00,2026-01-09T07:36:00+00:00,INR,CUS_63992,2026-01-05T09:30:00+00:00,MCH_SAAS,ORD_000806,"{'amount': '45538.00', 'captured_at': '2026-01-09T07:36:00+00:00'}",PAY_000806,card,REF_000806,payments.csv,payments:PAY_000806
85245.00,2026-01-09T07:42:00+00:00,INR,CUS_87664,2026-01-05T09:30:00+00:00,MCH_SWIFT,ORD_000807,"{'amount': '85245.00', 'captured_at': '2026-01-09T07:42:00+00:00'}",PAY_000807,netbanking,REF_000807,payments.csv,payments:PAY_000807
22553.00,2026-01-09T07:50:00+00:00,INR,CUS_80571,2026-01-05T09:30:00+00:00,MCH_CAFE,ORD_000808,"{'amount': '22553.00', 'captured_at': '2026-01-09T07:50:00+00:00'}",PAY_000808,wallet,REF_000808,payments.csv,payments:PAY_000808
67770.25,2026-01-09T08:09:00+00:00,INR,CUS_44946,2026-01-05T09:30:00+00:00,MCH_HEALTH,ORD_000809,"{'amount': '67770.25', 'captured_at': '2026-01-09T08:09:00+00:00'}",PAY_000809,upi,REF_000809,payments.csv,payments:PAY_000809
75057.25,2026-01-09T08:08:00+00:00,INR,CUS_52260,2026-01-05T09:30:00+00:00,MCH_SAAS,ORD_000810,"{'amount': '75057.25', 'captured_at': '2026-01-09T08:08:00+00:00'}",PAY_000810,wallet,REF_000810,payments.csv,payments:PAY_000810
88788.00,2026-01-09T08:27:00+00:00,INR,CUS_54035,2026-01-05T09:30:00+00:00,MCH_TRAVEL,ORD_000811,"{'amount': '88788.00', 'captured_at': '2026-01-09T08:27:00+00:00'}",PAY_000811,netbanking,REF_000811,payments.csv,payments:PAY_000811
39558.00,2026-01-09T08:31:00+00:00,INR,CUS_67146,2026-01-05T09:30:00+00:00,MCH_HEALTH,ORD_000812,"{'amount': '39558.00', 'captured_at': '2026-01-09T08:31:00+00:00'}",PAY_000812,upi,REF_000812,payments.csv,payments:PAY_000812
35054.00,2026-01-09T08:38:00+00:00,INR,CUS_48970,2026-01-05T09:30:00+00:00,MCH_CAFE,ORD_000813,"{'amount': '35054.00', 'captured_at': '2026-01-09T08:38:00+00:00'}",PAY_000813,card,REF_000813,payments.csv,payments:PAY_000813
76084.00,2026-01-09T08:39:00+00:00,INR,CUS_87576,2026-01-05T09:30:00+00:00,MCH_TRAVEL,ORD_000814,"{'amount': '76084.00', 'captured_at': '2026-01-09T08:39:00+00:00'}",PAY_000814,upi,REF_000814,payments.csv,payments:PAY_000814
27790.00,2026-01-09T08:50:00+00:00,INR,CUS_20048,2026-01-05T09:30:00+00:00,MCH_SAAS,ORD_000815,"{'amount': '27790.00', 'captured_at': '2026-01-09T08:50:00+00:00'}",PAY_000815,netbanking,REF_000815,payments.csv,payments:PAY_000815
71072.00,2026-01-09T08:58:00+00:00,INR,CUS_36224,2026-01-05T09:30:00+00:00,MCH_TRAVEL,ORD_000816,"{'amount': '71072.00', 'captured_at': '2026-01-09T08:58:00+00:00'}",PAY_000816,netbanking,REF_000816,payments.csv,payments:PAY_000816
72070.00,2026-01-09T09:11:00+00:00,INR,CUS_12438,2026-01-05T09:30:00+00:00,MCH_TRAVEL,ORD_000817,"{'amount': '72070.00', 'captured_at': '2026-01-09T09:11:00+00:00'}",PAY_000817,card,REF_000817,payments.csv,payments:PAY_000817
83914.50,2026-01-09T09:01:00+00:00,INR,CUS_90533,2026-01-05T09:30:00+00:00,MCH_CAFE,ORD_000818,"{'amount': '83914.50', 'captured_at': '2026-01-09T09:01:00+00:00'}",PAY_000818,card,REF_000818,payments.csv,payments:PAY_000818
19665.00,2026-01-09T09:18:00+00:00,INR,CUS_29722,2026-01-05T09:30:00+00:00,MCH_SAAS,ORD_000819,"{'amount': '19665.00', 'captured_at': '2026-01-09T09:18:00+00:00'}",PAY_000819,wallet,REF_000819,payments.csv,payments:PAY_000819
26980.25,2026-01-09T09:18:00+00:00,INR,CUS_44987,2026-01-05T09:30:00+00:00,MCH_TRAVEL,ORD_000820,"{'amount': '26980.25', 'captured_at': '2026-01-09T09:18:00+00:00'}",PAY_000820,netbanking,REF_000820,payments.csv,payments:PAY_000820
15184.00,2026-01-09T09:25:00+00:00,INR,CUS_35154,2026-01-05T09:30:00+00:00,MCH_SWIFT,ORD_000821,"{'amount': '15184.00', 'captured_at': '2026-01-09T09:25:00+00:00'}",PAY_000821,netbanking,REF_000821,payments.csv,payments:PAY_000821
85093.00,2026-01-09T09:34:00+00:00,INR,CUS_36475,2026-01-05T09:30:00+00:00,MCH_SAAS,ORD_000822,"{'amount': '85093.00', 'captured_at': '2026-01-09T09:34:00+00:00'}",PAY_000822,card,REF_000822,payments.csv,payments:PAY_000822
36708.75,2026-01-09T09:34:00+00:00,INR,CUS_82182,2026-01-05T09:30:00+00:00,MCH_CAFE,ORD_000823,"{'amount': '36708.75', 'captured_at': '2026-01-09T09:34:00+00:00'}",PAY_000823,wallet,REF_000823,payments.csv,payments:PAY_000823
11300.00,2026-01-09T09:43:00+00:00,INR,CUS_88852,2026-01-05T09:30:00+00:00,MCH_ZERO,ORD_000824,"{'amount': '11300.00', 'captured_at': '2026-01-09T09:43:00+00:00'}",PAY_000824,wallet,REF_000824,payments.csv,payments:PAY_000824
18723.00,2026-01-09T10:06:00+00:00,INR,CUS_24671,2026-01-05T09:30:00+00:00,MCH_SAAS,ORD_000825,"{'amount': '18723.00', 'captured_at': '2026-01-09T10:06:00+00:00'}",PAY_000825,upi,REF_000825,payments.csv,payments:PAY_000825
31505.50,2026-01-09T10:05:00+00:00,INR,CUS_26027,2026-01-05T09:30:00+00:00,MCH_ZERO,ORD_000826,"{'amount': '31505.50', 'captured_at': '2026-01-09T10:05:00+00:00'}",PAY_000826,wallet,REF_000826,payments.csv,payments:PAY_000826
28874.00,2026-01-09T10:07:00+00:00,INR,CUS_24000,2026-01-05T09:30:00+00:00,MCH_SAAS,ORD_000827,"{'amount': '28874.00', 'captured_at': '2026-01-09T10:07:00+00:00'}",PAY_000827,netbanking,REF_000827,payments.csv,payments:PAY_000827
33632.50,2026-01-09T10:27:00+00:00,INR,CUS_17330,2026-01-05T09:30:00+00:00,MCH_SAAS,ORD_000828,"{'amount': '33632.50', 'captured_at': '2026-01-09T10:27:00+00:00'}",PAY_000828,netbanking,REF_000828,payments.csv,payments:PAY_000828
71831.25,2026-01-09T10:26:00+00:00,INR,CUS_72240,2026-01-05T09:30:00+00:00,MCH_CAFE,ORD_000829,"{'amount': '71831.25', 'captured_at': '2026-01-09T10:26:00+00:00'}",PAY_000829,netbanking,REF_000829,payments.csv,payments:PAY_000829
62588.75,2026-01-09T10:23:00+00:00,INR,CUS_58200,2026-01-05T09:30:00+00:00,MCH_CAFE,ORD_000830,"{'amount': '62588.75', 'captured_at': '2026-01-09T10:23:00+00:00'}",PAY_000830,upi,REF_000830,payments.csv,payments:PAY_000830
88327.00,2026-01-09T10:44:00+00:00,INR,CUS_43158,2026-01-05T09:30:00+00:00,MCH_TRAVEL,ORD_000831,"{'amount': '88327.00', 'captured_at': '2026-01-09T10:44:00+00:00'}",PAY_000831,netbanking,REF_000831,payments.csv,payments:PAY_000831
16297.50,2026-01-09T10:50:00+00:00,INR,CUS_40983,2026-01-05T09:30:00+00:00,MCH_TRAVEL,ORD_000832,"{'amount': '16297.50', 'captured_at': '2026-01-09T10:50:00+00:00'}",PAY_000832,upi,REF_000832,payments.csv,payments:PAY_000832
39738.00,2026-01-09T10:50:00+00:00,INR,CUS_40862,2026-01-05T09:30:00+00:00,MCH_CAFE,ORD_000833,"{'amount': '39738.00', 'captured_at': '2026-01-09T10:50:00+00:00'}",PAY_000833,card,REF_000833,payments.csv,payments:PAY_000833
41873.75,2026-01-09T10:57:00+00:00,INR,CUS_63253,2026-01-05T09:30:00+00:00,MCH_TRAVEL,ORD_000834,"{'amount': '41873.75', 'captured_at': '2026-01-09T10:57:00+00:00'}",PAY_000834,upi,REF_000834,payments.csv,payments:PAY_000834
54427.00,2026-01-09T11:01:00+00:00,INR,CUS_65360,2026-01-05T09:30:00+00:00,MCH_SAAS,ORD_000835,"{'amount': '54427.00', 'captured_at': '2026-01-09T11:01:00+00:00'}",PAY_000835,netbanking,REF_000835,payments.csv,payments:PAY_000835
72091.75,2026-01-09T11:06:00+00:00,INR,CUS_52830,2026-01-05T09:30:00+00:00,MCH_HEALTH,ORD_000836,"{'amount': '72091.75', 'captured_at': '2026-01-09T11:06:00+00:00'}",PAY_000836,upi,REF_000836,payments.csv,payments:PAY_000836
58417.75,2026-01-09T11:22:00+00:00,INR,CUS_27837,2026-01-05T09:30:00+00:00,MCH_TRAVEL,ORD_000837,"{'amount': '58417.75', 'captured_at': '2026-01-09T11:22:00+00:00'}",PAY_000837,card,REF_000837,payments.csv,payments:PAY_000837
75772.00,2026-01-09T11:25:00+00:00,INR,CUS_24526,2026-01-05T09:30:00+00:00,MCH_CAFE,ORD_000838,"{'amount': '75772.00', 'captured_at': '2026-01-09T11:25:00+00:00'}",PAY_000838,card,REF_000838,payments.csv,payments:PAY_000838
59477.25,2026-01-09T11:31:00+00:00,INR,CUS_27499,2026-01-05T09:30:00+00:00,MCH_CAFE,ORD_000839,"{'amount': '59477.25', 'captured_at': '2026-01-09T11:31:00+00:00'}",PAY_000839,netbanking,REF_000839,payments.csv,payments:PAY_000839
11362.25,2026-01-09T11:44:00+00:00,INR,CUS_58182,2026-01-05T09:30:00+00:00,MCH_SWIFT,ORD_000840,"{'amount': '11362.25', 'captured_at': '2026-01-09T11:44:00+00:00'}",PAY_000840,wallet,REF_000840,payments.csv,payments:PAY_000840
3310.50,2026-01-09T11:49:00+00:00,INR,CUS_94817,2026-01-05T09:30:00+00:00,MCH_ZERO,ORD_000841,"{'amount': '3310.50', 'captured_at': '2026-01-09T11:49:00+00:00'}",PAY_000841,upi,REF_000841,payments.csv,payments:PAY_000841
34612.75,2026-01-09T11:57:00+00:00,INR,CUS_32119,2026-01-05T09:30:00+00:00,MCH_SWIFT,ORD_000842,"{'amount': '34612.75', 'captured_at': '2026-01-09T11:57:00+00:00'}",PAY_000842,wallet,REF_000842,payments.csv,payments:PAY_000842
22598.50,2026-01-09T12:08:00+00:00,INR,CUS_25381,2026-01-05T09:30:00+00:00,MCH_CAFE,ORD_000843,"{'amount': '22598.50', 'captured_at': '2026-01-09T12:08:00+00:00'}",PAY_000843,wallet,REF_000843,payments.csv,payments:PAY_000843
65069.00,2026-01-09T12:10:00+00:00,INR,CUS_39423,2026-01-05T09:30:00+00:00,MCH_TRAVEL,ORD_000844,"{'amount': '65069.00', 'captured_at': '2026-01-09T12:10:00+00:00'}",PAY_000844,card,REF_000844,payments.csv,payments:PAY_000844
17365.25,2026-01-09T12:16:00+00:00,INR,CUS_37080,2026-01-05T09:30:00+00:00,MCH_SAAS,ORD_000845,"{'amount': '17365.25', 'captured_at': '2026-01-09T12:16:00+00:00'}",PAY_000845,netbanking,REF_000845,payments.csv,payments:PAY_000845
4071.00,2026-01-09T12:28:00+00:00,INR,CUS_44314,2026-01-05T09:30:00+00:00,MCH_SWIFT,ORD_000846,"{'amount': '4071.00', 'captured_at': '2026-01-09T12:28:00+00:00'}",PAY_000846,card,REF_000846,payments.csv,payments:PAY_000846
11537.00,2026-01-09T12:31:00+00:00,INR,CUS_71457,2026-01-05T09:30:00+00:00,MCH_SAAS,ORD_000847,"{'amount': '11537.00', 'captured_at': '2026-01-09T12:31:00+00:00'}",PAY_000847,wallet,REF_000847,payments.csv,payments:PAY_000847
50565.75,2026-01-09T12:40:00+00:00,INR,CUS_65481,2026-01-05T09:30:00+00:00,MCH_TRAVEL,ORD_000848,"{'amount': '50565.75', 'captured_at': '2026-01-09T12:40:00+00:00'}",PAY_000848,upi,REF_000848,payments.csv,payments:PAY_000848
8000.00,2026-01-09T12:50:00+00:00,INR,CUS_53628,2026-01-05T09:30:00+00:00,MCH_HEALTH,ORD_000849,"{'amount': '8000.00', 'captured_at': '2026-01-09T12:50:00+00:00'}",PAY_000849,netbanking,REF_000849,payments.csv,payments:PAY_000849
33547.50,2026-01-09T12:53:00+00:00,INR,CUS_91219,2026-01-05T09:30:00+00:00,MCH_ZERO,ORD_000850,"{'amount': '33547.50', 'captured_at': '2026-01-09T12:53:00+00:00'}",PAY_000850,wallet,REF_000850,payments.csv,payments:PAY_000850
23810.00,2026-01-09T13:07:00+00:00,INR,CUS_32264,2026-01-05T09:30:00+00:00,MCH_HEALTH,ORD_000851,"{'amount': '23810.00', 'captured_at': '2026-01-09T13:07:00+00:00'}",PAY_000851,netbanking,REF_000851,payments.csv,payments:PAY_000851
12050.00,2026-01-09T13:02:00+00:00,INR,CUS_79523,2026-01-05T09:30:00+00:00,MCH_SWIFT,ORD_000852,"{'amount': '12050.00', 'captured_at': '2026-01-09T13:02:00+00:00'}",PAY_000852,netbanking,REF_000852,payments.csv,payments:PAY_000852
6088.00,2026-01-09T13:15:00+00:00,INR,CUS_75432,2026-01-05T09:30:00+00:00,MCH_CAFE,ORD_000853,"{'amount': '6088.00', 'captured_at': '2026-01-09T13:15:00+00:00'}",PAY_000853,wallet,REF_000853,payments.csv,payments:PAY_000853
80638.00,2026-01-09T13:24:00+00:00,INR,CUS_77760,2026-01-05T09:30:00+00:00,MCH_CAFE,ORD_000854,"{'amount': '80638.00', 'captured_at': '2026-01-09T13:24:00+00:00'}",PAY_000854,card,REF_000854,payments.csv,payments:PAY_000854
80638.00,2026-01-09T13:26:00+00:00,INR,CUS_77760,2026-01-05T09:30:00+00:00,MCH_CAFE,ORD_000854,"{'amount': '80638.00', 'captured_at': '2026-01-09T13:26:00+00:00'}",PAY_000855,card,REF_000854,payments.csv,payments:PAY_000855
25062.00,2026-01-09T13:29:00+00:00,INR,CUS_17152,2026-01-05T09:30:00+00:00,MCH_ZERO,ORD_000856,"{'amount': '25062.00', 'captured_at': '2026-01-09T13:29:00+00:00'}",PAY_000856,upi,REF_000856,payments.csv,payments:PAY_000856
61528.25,2026-01-09T13:34:00+00:00,INR,CUS_25207,2026-01-05T09:30:00+00:00,MCH_TRAVEL,ORD_000857,"{'amount': '61528.25', 'captured_at': '2026-01-09T13:34:00+00:00'}",PAY_000857,wallet,REF_000857,payments.csv,payments:PAY_000857
64916.00,2026-01-09T13:48:00+00:00,INR,CUS_29405,2026-01-05T09:30:00+00:00,MCH_SAAS,ORD_000858,"{'amount': '64916.00', 'captured_at': '2026-01-09T13:48:00+00:00'}",PAY_000858,upi,REF_000858,payments.csv,payments:PAY_000858
23978.00,2026-01-09T13:52:00+00:00,INR,CUS_76681,2026-01-05T09:30:00+00:00,MCH_CAFE,ORD_000859,"{'amount': '23978.00', 'captured_at': '2026-01-09T13:52:00+00:00'}",PAY_000859,upi,REF_000859,payments.csv,payments:PAY_000859
10370.00,2026-01-09T13:59:00+00:00,INR,CUS_75288,2026-01-05T09:30:00+00:00,MCH_SAAS,ORD_000860,"{'amount': '10370.00', 'captured_at': '2026-01-09T13:59:00+00:00'}",PAY_000860,netbanking,REF_000860,payments.csv,payments:PAY_000860
89600.75,2026-01-09T14:12:00+00:00,INR,CUS_25989,2026-01-05T09:30:00+00:00,MCH_CAFE,ORD_000861,"{'amount': '89600.75', 'captured_at': '2026-01-09T14:12:00+00:00'}",PAY_000861,upi,REF_000861,payments.csv,payments:PAY_000861
4084.00,2026-01-09T14:25:00+00:00,INR,CUS_70323,2026-01-05T09:30:00+00:00,MCH_SWIFT,ORD_000862,"{'amount': '4084.00', 'captured_at': '2026-01-09T14:25:00+00:00'}",PAY_000862,wallet,REF_000862,payments.csv,payments:PAY_000862
86546.00,2026-01-09T14:26:00+00:00,INR,CUS_53178,2026-01-05T09:30:00+00:00,MCH_HEALTH,ORD_000863,"{'amount': '86546.00', 'captured_at': '2026-01-09T14:26:00+00:00'}",PAY_000863,netbanking,REF_000863,payments.csv,payments:PAY_000863
86546.00,2026-01-09T14:18:00+00:00,INR,CUS_53178,2026-01-05T09:30:00+00:00,MCH_HEALTH,ORD_000863,"{'amount': '86546.00', 'captured_at': '2026-01-09T14:18:00+00:00'}",PAY_000864,upi,REF_000863,payments.csv,payments:PAY_000864
7579.75,2026-01-09T14:42:00+00:00,INR,CUS_19269,2026-01-05T09:30:00+00:00,MCH_CAFE,ORD_000865,"{'amount': '7579.75', 'captured_at': '2026-01-09T14:42:00+00:00'}",PAY_000865,upi,REF_000865,payments.csv,payments:PAY_000865
23632.00,2026-01-09T14:33:00+00:00,INR,CUS_62286,2026-01-05T09:30:00+00:00,MCH_CAFE,ORD_000866,"{'amount': '23632.00', 'captured_at': '2026-01-09T14:33:00+00:00'}",PAY_000866,card,REF_000866,payments.csv,payments:PAY_000866
85125.75,2026-01-09T14:49:00+00:00,INR,CUS_30202,2026-01-05T09:30:00+00:00,MCH_CAFE,ORD_000867,"{'amount': '85125.75', 'captured_at': '2026-01-09T14:49:00+00:00'}",PAY_000867,wallet,REF_000867,payments.csv,payments:PAY_000867
40945.75,2026-01-09T14:59:00+00:00,INR,CUS_89103,2026-01-05T09:30:00+00:00,MCH_TRAVEL,ORD_000868,"{'amount': '40945.75', 'captured_at': '2026-01-09T14:59:00+00:00'}",PAY_000868,upi,REF_000868,payments.csv,payments:PAY_000868
26497.25,2026-01-09T15:12:00+00:00,INR,CUS_68385,2026-01-05T09:30:00+00:00,MCH_HEALTH,ORD_000869,"{'amount': '26497.25', 'captured_at': '2026-01-09T15:12:00+00:00'}",PAY_000869,netbanking,REF_000869,payments.csv,payments:PAY_000869
55682.00,2026-01-09T15:15:00+00:00,INR,CUS_90460,2026-01-05T09:30:00+00:00,MCH_ZERO,ORD_000870,"{'amount': '55682.00', 'captured_at': '2026-01-09T15:15:00+00:00'}",PAY_000870,wallet,REF_000870,payments.csv,payments:PAY_000870
67584.00,2026-01-09T15:20:00+00:00,INR,CUS_70755,2026-01-05T09:30:00+00:00,MCH_ZERO,ORD_000871,"{'amount': '67584.00', 'captured_at': '2026-01-09T15:20:00+00:00'}",PAY_000871,card,REF_000871,payments.csv,payments:PAY_000871
82817.75,2026-01-09T15:24:00+00:00,INR,CUS_78770,2026-01-05T09:30:00+00:00,MCH_HEALTH,ORD_000872,"{'amount': '82817.75', 'captured_at': '2026-01-09T15:24:00+00:00'}",PAY_000872,wallet,REF_000872,payments.csv,payments:PAY_000872
19778.00,2026-01-09T15:31:00+00:00,INR,CUS_99694,2026-01-05T09:30:00+00:00,MCH_CAFE,ORD_000873,"{'amount': '19778.00', 'captured_at': '2026-01-09T15:31:00+00:00'}",PAY_000873,wallet,REF_000873,payments.csv,payments:PAY_000873
6555.50,2026-01-09T15:45:00+00:00,INR,CUS_20031,2026-01-05T09:30:00+00:00,MCH_HEALTH,ORD_000874,"{'amount': '6555.50', 'captured_at': '2026-01-09T15:45:00+00:00'}",PAY_000874,upi,REF_000874,payments.csv,payments:PAY_000874
12684.25,2026-01-09T15:49:00+00:00,INR,CUS_96619,2026-01-05T09:30:00+00:00,MCH_SAAS,ORD_000875,"{'amount': '12684.25', 'captured_at': '2026-01-09T15:49:00+00:00'}",PAY_000875,netbanking,REF_000875,payments.csv,payments:PAY_000875
11017.50,2026-01-09T15:57:00+00:00,INR,CUS_12132,2026-01-05T09:30:00+00:00,MCH_HEALTH,ORD_000876,"{'amount': '11017.50', 'captured_at': '2026-01-09T15:57:00+00:00'}",PAY_000876,card,REF_000876,payments.csv,payments:PAY_000876
6232.00,2026-01-09T16:04:00+00:00,INR,CUS_64558,2026-01-05T09:30:00+00:00,MCH_SAAS,ORD_000877,"{'amount': '6232.00', 'captured_at': '2026-01-09T16:04:00+00:00'}",PAY_000877,netbanking,REF_000877,payments.csv,payments:PAY_000877
6232.00,2026-01-09T16:09:00+00:00,INR,CUS_64558,2026-01-05T09:30:00+00:00,MCH_SAAS,ORD_000877,"{'amount': '6232.00', 'captured_at': '2026-01-09T16:09:00+00:00'}",PAY_000878,netbanking,REF_000877,payments.csv,payments:PAY_000878
27965.00,2026-01-09T16:17:00+00:00,INR,CUS_20252,2026-01-05T09:30:00+00:00,MCH_SWIFT,ORD_000879,"{'amount': '27965.00', 'captured_at': '2026-01-09T16:17:00+00:00'}",PAY_000879,upi,REF_000879,payments.csv,payments:PAY_000879
2648.00,2026-01-09T16:11:00+00:00,INR,CUS_61764,2026-01-05T09:30:00+00:00,MCH_HEALTH,ORD_000880,"{'amount': '2648.00', 'captured_at': '2026-01-09T16:11:00+00:00'}",PAY_000880,card,REF_000880,payments.csv,payments:PAY_000880
53396.75,2026-01-09T16:38:00+00:00,INR,CUS_88890,2026-01-05T09:30:00+00:00,MCH_SAAS,ORD_000881,"{'amount': '53396.75', 'captured_at': '2026-01-09T16:38:00+00:00'}",PAY_000881,netbanking,REF_000881,payments.csv,payments:PAY_000881
88616.75,2026-01-09T16:37:00+00:00,INR,CUS_98487,2026-01-05T09:30:00+00:00,MCH_TRAVEL,ORD_000882,"{'amount': '88616.75', 'captured_at': '2026-01-09T16:37:00+00:00'}",PAY_000882,upi,REF_000882,payments.csv,payments:PAY_000882
2118.00,2026-01-09T16:38:00+00:00,INR,CUS_24668,2026-01-05T09:30:00+00:00,MCH_SWIFT,ORD_000883,"{'amount': '2118.00', 'captured_at': '2026-01-09T16:38:00+00:00'}",PAY_000883,upi,REF_000883,payments.csv,payments:PAY_000883
85316.00,2026-01-09T16:53:00+00:00,INR,CUS_95162,2026-01-05T09:30:00+00:00,MCH_SAAS,ORD_000884,"{'amount': '85316.00', 'captured_at': '2026-01-09T16:53:00+00:00'}",PAY_000884,card,REF_000884,payments.csv,payments:PAY_000884
85316.00,2026-01-09T16:44:00+00:00,INR,CUS_95162,2026-01-05T09:30:00+00:00,MCH_SAAS,ORD_000884,"{'amount': '85316.00', 'captured_at': '2026-01-09T16:44:00+00:00'}",PAY_000885,wallet,REF_000884,payments.csv,payments:PAY_000885
15564.00,2026-01-09T17:12:00+00:00,INR,CUS_29978,2026-01-05T09:30:00+00:00,MCH_ZERO,ORD_000886,"{'amount': '15564.00', 'captured_at': '2026-01-09T17:12:00+00:00'}",PAY_000886,wallet,REF_000886,payments.csv,payments:PAY_000886
59218.50,2026-01-09T17:10:00+00:00,INR,CUS_41801,2026-01-05T09:30:00+00:00,MCH_ZERO,ORD_000887,"{'amount': '59218.50', 'captured_at': '2026-01-09T17:10:00+00:00'}",PAY_000887,wallet,REF_000887,payments.csv,payments:PAY_000887
1332.00,2026-01-09T17:25:00+00:00,INR,CUS_92629,2026-01-05T09:30:00+00:00,MCH_CAFE,ORD_000888,"{'amount': '1332.00', 'captured_at': '2026-01-09T17:25:00+00:00'}",PAY_000888,wallet,REF_000888,payments.csv,payments:PAY_000888
76146.50,2026-01-09T17:17:00+00:00,INR,CUS_82653,2026-01-05T09:30:00+00:00,MCH_TRAVEL,ORD_000889,"{'amount': '76146.50', 'captured_at': '2026-01-09T17:17:00+00:00'}",PAY_000889,wallet,REF_000889,payments.csv,payments:PAY_000889
67586.50,2026-01-09T17:41:00+00:00,INR,CUS_90149,2026-01-05T09:30:00+00:00,MCH_SAAS,ORD_000890,"{'amount': '67586.50', 'captured_at': '2026-01-09T17:41:00+00:00'}",PAY_000890,card,REF_000890,payments.csv,payments:PAY_000890
2792.25,2026-01-09T17:47:00+00:00,INR,CUS_85550,2026-01-05T09:30:00+00:00,MCH_HEALTH,ORD_000891,"{'amount': '2792.25', 'captured_at': '2026-01-09T17:47:00+00:00'}",PAY_000891,upi,REF_000891,payments.csv,payments:PAY_000891
54975.25,2026-01-09T17:49:00+00:00,INR,CUS_25327,2026-01-05T09:30:00+00:00,MCH_TRAVEL,ORD_000892,"{'amount': '54975.25', 'captured_at': '2026-01-09T17:49:00+00:00'}",PAY_000892,wallet,REF_000892,payments.csv,payments:PAY_000892
21446.00,2026-01-09T17:56:00+00:00,INR,CUS_35192,2026-01-05T09:30:00+00:00,MCH_ZERO,ORD_000893,"{'amount': '21446.00', 'captured_at': '2026-01-09T17:56:00+00:00'}",PAY_000893,wallet,REF_000893,payments.csv,payments:PAY_000893
29096.50,2026-01-09T18:05:00+00:00,INR,CUS_99780,2026-01-05T09:30:00+00:00,MCH_HEALTH,ORD_000894,"{'amount': '29096.50', 'captured_at': '2026-01-09T18:05:00+00:00'}",PAY_000894,card,REF_000894,payments.csv,payments:PAY_000894
88525.75,2026-01-09T18:04:00+00:00,INR,CUS_57219,2026-01-05T09:30:00+00:00,MCH_SAAS,ORD_000895,"{'amount': '88525.75', 'captured_at': '2026-01-09T18:04:00+00:00'}",PAY_000895,card,REF_000895,payments.csv,payments:PAY_000895
11597.75,2026-01-09T18:09:00+00:00,INR,CUS_73293,2026-01-05T09:30:00+00:00,MCH_TRAVEL,ORD_000896,"{'amount': '11597.75', 'captured_at': '2026-01-09T18:09:00+00:00'}",PAY_000896,card,REF_000896,payments.csv,payments:PAY_000896
64811.00,2026-01-09T18:22:00+00:00,INR,CUS_64523,2026-01-05T09:30:00+00:00,MCH_HEALTH,ORD_000897,"{'amount': '64811.00', 'captured_at': '2026-01-09T18:22:00+00:00'}",PAY_000897,card,REF_000897,payments.csv,payments:PAY_000897
6466.00,2026-01-09T18:30:00+00:00,INR,CUS_57026,2026-01-05T09:30:00+00:00,MCH_HEALTH,ORD_000898,"{'amount': '6466.00', 'captured_at': '2026-01-09T18:30:00+00:00'}",PAY_000898,card,REF_000898,payments.csv,payments:PAY_000898
4490.00,2026-01-09T18:30:00+00:00,INR,CUS_54267,2026-01-05T09:30:00+00:00,MCH_HEALTH,ORD_000899,"{'amount': '4490.00', 'captured_at': '2026-01-09T18:30:00+00:00'}",PAY_000899,card,REF_000899,payments.csv,payments:PAY_000899
29672.25,2026-01-09T18:44:00+00:00,INR,CUS_43793,2026-01-05T09:30:00+00:00,MCH_HEALTH,ORD_000900,"{'amount': '29672.25', 'captured_at': '2026-01-09T18:44:00+00:00'}",PAY_000900,upi,REF_000900,payments.csv,payments:PAY_000900
67852.50,2026-01-09T18:39:00+00:00,INR,CUS_97750,2026-01-05T09:30:00+00:00,MCH_SWIFT,ORD_000901,"{'amount': '67852.50', 'captured_at': '2026-01-09T18:39:00+00:00'}",PAY_000901,wallet,REF_000901,payments.csv,payments:PAY_000901
14179.50,2026-01-09T19:02:00+00:00,INR,CUS_89908,2026-01-05T09:30:00+00:00,MCH_ZERO,ORD_000902,"{'amount': '14179.50', 'captured_at': '2026-01-09T19:02:00+00:00'}",PAY_000902,upi,REF_000902,payments.csv,payments:PAY_000902
82865.00,2026-01-09T18:59:00+00:00,INR,CUS_36920,2026-01-05T09:30:00+00:00,MCH_SWIFT,ORD_000903,"{'amount': '82865.00', 'captured_at': '2026-01-09T18:59:00+00:00'}",PAY_000903,netbanking,REF_000903,payments.csv,payments:PAY_000903
13314.00,2026-01-09T19:11:00+00:00,INR,CUS_94815,2026-01-05T09:30:00+00:00,MCH_SAAS,ORD_000904,"{'amount': '13314.00', 'captured_at': '2026-01-09T19:11:00+00:00'}",PAY_000904,card,REF_000904,payments.csv,payments:PAY_000904
57854.25,2026-01-09T19:22:00+00:00,INR,CUS_10863,2026-01-05T09:30:00+00:00,MCH_SWIFT,ORD_000905,"{'amount': '57854.25', 'captured_at': '2026-01-09T19:22:00+00:00'}",PAY_000905,netbanking,REF_000905,payments.csv,payments:PAY_000905
22747.00,2026-01-09T19:28:00+00:00,INR,CUS_44867,2026-01-05T09:30:00+00:00,MCH_HEALTH,ORD_000906,"{'amount': '22747.00', 'captured_at': '2026-01-09T19:28:00+00:00'}",PAY_000906,netbanking,REF_000906,payments.csv,payments:PAY_000906
69722.25,2026-01-09T19:34:00+00:00,INR,CUS_39908,2026-01-05T09:30:00+00:00,MCH_SWIFT,ORD_000907,"{'amount': '69722.25', 'captured_at': '2026-01-09T19:34:00+00:00'}",PAY_000907,wallet,REF_000907,payments.csv,payments:PAY_000907
58309.00,2026-01-09T19:48:00+00:00,INR,CUS_11303,2026-01-05T09:30:00+00:00,MCH_ZERO,ORD_000908,"{'amount': '58309.00', 'captured_at': '2026-01-09T19:48:00+00:00'}",PAY_000908,upi,REF_000908,payments.csv,payments:PAY_000908
57194.00,2026-01-09T19:38:00+00:00,INR,CUS_61546,2026-01-05T09:30:00+00:00,MCH_SWIFT,ORD_000909,"{'amount': '57194.00', 'captured_at': '2026-01-09T19:38:00+00:00'}",PAY_000909,upi,REF_000909,payments.csv,payments:PAY_000909
52991.75,2026-01-09T19:53:00+00:00,INR,CUS_82562,2026-01-05T09:30:00+00:00,MCH_SAAS,ORD_000910,"{'amount': '52991.75', 'captured_at': '2026-01-09T19:53:00+00:00'}",PAY_000910,netbanking,REF_000910,payments.csv,payments:PAY_000910
69478.50,2026-01-09T20:05:00+00:00,INR,CUS_29249,2026-01-05T09:30:00+00:00,MCH_CAFE,ORD_000911,"{'amount': '69478.50', 'captured_at': '2026-01-09T20:05:00+00:00'}",PAY_000911,wallet,REF_000911,payments.csv,payments:PAY_000911
69478.50,2026-01-09T20:10:00+00:00,INR,CUS_29249,2026-01-05T09:30:00+00:00,MCH_CAFE,ORD_000911,"{'amount': '69478.50', 'captured_at': '2026-01-09T20:10:00+00:00'}",PAY_000912,wallet,REF_000911,payments.csv,payments:PAY_000912
53319.00,2026-01-09T20:03:00+00:00,INR,CUS_49522,2026-01-05T09:30:00+00:00,MCH_TRAVEL,ORD_000913,"{'amount': '53319.00', 'captured_at': '2026-01-09T20:03:00+00:00'}",PAY_000913,netbanking,REF_000913,payments.csv,payments:PAY_000913
16815.50,2026-01-09T20:17:00+00:00,INR,CUS_80882,2026-01-05T09:30:00+00:00,MCH_TRAVEL,ORD_000914,"{'amount': '16815.50', 'captured_at': '2026-01-09T20:17:00+00:00'}",PAY_000914,upi,REF_000914,payments.csv,payments:PAY_000914
3369.00,2026-01-09T20:28:00+00:00,INR,CUS_80770,2026-01-05T09:30:00+00:00,MCH_SWIFT,ORD_000915,"{'amount': '3369.00', 'captured_at': '2026-01-09T20:28:00+00:00'}",PAY_000915,card,REF_000915,payments.csv,payments:PAY_000915
55710.50,2026-01-09T20:29:00+00:00,INR,CUS_24475,2026-01-05T09:30:00+00:00,MCH_TRAVEL,ORD_000916,"{'amount': '55710.50', 'captured_at': '2026-01-09T20:29:00+00:00'}",PAY_000916,netbanking,REF_000916,payments.csv,payments:PAY_000916
66818.00,2026-01-09T20:33:00+00:00,INR,CUS_26228,2026-01-05T09:30:00+00:00,MCH_TRAVEL,ORD_000917,"{'amount': '66818.00', 'captured_at': '2026-01-09T20:33:00+00:00'}",PAY_000917,wallet,REF_000917,payments.csv,payments:PAY_000917
983.25,2026-01-09T20:55:00+00:00,INR,CUS_54430,2026-01-05T09:30:00+00:00,MCH_HEALTH,ORD_000918,"{'amount': '983.25', 'captured_at': '2026-01-09T20:55:00+00:00'}",PAY_000918,card,REF_000918,payments.csv,payments:PAY_000918
37594.75,2026-01-09T20:53:00+00:00,INR,CUS_85073,2026-01-05T09:30:00+00:00,MCH_CAFE,ORD_000919,"{'amount': '37594.75', 'captured_at': '2026-01-09T20:53:00+00:00'}",PAY_000919,wallet,REF_000919,payments.csv,payments:PAY_000919
43271.50,2026-01-09T21:03:00+00:00,INR,CUS_86332,2026-01-05T09:30:00+00:00,MCH_ZERO,ORD_000920,"{'amount': '43271.50', 'captured_at': '2026-01-09T21:03:00+00:00'}",PAY_000920,wallet,REF_000920,payments.csv,payments:PAY_000920
11040.00,2026-01-09T21:05:00+00:00,INR,CUS_18151,2026-01-05T09:30:00+00:00,MCH_SAAS,ORD_000921,"{'amount': '11040.00', 'captured_at': '2026-01-09T21:05:00+00:00'}",PAY_000921,wallet,REF_000921,payments.csv,payments:PAY_000921
10533.00,2026-01-09T21:21:00+00:00,INR,CUS_98712,2026-01-05T09:30:00+00:00,MCH_SAAS,ORD_000922,"{'amount': '10533.00', 'captured_at': '2026-01-09T21:21:00+00:00'}",PAY_000922,wallet,REF_000922,payments.csv,payments:PAY_000922
57982.75,2026-01-09T21:30:00+00:00,INR,CUS_74165,2026-01-05T09:30:00+00:00,MCH_SAAS,ORD_000923,"{'amount': '57982.75', 'captured_at': '2026-01-09T21:30:00+00:00'}",PAY_000923,card,REF_000923,payments.csv,payments:PAY_000923
57982.75,2026-01-09T21:33:00+00:00,INR,CUS_74165,2026-01-05T09:30:00+00:00,MCH_SAAS,ORD_000923,"{'amount': '57982.75', 'captured_at': '2026-01-09T21:33:00+00:00'}",PAY_000924,card,REF_000923,payments.csv,payments:PAY_000924
60293.00,2026-01-09T21:33:00+00:00,INR,CUS_77264,2026-01-05T09:30:00+00:00,MCH_TRAVEL,ORD_000925,"{'amount': '60293.00', 'captured_at': '2026-01-09T21:33:00+00:00'}",PAY_000925,card,REF_000925,payments.csv,payments:PAY_000925
4573.75,2026-01-09T21:48:00+00:00,INR,CUS_30557,2026-01-05T09:30:00+00:00,MCH_SAAS,ORD_000926,"{'amount': '4573.75', 'captured_at': '2026-01-09T21:48:00+00:00'}",PAY_000926,upi,REF_000926,payments.csv,payments:PAY_000926
16142.00,2026-01-09T21:43:00+00:00,INR,CUS_84942,2026-01-05T09:30:00+00:00,MCH_ZERO,ORD_000927,"{'amount': '16142.00', 'captured_at': '2026-01-09T21:43:00+00:00'}",PAY_000927,card,REF_000927,payments.csv,payments:PAY_000927
40267.00,2026-01-09T22:04:00+00:00,INR,CUS_49748,2026-01-05T09:30:00+00:00,MCH_CAFE,ORD_000928,"{'amount': '40267.00', 'captured_at': '2026-01-09T22:04:00+00:00'}",PAY_000928,upi,REF_000928,payments.csv,payments:PAY_000928
77583.25,2026-01-09T22:05:00+00:00,INR,CUS_16376,2026-01-05T09:30:00+00:00,MCH_SWIFT,ORD_000929,"{'amount': '77583.25', 'captured_at': '2026-01-09T22:05:00+00:00'}",PAY_000929,card,REF_000929,payments.csv,payments:PAY_000929
16333.50,2026-01-09T22:02:00+00:00,INR,CUS_55698,2026-01-05T09:30:00+00:00,MCH_ZERO,ORD_000930,"{'amount': '16333.50', 'captured_at': '2026-01-09T22:02:00+00:00'}",PAY_000930,wallet,REF_000930,payments.csv,payments:PAY_000930
40893.50,2026-01-09T22:22:00+00:00,INR,CUS_69293,2026-01-05T09:30:00+00:00,MCH_HEALTH,ORD_000931,"{'amount': '40893.50', 'captured_at': '2026-01-09T22:22:00+00:00'}",PAY_000931,wallet,REF_000931,payments.csv,payments:PAY_000931
66460.75,2026-01-09T22:32:00+00:00,INR,CUS_70415,2026-01-05T09:30:00+00:00,MCH_SWIFT,ORD_000932,"{'amount': '66460.75', 'captured_at': '2026-01-09T22:32:00+00:00'}",PAY_000932,card,REF_000932,payments.csv,payments:PAY_000932
87397.50,2026-01-09T22:32:00+00:00,INR,CUS_63690,2026-01-05T09:30:00+00:00,MCH_HEALTH,ORD_000933,"{'amount': '87397.50', 'captured_at': '2026-01-09T22:32:00+00:00'}",PAY_000933,wallet,REF_000933,payments.csv,payments:PAY_000933
6305.75,2026-01-09T22:42:00+00:00,INR,CUS_68077,2026-01-05T09:30:00+00:00,MCH_HEALTH,ORD_000934,"{'amount': '6305.75', 'captured_at': '2026-01-09T22:42:00+00:00'}",PAY_000934,upi,REF_000934,payments.csv,payments:PAY_000934
3551.50,2026-01-09T22:50:00+00:00,INR,CUS_92589,2026-01-05T09:30:00+00:00,MCH_TRAVEL,ORD_000935,"{'amount': '3551.50', 'captured_at': '2026-01-09T22:50:00+00:00'}",PAY_000935,upi,REF_000935,payments.csv,payments:PAY_000935
81394.50,2026-01-09T22:59:00+00:00,INR,CUS_85609,2026-01-05T09:30:00+00:00,MCH_SWIFT,ORD_000936,"{'amount': '81394.50', 'captured_at': '2026-01-09T22:59:00+00:00'}",PAY_000936,card,REF_000936,payments.csv,payments:PAY_000936
16065.75,2026-01-09T22:51:00+00:00,INR,CUS_79711,2026-01-05T09:30:00+00:00,MCH_ZERO,ORD_000937,"{'amount': '16065.75', 'captured_at': '2026-01-09T22:51:00+00:00'}",PAY_000937,netbanking,REF_000937,payments.csv,payments:PAY_000937
16065.75,2026-01-09T22:58:00+00:00,INR,CUS_79711,2026-01-05T09:30:00+00:00,MCH_ZERO,ORD_000937,"{'amount': '16065.75', 'captured_at': '2026-01-09T22:58:00+00:00'}",PAY_000938,wallet,REF_000937,payments.csv,payments:PAY_000938
79841.00,2026-01-09T23:09:00+00:00,INR,CUS_62664,2026-01-05T09:30:00+00:00,MCH_HEALTH,ORD_000939,"{'amount': '79841.00', 'captured_at': '2026-01-09T23:09:00+00:00'}",PAY_000939,wallet,REF_000939,payments.csv,payments:PAY_000939
3453.50,2026-01-09T23:22:00+00:00,INR,CUS_51599,2026-01-05T09:30:00+00:00,MCH_SAAS,ORD_000940,"{'amount': '3453.50', 'captured_at': '2026-01-09T23:22:00+00:00'}",PAY_000940,upi,REF_000940,payments.csv,payments:PAY_000940
71312.00,2026-01-09T23:24:00+00:00,INR,CUS_47401,2026-01-05T09:30:00+00:00,MCH_ZERO,ORD_000941,"{'amount': '71312.00', 'captured_at': '2026-01-09T23:24:00+00:00'}",PAY_000941,netbanking,REF_000941,payments.csv,payments:PAY_000941
22476.00,2026-01-09T23:32:00+00:00,INR,CUS_90540,2026-01-05T09:30:00+00:00,MCH_TRAVEL,ORD_000942,"{'amount': '22476.00', 'captured_at': '2026-01-09T23:32:00+00:00'}",PAY_000942,upi,REF_000942,payments.csv,payments:PAY_000942
51410.00,2026-01-09T23:46:00+00:00,INR,CUS_51948,2026-01-05T09:30:00+00:00,MCH_CAFE,ORD_000943,"{'amount': '51410.00', 'captured_at': '2026-01-09T23:46:00+00:00'}",PAY_000943,netbanking,REF_000943,payments.csv,payments:PAY_000943
26849.00,2026-01-09T23:50:00+00:00,INR,CUS_88250,2026-01-05T09:30:00+00:00,MCH_ZERO,ORD_000944,"{'amount': '26849.00', 'captured_at': '2026-01-09T23:50:00+00:00'}",PAY_000944,wallet,REF_000944,payments.csv,payments:PAY_000944
35596.00,2026-01-10T00:06:00+00:00,INR,CUS_51724,2026-01-05T09:30:00+00:00,MCH_ZERO,ORD_000945,"{'amount': '35596.00', 'captured_at': '2026-01-10T00:06:00+00:00'}",PAY_000945,wallet,REF_000945,payments.csv,payments:PAY_000945
4088.25,2026-01-09T23:54:00+00:00,INR,CUS_93039,2026-01-05T09:30:00+00:00,MCH_SAAS,ORD_000946,"{'amount': '4088.25', 'captured_at': '2026-01-09T23:54:00+00:00'}",PAY_000946,netbanking,REF_000946,payments.csv,payments:PAY_000946
73006.75,2026-01-10T00:15:00+00:00,INR,CUS_26458,2026-01-05T09:30:00+00:00,MCH_SWIFT,ORD_000947,"{'amount': '73006.75', 'captured_at': '2026-01-10T00:15:00+00:00'}",PAY_000947,wallet,REF_000947,payments.csv,payments:PAY_000947
65892.00,2026-01-10T00:26:00+00:00,INR,CUS_28660,2026-01-05T09:30:00+00:00,MCH_TRAVEL,ORD_000948,"{'amount': '65892.00', 'captured_at': '2026-01-10T00:26:00+00:00'}",PAY_000948,card,REF_000948,payments.csv,payments:PAY_000948
55842.50,2026-01-10T00:14:00+00:00,INR,CUS_69210,2026-01-05T09:30:00+00:00,MCH_HEALTH,ORD_000949,"{'amount': '55842.50', 'captured_at': '2026-01-10T00:14:00+00:00'}",PAY_000949,wallet,REF_000949,payments.csv,payments:PAY_000949
22239.00,2026-01-10T00:32:00+00:00,INR,CUS_17887,2026-01-05T09:30:00+00:00,MCH_TRAVEL,ORD_000950,"{'amount': '22239.00', 'captured_at': '2026-01-10T00:32:00+00:00'}",PAY_000950,netbanking,REF_000950,payments.csv,payments:PAY_000950
83164.00,2026-01-10T00:41:00+00:00,INR,CUS_86697,2026-01-05T09:30:00+00:00,MCH_CAFE,ORD_000951,"{'amount': '83164.00', 'captured_at': '2026-01-10T00:41:00+00:00'}",PAY_000951,upi,REF_000951,payments.csv,payments:PAY_000951
12059.25,2026-01-10T00:53:00+00:00,INR,CUS_26118,2026-01-05T09:30:00+00:00,MCH_CAFE,ORD_000952,"{'amount': '12059.25', 'captured_at': '2026-01-10T00:53:00+00:00'}",PAY_000952,netbanking,REF_000952,payments.csv,payments:PAY_000952
42020.75,2026-01-10T00:55:00+00:00,INR,CUS_54909,2026-01-05T09:30:00+00:00,MCH_HEALTH,ORD_000953,"{'amount': '42020.75', 'captured_at': '2026-01-10T00:55:00+00:00'}",PAY_000953,wallet,REF_000953,payments.csv,payments:PAY_000953
87105.00,2026-01-10T01:04:00+00:00,INR,CUS_54778,2026-01-05T09:30:00+00:00,MCH_SWIFT,ORD_000954,"{'amount': '87105.00', 'captured_at': '2026-01-10T01:04:00+00:00'}",PAY_000954,netbanking,REF_000954,payments.csv,payments:PAY_000954
568.50,2026-01-10T00:56:00+00:00,INR,CUS_72459,2026-01-05T09:30:00+00:00,MCH_TRAVEL,ORD_000955,"{'amount': '568.50', 'captured_at': '2026-01-10T00:56:00+00:00'}",PAY_000955,card,REF_000955,payments.csv,payments:PAY_000955
64391.25,2026-01-10T01:05:00+00:00,INR,CUS_80533,2026-01-05T09:30:00+00:00,MCH_HEALTH,ORD_000956,"{'amount': '64391.25', 'captured_at': '2026-01-10T01:05:00+00:00'}",PAY_000956,upi,REF_000956,payments.csv,payments:PAY_000956
79115.00,2026-01-10T01:11:00+00:00,INR,CUS_60692,2026-01-05T09:30:00+00:00,MCH_SAAS,ORD_000957,"{'amount': '79115.00', 'captured_at': '2026-01-10T01:11:00+00:00'}",PAY_000957,upi,REF_000957,payments.csv,payments:PAY_000957
25595.25,2026-01-10T01:18:00+00:00,INR,CUS_11227,2026-01-05T09:30:00+00:00,MCH_CAFE,ORD_000958,"{'amount': '25595.25', 'captured_at': '2026-01-10T01:18:00+00:00'}",PAY_000958,netbanking,REF_000958,payments.csv,payments:PAY_000958
12092.50,2026-01-10T01:33:00+00:00,INR,CUS_91951,2026-01-05T09:30:00+00:00,MCH_SWIFT,ORD_000959,"{'amount': '12092.50', 'captured_at': '2026-01-10T01:33:00+00:00'}",PAY_000959,card,REF_000959,payments.csv,payments:PAY_000959
5122.00,2026-01-10T01:42:00+00:00,INR,CUS_74597,2026-01-05T09:30:00+00:00,MCH_CAFE,ORD_000960,"{'amount': '5122.00', 'captured_at': '2026-01-10T01:42:00+00:00'}",PAY_000960,upi,REF_000960,payments.csv,payments:PAY_000960
52215.00,2026-01-10T01:58:00+00:00,INR,CUS_46352,2026-01-05T09:30:00+00:00,MCH_TRAVEL,ORD_000961,"{'amount': '52215.00', 'captured_at': '2026-01-10T01:58:00+00:00'}",PAY_000961,wallet,REF_000961,payments.csv,payments:PAY_000961
25697.75,2026-01-10T01:55:00+00:00,INR,CUS_84148,2026-01-05T09:30:00+00:00,MCH_HEALTH,ORD_000962,"{'amount': '25697.75', 'captured_at': '2026-01-10T01:55:00+00:00'}",PAY_000962,upi,REF_000962,payments.csv,payments:PAY_000962
8826.00,2026-01-10T02:03:00+00:00,INR,CUS_44029,2026-01-05T09:30:00+00:00,MCH_TRAVEL,ORD_000963,"{'amount': '8826.00', 'captured_at': '2026-01-10T02:03:00+00:00'}",PAY_000963,netbanking,REF_000963,payments.csv,payments:PAY_000963
89132.50,2026-01-10T02:18:00+00:00,INR,CUS_90538,2026-01-05T09:30:00+00:00,MCH_TRAVEL,ORD_000964,"{'amount': '89132.50', 'captured_at': '2026-01-10T02:18:00+00:00'}",PAY_000964,wallet,REF_000964,payments.csv,payments:PAY_000964
84312.75,2026-01-10T02:16:00+00:00,INR,CUS_95200,2026-01-05T09:30:00+00:00,MCH_SAAS,ORD_000965,"{'amount': '84312.75', 'captured_at': '2026-01-10T02:16:00+00:00'}",PAY_000965,wallet,REF_000965,payments.csv,payments:PAY_000965
16253.75,2026-01-10T02:31:00+00:00,INR,CUS_77933,2026-01-05T09:30:00+00:00,MCH_CAFE,ORD_000966,"{'amount': '16253.75', 'captured_at': '2026-01-10T02:31:00+00:00'}",PAY_000966,netbanking,REF_000966,payments.csv,payments:PAY_000966
29731.00,2026-01-10T02:40:00+00:00,INR,CUS_46429,2026-01-05T09:30:00+00:00,MCH_TRAVEL,ORD_000967,"{'amount': '29731.00', 'captured_at': '2026-01-10T02:40:00+00:00'}",PAY_000967,wallet,REF_000967,payments.csv,payments:PAY_000967
51661.00,2026-01-10T02:27:00+00:00,INR,CUS_53870,2026-01-05T09:30:00+00:00,MCH_ZERO,ORD_000968,"{'amount': '51661.00', 'captured_at': '2026-01-10T02:27:00+00:00'}",PAY_000968,card,REF_000968,payments.csv,payments:PAY_000968
33065.00,2026-01-10T02:45:00+00:00,INR,CUS_31558,2026-01-05T09:30:00+00:00,MCH_ZERO,ORD_000969,"{'amount': '33065.00', 'captured_at': '2026-01-10T02:45:00+00:00'}",PAY_000969,upi,REF_000969,payments.csv,payments:PAY_000969
33065.00,2026-01-10T02:36:00+00:00,INR,CUS_31558,2026-01-05T09:30:00+00:00,MCH_ZERO,ORD_000969,"{'amount': '33065.00', 'captured_at': '2026-01-10T02:36:00+00:00'}",PAY_000970,wallet,REF_000969,payments.csv,payments:PAY_000970
77964.75,2026-01-10T02:57:00+00:00,INR,CUS_53817,2026-01-05T09:30:00+00:00,MCH_ZERO,ORD_000971,"{'amount': '77964.75', 'captured_at': '2026-01-10T02:57:00+00:00'}",PAY_000971,upi,REF_000971,payments.csv,payments:PAY_000971
44969.00,2026-01-10T03:06:00+00:00,INR,CUS_53724,2026-01-05T09:30:00+00:00,MCH_SWIFT,ORD_000972,"{'amount': '44969.00', 'captured_at': '2026-01-10T03:06:00+00:00'}",PAY_000972,upi,REF_000972,payments.csv,payments:PAY_000972
82265.25,2026-01-10T03:04:00+00:00,INR,CUS_85882,2026-01-05T09:30:00+00:00,MCH_ZERO,ORD_000973,"{'amount': '82265.25', 'captured_at': '2026-01-10T03:04:00+00:00'}",PAY_000973,upi,REF_000973,payments.csv,payments:PAY_000973
82265.25,2026-01-10T03:04:00+00:00,INR,CUS_85882,2026-01-05T09:30:00+00:00,MCH_ZERO,ORD_000973,"{'amount': '82265.25', 'captured_at': '2026-01-10T03:04:00+00:00'}",PAY_000974,card,REF_000973,payments.csv,payments:PAY_000974
7481.00,2026-01-10T03:34:00+00:00,INR,CUS_90050,2026-01-05T09:30:00+00:00,MCH_SAAS,ORD_000975,"{'amount': '7481.00', 'captured_at': '2026-01-10T03:34:00+00:00'}",PAY_000975,upi,REF_000975,payments.csv,payments:PAY_000975
7612.50,2026-01-10T03:37:00+00:00,INR,CUS_16842,2026-01-05T09:30:00+00:00,MCH_TRAVEL,ORD_000976,"{'amount': '7612.50', 'captured_at': '2026-01-10T03:37:00+00:00'}",PAY_000976,wallet,REF_000976,payments.csv,payments:PAY_000976
54184.00,2026-01-10T03:35:00+00:00,INR,CUS_88587,2026-01-05T09:30:00+00:00,MCH_HEALTH,ORD_000977,"{'amount': '54184.00', 'captured_at': '2026-01-10T03:35:00+00:00'}",PAY_000977,wallet,REF_000977,payments.csv,payments:PAY_000977
56412.50,2026-01-10T03:47:00+00:00,INR,CUS_91163,2026-01-05T09:30:00+00:00,MCH_SAAS,ORD_000978,"{'amount': '56412.50', 'captured_at': '2026-01-10T03:47:00+00:00'}",PAY_000978,upi,REF_000978,payments.csv,payments:PAY_000978
43317.50,2026-01-10T03:47:00+00:00,INR,CUS_35228,2026-01-05T09:30:00+00:00,MCH_HEALTH,ORD_000979,"{'amount': '43317.50', 'captured_at': '2026-01-10T03:47:00+00:00'}",PAY_000979,upi,REF_000979,payments.csv,payments:PAY_000979
25677.50,2026-01-10T04:12:00+00:00,INR,CUS_26512,2026-01-05T09:30:00+00:00,MCH_HEALTH,ORD_000980,"{'amount': '25677.50', 'captured_at': '2026-01-10T04:12:00+00:00'}",PAY_000980,netbanking,REF_000980,payments.csv,payments:PAY_000980
63397.75,2026-01-10T04:06:00+00:00,INR,CUS_91376,2026-01-05T09:30:00+00:00,MCH_SAAS,ORD_000981,"{'amount': '63397.75', 'captured_at': '2026-01-10T04:06:00+00:00'}",PAY_000981,card,REF_000981,payments.csv,payments:PAY_000981
8228.00,2026-01-10T04:22:00+00:00,INR,CUS_50850,2026-01-05T09:30:00+00:00,MCH_ZERO,ORD_000982,"{'amount': '8228.00', 'captured_at': '2026-01-10T04:22:00+00:00'}",PAY_000982,netbanking,REF_000982,payments.csv,payments:PAY_000982
71228.00,2026-01-10T04:24:00+00:00,INR,CUS_29321,2026-01-05T09:30:00+00:00,MCH_HEALTH,ORD_000983,"{'amount': '71228.00', 'captured_at': '2026-01-10T04:24:00+00:00'}",PAY_000983,netbanking,REF_000983,payments.csv,payments:PAY_000983
1359.50,2026-01-10T04:28:00+00:00,INR,CUS_86865,2026-01-05T09:30:00+00:00,MCH_CAFE,ORD_000984,"{'amount': '1359.50', 'captured_at': '2026-01-10T04:28:00+00:00'}",PAY_000984,upi,REF_000984,payments.csv,payments:PAY_000984
73628.00,2026-01-10T04:34:00+00:00,INR,CUS_65320,2026-01-05T09:30:00+00:00,MCH_HEALTH,ORD_000985,"{'amount': '73628.00', 'captured_at': '2026-01-10T04:34:00+00:00'}",PAY_000985,card,REF_000985,payments.csv,payments:PAY_000985
45067.00,2026-01-10T04:50:00+00:00,INR,CUS_97537,2026-01-05T09:30:00+00:00,MCH_ZERO,ORD_000986,"{'amount': '45067.00', 'captured_at': '2026-01-10T04:50:00+00:00'}",PAY_000986,netbanking,REF_000986,payments.csv,payments:PAY_000986
39573.25,2026-01-10T04:44:00+00:00,INR,CUS_53072,2026-01-05T09:30:00+00:00,MCH_HEALTH,ORD_000987,"{'amount': '39573.25', 'captured_at': '2026-01-10T04:44:00+00:00'}",PAY_000987,wallet,REF_000987,payments.csv,payments:PAY_000987
29057.00,2026-01-10T04:55:00+00:00,INR,CUS_93724,2026-01-05T09:30:00+00:00,MCH_SAAS,ORD_000988,"{'amount': '29057.00', 'captured_at': '2026-01-10T04:55:00+00:00'}",PAY_000988,wallet,REF_000988,payments.csv,payments:PAY_000988
63312.75,2026-01-10T05:11:00+00:00,INR,CUS_53452,2026-01-05T09:30:00+00:00,MCH_SWIFT,ORD_000989,"{'amount': '63312.75', 'captured_at': '2026-01-10T05:11:00+00:00'}",PAY_000989,card,REF_000989,payments.csv,payments:PAY_000989
1596.00,2026-01-10T05:18:00+00:00,INR,CUS_56908,2026-01-05T09:30:00+00:00,MCH_CAFE,ORD_000990,"{'amount': '1596.00', 'captured_at': '2026-01-10T05:18:00+00:00'}",PAY_000990,upi,REF_000990,payments.csv,payments:PAY_000990
58025.00,2026-01-10T05:23:00+00:00,INR,CUS_92750,2026-01-05T09:30:00+00:00,MCH_CAFE,ORD_000991,"{'amount': '58025.00', 'captured_at': '2026-01-10T05:23:00+00:00'}",PAY_000991,upi,REF_000991,payments.csv,payments:PAY_000991
26229.00,2026-01-10T05:24:00+00:00,INR,CUS_32825,2026-01-05T09:30:00+00:00,MCH_SWIFT,ORD_000992,"{'amount': '26229.00', 'captured_at': '2026-01-10T05:24:00+00:00'}",PAY_000992,card,REF_000992,payments.csv,payments:PAY_000992
32539.00,2026-01-10T05:27:00+00:00,INR,CUS_35688,2026-01-05T09:30:00+00:00,MCH_HEALTH,ORD_000993,"{'amount': '32539.00', 'captured_at': '2026-01-10T05:27:00+00:00'}",PAY_000993,netbanking,REF_000993,payments.csv,payments:PAY_000993
89095.00,2026-01-10T05:37:00+00:00,INR,CUS_59666,2026-01-05T09:30:00+00:00,MCH_ZERO,ORD_000994,"{'amount': '89095.00', 'captured_at': '2026-01-10T05:37:00+00:00'}",PAY_000994,netbanking,REF_000994,payments.csv,payments:PAY_000994
60095.00,2026-01-10T05:43:00+00:00,INR,CUS_58449,2026-01-05T09:30:00+00:00,MCH_CAFE,ORD_000995,"{'amount': '60095.00', 'captured_at': '2026-01-10T05:43:00+00:00'}",PAY_000995,wallet,REF_000995,payments.csv,payments:PAY_000995
19231.00,2026-01-10T06:01:00+00:00,INR,CUS_34856,2026-01-05T09:30:00+00:00,MCH_ZERO,ORD_000996,"{'amount': '19231.00', 'captured_at': '2026-01-10T06:01:00+00:00'}",PAY_000996,wallet,REF_000996,payments.csv,payments:PAY_000996
78884.25,2026-01-10T05:52:00+00:00,INR,CUS_93380,2026-01-05T09:30:00+00:00,MCH_CAFE,ORD_000997,"{'amount': '78884.25', 'captured_at': '2026-01-10T05:52:00+00:00'}",PAY_000997,card,REF_000997,payments.csv,payments:PAY_000997
43249.00,2026-01-10T06:10:00+00:00,INR,CUS_16980,2026-01-05T09:30:00+00:00,MCH_SWIFT,ORD_000998,"{'amount': '43249.00', 'captured_at': '2026-01-10T06:10:00+00:00'}",PAY_000998,card,REF_000998,payments.csv,payments:PAY_000998
10970.25,2026-01-10T06:10:00+00:00,INR,CUS_96966,2026-01-05T09:30:00+00:00,MCH_SWIFT,ORD_000999,"{'amount': '10970.25', 'captured_at': '2026-01-10T06:10:00+00:00'}",PAY_000999,card,REF_000999,payments.csv,payments:PAY_000999
67036.00,2026-01-10T06:29:00+00:00,INR,CUS_75350,2026-01-05T09:30:00+00:00,MCH_TRAVEL,ORD_001000,"{'amount': '67036.00', 'captured_at': '2026-01-10T06:29:00+00:00'}",PAY_001000,card,REF_001000,payments.csv,payments:PAY_001000
