amount,batch_id,currency,ingested_at,merchant_id,original,payment_id,settled_at,settlement_id,source,source_record_id
48447.50,BATCH_20260106,INR,2026-01-06T14:41:00+00:00,MCH_ZERO,"{'amount': '48447.50', 'settled_at': '2026-01-06T14:41:00+00:00'}",PAY_000001,2026-01-06T14:41:00+00:00,SET_000001,settlements.csv,settlements:SET_000001
16099.46,BATCH_20260107,INR,2026-01-07T10:56:00+00:00,MCH_SWIFT,"{'amount': '16099.46', 'settled_at': '2026-01-07T10:56:00+00:00'}",PAY_000002,2026-01-07T10:56:00+00:00,SET_000002,settlements.csv,settlements:SET_000002
18838.19,BATCH_20260116,INR,2026-01-16T10:13:00+00:00,MCH_CAFE,"{'amount': '18838.19', 'settled_at': '2026-01-16T10:13:00+00:00'}",PAY_000005,2026-01-16T10:13:00+00:00,SET_000005,settlements.csv,settlements:SET_000005
1034.38,BATCH_20260107,INR,2026-01-07T13:27:00+00:00,MCH_SWIFT,"{'amount': '1034.38', 'settled_at': '2026-01-07T13:27:00+00:00'}",PAY_000006,2026-01-07T13:27:00+00:00,SET_000006,settlements.csv,settlements:SET_000006
66082.93,BATCH_20260107,INR,2026-01-07T11:46:00+00:00,MCH_CAFE,"{'amount': '66082.93', 'settled_at': '2026-01-07T11:46:00+00:00'}",PAY_000008,2026-01-07T11:46:00+00:00,SET_000008,settlements.csv,settlements:SET_000008
85010.89,BATCH_20260108,INR,2026-01-08T18:37:00+00:00,MCH_TRAVEL,"{'amount': '85010.89', 'settled_at': '2026-01-08T18:37:00+00:00'}",PAY_000009,2026-01-08T18:37:00+00:00,SET_000009,settlements.csv,settlements:SET_000009
54763.43,BATCH_20260108,INR,2026-01-08T12:58:00+00:00,MCH_SAAS,"{'amount': '54763.43', 'settled_at': '2026-01-08T12:58:00+00:00'}",PAY_000010,2026-01-08T12:58:00+00:00,SET_000010,settlements.csv,settlements:SET_000010
78267.34,BATCH_20260107,INR,2026-01-07T17:57:00+00:00,MCH_CAFE,"{'amount': '78267.34', 'settled_at': '2026-01-07T17:57:00+00:00'}",PAY_000011,2026-01-07T17:57:00+00:00,SET_000011,settlements.csv,settlements:SET_000011
68440.18,BATCH_20260107,INR,2026-01-07T13:12:00+00:00,MCH_HEALTH,"{'amount': '68440.18', 'settled_at': '2026-01-07T13:12:00+00:00'}",PAY_000012,2026-01-07T13:12:00+00:00,SET_000012,settlements.csv,settlements:SET_000012
83983.79,BATCH_20260108,INR,2026-01-08T18:19:00+00:00,MCH_TRAVEL,"{'amount': '83983.79', 'settled_at': '2026-01-08T18:19:00+00:00'}",PAY_000013,2026-01-08T18:19:00+00:00,SET_000013,settlements.csv,settlements:SET_000013
58424.94,BATCH_20260107,INR,2026-01-07T18:17:00+00:00,MCH_CAFE,"{'amount': '58424.94', 'settled_at': '2026-01-07T18:17:00+00:00'}",PAY_000014,2026-01-07T18:17:00+00:00,SET_000014,settlements.csv,settlements:SET_000014
85550.51,BATCH_20260107,INR,2026-01-07T13:32:00+00:00,MCH_CAFE,"{'amount': '85550.51', 'settled_at': '2026-01-07T13:32:00+00:00'}",PAY_000015,2026-01-07T13:32:00+00:00,SET_000015,settlements.csv,settlements:SET_000015
12519.25,BATCH_20260106,INR,2026-01-06T12:39:00+00:00,MCH_ZERO,"{'amount': '12519.25', 'settled_at': '2026-01-06T12:39:00+00:00'}",PAY_000016,2026-01-06T12:39:00+00:00,SET_000016,settlements.csv,settlements:SET_000016
72426.33,BATCH_20260107,INR,2026-01-07T17:38:00+00:00,MCH_HEALTH,"{'amount': '72426.33', 'settled_at': '2026-01-07T17:38:00+00:00'}",PAY_000017,2026-01-07T17:38:00+00:00,SET_000017,settlements.csv,settlements:SET_000017
54670.77,BATCH_20260108,INR,2026-01-08T13:48:00+00:00,MCH_TRAVEL,"{'amount': '54670.77', 'settled_at': '2026-01-08T13:48:00+00:00'}",PAY_000018,2026-01-08T13:48:00+00:00,SET_000018,settlements.csv,settlements:SET_000018
65279.59,BATCH_20260107,INR,2026-01-07T14:04:00+00:00,MCH_HEALTH,"{'amount': '65279.59', 'settled_at': '2026-01-07T14:04:00+00:00'}",PAY_000019,2026-01-07T14:04:00+00:00,SET_000019,settlements.csv,settlements:SET_000019
15018.12,BATCH_20260107,INR,2026-01-07T17:05:00+00:00,MCH_CAFE,"{'amount': '15018.12', 'settled_at': '2026-01-07T17:05:00+00:00'}",PAY_000020,2026-01-07T17:05:00+00:00,SET_000020,settlements.csv,settlements:SET_000020
24137.57,BATCH_20260106,INR,2026-01-06T15:11:00+00:00,MCH_ZERO,"{'amount': '24137.57', 'settled_at': '2026-01-06T15:11:00+00:00'}",PAY_000021,2026-01-06T15:11:00+00:00,SET_000021,settlements.csv,settlements:SET_000021
33010.13,BATCH_20260108,INR,2026-01-08T19:10:00+00:00,MCH_TRAVEL,"{'amount': '33010.13', 'settled_at': '2026-01-08T19:10:00+00:00'}",PAY_000022,2026-01-08T19:10:00+00:00,SET_000022,settlements.csv,settlements:SET_000022
58261.00,BATCH_20260108,INR,2026-01-08T14:23:00+00:00,MCH_SAAS,"{'amount': '58261.00', 'settled_at': '2026-01-08T14:23:00+00:00'}",PAY_000023,2026-01-08T14:23:00+00:00,SET_000023,settlements.csv,settlements:SET_000023
20692.00,BATCH_20260106,INR,2026-01-06T20:21:00+00:00,MCH_ZERO,"{'amount': '20692.00', 'settled_at': '2026-01-06T20:21:00+00:00'}",PAY_000024,2026-01-06T20:21:00+00:00,SET_000024,settlements.csv,settlements:SET_000024
54808.60,BATCH_20260117,INR,2026-01-17T12:42:00+00:00,MCH_TRAVEL,"{'amount': '54808.60', 'settled_at': '2026-01-17T12:42:00+00:00'}",PAY_000025,2026-01-17T12:42:00+00:00,SET_000025,settlements.csv,settlements:SET_000025
14909.64,BATCH_20260107,INR,2026-01-07T17:42:00+00:00,MCH_HEALTH,"{'amount': '14909.64', 'settled_at': '2026-01-07T17:42:00+00:00'}",PAY_000026,2026-01-07T17:42:00+00:00,SET_000026,settlements.csv,settlements:SET_000026
29203.25,BATCH_20260106,INR,2026-01-06T17:40:00+00:00,MCH_ZERO,"{'amount': '29203.25', 'settled_at': '2026-01-06T17:40:00+00:00'}",PAY_000027,2026-01-06T17:40:00+00:00,SET_000027,settlements.csv,settlements:SET_000027
17954.83,BATCH_20260107,INR,2026-01-07T20:52:00+00:00,MCH_SWIFT,"{'amount': '17954.83', 'settled_at': '2026-01-07T20:52:00+00:00'}",PAY_000028,2026-01-07T20:52:00+00:00,SET_000028,settlements.csv,settlements:SET_000028
55739.42,BATCH_20260108,INR,2026-01-08T19:14:00+00:00,MCH_TRAVEL,"{'amount': '55739.42', 'settled_at': '2026-01-08T19:14:00+00:00'}",PAY_000029,2026-01-08T19:14:00+00:00,SET_000029,settlements.csv,settlements:SET_000029
5727.21,BATCH_20260108,INR,2026-01-08T20:06:00+00:00,MCH_TRAVEL,"{'amount': '5727.21', 'settled_at': '2026-01-08T20:06:00+00:00'}",PAY_000030,2026-01-08T20:06:00+00:00,SET_000030,settlements.csv,settlements:SET_000030
52127.15,BATCH_20260107,INR,2026-01-07T20:20:00+00:00,MCH_HEALTH,"{'amount': '52127.15', 'settled_at': '2026-01-07T20:20:00+00:00'}",PAY_000031,2026-01-07T20:20:00+00:00,SET_000031,settlements.csv,settlements:SET_000031
66025.21,BATCH_20260107,INR,2026-01-07T20:28:00+00:00,MCH_SWIFT,"{'amount': '66025.21', 'settled_at': '2026-01-07T20:28:00+00:00'}",PAY_000032,2026-01-07T20:28:00+00:00,SET_000032,settlements.csv,settlements:SET_000032
10392.08,BATCH_20260107,INR,2026-01-07T19:37:00+00:00,MCH_HEALTH,"{'amount': '10392.08', 'settled_at': '2026-01-07T19:37:00+00:00'}",PAY_000033,2026-01-07T19:37:00+00:00,SET_000033,settlements.csv,settlements:SET_000033
5142.38,BATCH_20260107,INR,2026-01-07T19:45:00+00:00,MCH_SWIFT,"{'amount': '5142.38', 'settled_at': '2026-01-07T19:45:00+00:00'}",PAY_000034,2026-01-07T19:45:00+00:00,SET_000034,settlements.csv,settlements:SET_000034
19278.50,BATCH_20260108,INR,2026-01-08T16:45:00+00:00,MCH_TRAVEL,"{'amount': '19278.50', 'settled_at': '2026-01-08T16:45:00+00:00'}",PAY_000035,2026-01-08T16:45:00+00:00,SET_000035,settlements.csv,settlements:SET_000035
19926.01,BATCH_20260107,INR,2026-01-07T21:59:00+00:00,MCH_HEALTH,"{'amount': '19926.01', 'settled_at': '2026-01-07T21:59:00+00:00'}",PAY_000036,2026-01-07T21:59:00+00:00,SET_000036,settlements.csv,settlements:SET_000036
72713.59,BATCH_20260108,INR,2026-01-08T17:04:00+00:00,MCH_TRAVEL,"{'amount': '72713.59', 'settled_at': '2026-01-08T17:04:00+00:00'}",PAY_000037,2026-01-08T17:04:00+00:00,SET_000037,settlements.csv,settlements:SET_000037
80974.60,BATCH_20260108,INR,2026-01-08T16:02:00+00:00,MCH_SAAS,"{'amount': '80974.60', 'settled_at': '2026-01-08T16:02:00+00:00'}",PAY_000038,2026-01-08T16:02:00+00:00,SET_000038,settlements.csv,settlements:SET_000038
11898.93,BATCH_20260108,INR,2026-01-08T15:27:00+00:00,MCH_TRAVEL,"{'amount': '11898.93', 'settled_at': '2026-01-08T15:27:00+00:00'}",PAY_000040,2026-01-08T15:27:00+00:00,SET_000040,settlements.csv,settlements:SET_000040
40666.88,BATCH_20260108,INR,2026-01-08T16:35:00+00:00,MCH_SAAS,"{'amount': '40666.88', 'settled_at': '2026-01-08T16:35:00+00:00'}",PAY_000041,2026-01-08T16:35:00+00:00,SET_000041,settlements.csv,settlements:SET_000041
11101.72,BATCH_20260107,INR,2026-01-07T22:27:00+00:00,MCH_CAFE,"{'amount': '11101.72', 'settled_at': '2026-01-07T22:27:00+00:00'}",PAY_000042,2026-01-07T22:27:00+00:00,SET_000042,settlements.csv,settlements:SET_000042
67260.74,BATCH_20260108,INR,2026-01-08T19:44:00+00:00,MCH_SAAS,"{'amount': '67260.74', 'settled_at': '2026-01-08T19:44:00+00:00'}",PAY_000043,2026-01-08T19:44:00+00:00,SET_000043,settlements.csv,settlements:SET_000043
52526.05,BATCH_20260108,INR,2026-01-08T16:44:00+00:00,MCH_SAAS,"{'amount': '52526.05', 'settled_at': '2026-01-08T16:44:00+00:00'}",PAY_000044,2026-01-08T16:44:00+00:00,SET_000044,settlements.csv,settlements:SET_000044
12406.37,BATCH_20260107,INR,2026-01-07T17:58:00+00:00,MCH_CAFE,"{'amount': '12406.37', 'settled_at': '2026-01-07T17:58:00+00:00'}",PAY_000045,2026-01-07T17:58:00+00:00,SET_000045,settlements.csv,settlements:SET_000045
10738.88,BATCH_20260107,INR,2026-01-07T22:05:00+00:00,MCH_CAFE,"{'amount': '10738.88', 'settled_at': '2026-01-07T22:05:00+00:00'}",PAY_000046,2026-01-07T22:05:00+00:00,SET_000046,settlements.csv,settlements:SET_000046
76881.46,BATCH_20260107,INR,2026-01-07T21:19:00+00:00,MCH_SWIFT,"{'amount': '76881.46', 'settled_at': '2026-01-07T21:19:00+00:00'}",PAY_000047,2026-01-07T21:19:00+00:00,SET_000047,settlements.csv,settlements:SET_000047
86544.34,BATCH_20260107,INR,2026-01-07T21:13:00+00:00,MCH_SWIFT,"{'amount': '86544.34', 'settled_at': '2026-01-07T21:13:00+00:00'}",PAY_000048,2026-01-07T21:13:00+00:00,SET_000048,settlements.csv,settlements:SET_000048
47826.00,BATCH_20260106,INR,2026-01-06T19:25:00+00:00,MCH_ZERO,"{'amount': '47826.00', 'settled_at': '2026-01-06T19:25:00+00:00'}",PAY_000049,2026-01-06T19:25:00+00:00,SET_000049,settlements.csv,settlements:SET_000049
17997.06,BATCH_20260107,INR,2026-01-07T21:26:00+00:00,MCH_SWIFT,"{'amount': '17997.06', 'settled_at': '2026-01-07T21:26:00+00:00'}",PAY_000050,2026-01-07T21:26:00+00:00,SET_000050,settlements.csv,settlements:SET_000050
17122.97,BATCH_20260107,INR,2026-01-07T18:34:00+00:00,MCH_HEALTH,"{'amount': '17122.97', 'settled_at': '2026-01-07T18:34:00+00:00'}",PAY_000051,2026-01-07T18:34:00+00:00,SET_000051,settlements.csv,settlements:SET_000051
56564.35,BATCH_20260108,INR,2026-01-08T20:44:00+00:00,MCH_TRAVEL,"{'amount': '56564.35', 'settled_at': '2026-01-08T20:44:00+00:00'}",PAY_000052,2026-01-08T20:44:00+00:00,SET_000052,settlements.csv,settlements:SET_000052
58011.32,BATCH_20260108,INR,2026-01-08T19:52:00+00:00,MCH_TRAVEL,"{'amount': '58011.32', 'settled_at': '2026-01-08T19:52:00+00:00'}",PAY_000053,2026-01-08T19:52:00+00:00,SET_000053,settlements.csv,settlements:SET_000053
49242.74,BATCH_20260107,INR,2026-01-07T19:04:00+00:00,MCH_CAFE,"{'amount': '49242.74', 'settled_at': '2026-01-07T19:04:00+00:00'}",PAY_000055,2026-01-07T19:04:00+00:00,SET_000055,settlements.csv,settlements:SET_000055
6980.68,BATCH_20260107,INR,2026-01-07T18:22:00+00:00,MCH_CAFE,"{'amount': '6980.68', 'settled_at': '2026-01-07T18:22:00+00:00'}",PAY_000056,2026-01-07T18:22:00+00:00,SET_000056,settlements.csv,settlements:SET_000056
11042.55,BATCH_20260107,INR,2026-01-07T23:29:00+00:00,MCH_CAFE,"{'amount': '11042.55', 'settled_at': '2026-01-07T23:29:00+00:00'}",PAY_000057,2026-01-07T23:29:00+00:00,SET_000057,settlements.csv,settlements:SET_000057
22737.11,BATCH_20260106,INR,2026-01-06T20:30:00+00:00,MCH_ZERO,"{'amount': '22737.11', 'settled_at': '2026-01-06T20:30:00+00:00'}",PAY_000058,2026-01-06T20:30:00+00:00,SET_000058,settlements.csv,settlements:SET_000058
10716.10,BATCH_20260108,INR,2026-01-08T22:34:00+00:00,MCH_SAAS,"{'amount': '10716.10', 'settled_at': '2026-01-08T22:34:00+00:00'}",PAY_000059,2026-01-08T22:34:00+00:00,SET_000059,settlements.csv,settlements:SET_000059
18001.97,BATCH_20260108,INR,2026-01-08T00:38:00+00:00,MCH_SWIFT,"{'amount': '18001.97', 'settled_at': '2026-01-08T00:38:00+00:00'}",PAY_000060,2026-01-08T00:38:00+00:00,SET_000060,settlements.csv,settlements:SET_000060
385.73,BATCH_20260107,INR,2026-01-07T23:46:00+00:00,MCH_HEALTH,"{'amount': '385.73', 'settled_at': '2026-01-07T23:46:00+00:00'}",PAY_000061,2026-01-07T23:46:00+00:00,SET_000061,settlements.csv,settlements:SET_000061
30753.17,BATCH_20260108,INR,2026-01-08T00:52:00+00:00,MCH_CAFE,"{'amount': '30753.17', 'settled_at': '2026-01-08T00:52:00+00:00'}",PAY_000062,2026-01-08T00:52:00+00:00,SET_000062,settlements.csv,settlements:SET_000062
14830.25,BATCH_20260106,INR,2026-01-06T19:56:00+00:00,MCH_ZERO,"{'amount': '14830.25', 'settled_at': '2026-01-06T19:56:00+00:00'}",PAY_000063,2026-01-06T19:56:00+00:00,SET_000063,settlements.csv,settlements:SET_000063
46869.75,BATCH_20260107,INR,2026-01-07T19:08:00+00:00,MCH_CAFE,"{'amount': '46869.75', 'settled_at': '2026-01-07T19:08:00+00:00'}",PAY_000064,2026-01-07T19:08:00+00:00,SET_000064,settlements.csv,settlements:SET_000064
46599.14,BATCH_20260108,INR,2026-01-08T00:26:00+00:00,MCH_HEALTH,"{'amount': '46599.14', 'settled_at': '2026-01-08T00:26:00+00:00'}",PAY_000065,2026-01-08T00:26:00+00:00,SET_000065,settlements.csv,settlements:SET_000065
31071.11,BATCH_20260108,INR,2026-01-08T21:18:00+00:00,MCH_TRAVEL,"{'amount': '31071.11', 'settled_at': '2026-01-08T21:18:00+00:00'}",PAY_000066,2026-01-08T21:18:00+00:00,SET_000066,settlements.csv,settlements:SET_000066
84779.62,BATCH_20260108,INR,2026-01-08T18:34:00+00:00,MCH_TRAVEL,"{'amount': '84779.62', 'settled_at': '2026-01-08T18:34:00+00:00'}",PAY_000067,2026-01-08T18:34:00+00:00,SET_000067,settlements.csv,settlements:SET_000067
70283.93,BATCH_20260107,INR,2026-01-07T20:42:00+00:00,MCH_CAFE,"{'amount': '70283.93', 'settled_at': '2026-01-07T20:42:00+00:00'}",PAY_000068,2026-01-07T20:42:00+00:00,SET_000068,settlements.csv,settlements:SET_000068
8413.48,BATCH_20260107,INR,2026-01-07T18:43:00+00:00,MCH_SWIFT,"{'amount': '8413.48', 'settled_at': '2026-01-07T18:43:00+00:00'}",PAY_000069,2026-01-07T18:43:00+00:00,SET_000069,settlements.csv,settlements:SET_000069
5684.74,BATCH_20260107,INR,2026-01-07T22:57:00+00:00,MCH_SWIFT,"{'amount': '5684.74', 'settled_at': '2026-01-07T22:57:00+00:00'}",PAY_000070,2026-01-07T22:57:00+00:00,SET_000070,settlements.csv,settlements:SET_000070
85090.00,BATCH_20260106,INR,2026-01-06T22:51:00+00:00,MCH_ZERO,"{'amount': '85090.00', 'settled_at': '2026-01-06T22:51:00+00:00'}",PAY_000071,2026-01-06T22:51:00+00:00,SET_000071,settlements.csv,settlements:SET_000071
48537.25,BATCH_20260115,INR,2026-01-15T18:14:00+00:00,MCH_ZERO,"{'amount': '48537.25', 'settled_at': '2026-01-15T18:14:00+00:00'}",PAY_000072,2026-01-15T18:14:00+00:00,SET_000072,settlements.csv,settlements:SET_000072
54871.14,BATCH_20260109,INR,2026-01-09T00:18:00+00:00,MCH_TRAVEL,"{'amount': '54871.14', 'settled_at': '2026-01-09T00:18:00+00:00'}",PAY_000074,2026-01-09T00:18:00+00:00,SET_000074,settlements.csv,settlements:SET_000074
10794.00,BATCH_20260107,INR,2026-01-07T01:27:00+00:00,MCH_ZERO,"{'amount': '10794.00', 'settled_at': '2026-01-07T01:27:00+00:00'}",PAY_000075,2026-01-07T01:27:00+00:00,SET_000075,settlements.csv,settlements:SET_000075
57427.31,BATCH_20260107,INR,2026-01-07T23:34:00+00:00,MCH_SWIFT,"{'amount': '57427.31', 'settled_at': '2026-01-07T23:34:00+00:00'}",PAY_000076,2026-01-07T23:34:00+00:00,SET_000076,settlements.csv,settlements:SET_000076
66063.61,BATCH_20260108,INR,2026-01-08T02:38:00+00:00,MCH_CAFE,"{'amount': '66063.61', 'settled_at': '2026-01-08T02:38:00+00:00'}",PAY_000078,2026-01-08T02:38:00+00:00,SET_000078,settlements.csv,settlements:SET_000078
16845.00,BATCH_20260107,INR,2026-01-07T02:00:00+00:00,MCH_ZERO,"{'amount': '16845.00', 'settled_at': '2026-01-07T02:00:00+00:00'}",PAY_000079,2026-01-07T02:00:00+00:00,SET_000079,settlements.csv,settlements:SET_000079
4449.61,BATCH_20260108,INR,2026-01-08T01:10:00+00:00,MCH_HEALTH,"{'amount': '4449.61', 'settled_at': '2026-01-08T01:10:00+00:00'}",PAY_000080,2026-01-08T01:10:00+00:00,SET_000080,settlements.csv,settlements:SET_000080
10113.06,BATCH_20260109,INR,2026-01-09T01:13:00+00:00,MCH_SAAS,"{'amount': '10113.06', 'settled_at': '2026-01-09T01:13:00+00:00'}",PAY_000081,2026-01-09T01:13:00+00:00,SET_000081,settlements.csv,settlements:SET_000081
36122.27,BATCH_20260109,INR,2026-01-09T02:10:00+00:00,MCH_TRAVEL,"{'amount': '36122.27', 'settled_at': '2026-01-09T02:10:00+00:00'}",PAY_000082,2026-01-09T02:10:00+00:00,SET_000082,settlements.csv,settlements:SET_000082
15416.30,BATCH_20260108,INR,2026-01-08T00:31:00+00:00,MCH_HEALTH,"{'amount': '15416.30', 'settled_at': '2026-01-08T00:31:00+00:00'}",PAY_000083,2026-01-08T00:31:00+00:00,SET_000083,settlements.csv,settlements:SET_000083
57520.82,BATCH_20260109,INR,2026-01-09T00:39:00+00:00,MCH_TRAVEL,"{'amount': '57520.82', 'settled_at': '2026-01-09T00:39:00+00:00'}",PAY_000085,2026-01-09T00:39:00+00:00,SET_000085,settlements.csv,settlements:SET_000085
20481.97,BATCH_20260107,INR,2026-01-07T21:45:00+00:00,MCH_CAFE,"{'amount': '20481.97', 'settled_at': '2026-01-07T21:45:00+00:00'}",PAY_000086,2026-01-07T21:45:00+00:00,SET_000086,settlements.csv,settlements:SET_000086
12927.77,BATCH_20260108,INR,2026-01-08T03:51:00+00:00,MCH_SWIFT,"{'amount': '12927.77', 'settled_at': '2026-01-08T03:51:00+00:00'}",PAY_000087,2026-01-08T03:51:00+00:00,SET_000087,settlements.csv,settlements:SET_000087
16959.31,BATCH_20260108,INR,2026-01-08T03:56:00+00:00,MCH_HEALTH,"{'amount': '16959.31', 'settled_at': '2026-01-08T03:56:00+00:00'}",PAY_000088,2026-01-08T03:56:00+00:00,SET_000088,settlements.csv,settlements:SET_000088
53056.38,BATCH_20260107,INR,2026-01-07T21:58:00+00:00,MCH_HEALTH,"{'amount': '53056.38', 'settled_at': '2026-01-07T21:58:00+00:00'}",PAY_000089,2026-01-07T21:58:00+00:00,SET_000089,settlements.csv,settlements:SET_000089
59818.81,BATCH_20260108,INR,2026-01-08T23:07:00+00:00,MCH_SAAS,"{'amount': '59818.81', 'settled_at': '2026-01-08T23:07:00+00:00'}",PAY_000090,2026-01-08T23:07:00+00:00,SET_000090,settlements.csv,settlements:SET_000090
64550.72,BATCH_20260108,INR,2026-01-08T23:16:00+00:00,MCH_SAAS,"{'amount': '64550.72', 'settled_at': '2026-01-08T23:16:00+00:00'}",PAY_000091,2026-01-08T23:16:00+00:00,SET_000091,settlements.csv,settlements:SET_000091
41822.10,BATCH_20260107,INR,2026-01-07T22:33:00+00:00,MCH_SWIFT,"{'amount': '41822.10', 'settled_at': '2026-01-07T22:33:00+00:00'}",PAY_000092,2026-01-07T22:33:00+00:00,SET_000092,settlements.csv,settlements:SET_000092
25515.35,BATCH_20260107,INR,2026-01-07T22:28:00+00:00,MCH_CAFE,"{'amount': '25515.35', 'settled_at': '2026-01-07T22:28:00+00:00'}",PAY_000093,2026-01-07T22:28:00+00:00,SET_000093,settlements.csv,settlements:SET_000093
74873.88,BATCH_20260107,INR,2026-01-07T21:44:00+00:00,MCH_HEALTH,"{'amount': '74873.88', 'settled_at': '2026-01-07T21:44:00+00:00'}",PAY_000094,2026-01-07T21:44:00+00:00,SET_000094,settlements.csv,settlements:SET_000094
6258.75,BATCH_20260106,INR,2026-01-06T21:44:00+00:00,MCH_ZERO,"{'amount': '6258.75', 'settled_at': '2026-01-06T21:44:00+00:00'}",PAY_000095,2026-01-06T21:44:00+00:00,SET_000095,settlements.csv,settlements:SET_000095
80435.91,BATCH_20260109,INR,2026-01-09T00:57:00+00:00,MCH_SAAS,"{'amount': '80435.91', 'settled_at': '2026-01-09T00:57:00+00:00'}",PAY_000096,2026-01-09T00:57:00+00:00,SET_000096,settlements.csv,settlements:SET_000096
28196.21,BATCH_20260109,INR,2026-01-09T04:51:00+00:00,MCH_TRAVEL,"{'amount': '28196.21', 'settled_at': '2026-01-09T04:51:00+00:00'}",PAY_000097,2026-01-09T04:51:00+00:00,SET_000097,settlements.csv,settlements:SET_000097
26359.97,BATCH_20260109,INR,2026-01-09T03:08:00+00:00,MCH_SAAS,"{'amount': '26359.97', 'settled_at': '2026-01-09T03:08:00+00:00'}",PAY_000098,2026-01-09T03:08:00+00:00,SET_000098,settlements.csv,settlements:SET_000098
9517.41,BATCH_20260109,INR,2026-01-09T01:11:00+00:00,MCH_SAAS,"{'amount': '9517.41', 'settled_at': '2026-01-09T01:11:00+00:00'}",PAY_000099,2026-01-09T01:11:00+00:00,SET_000099,settlements.csv,settlements:SET_000099
53998.90,BATCH_20260108,INR,2026-01-08T00:30:00+00:00,MCH_HEALTH,"{'amount': '53998.90', 'settled_at': '2026-01-08T00:30:00+00:00'}",PAY_000101,2026-01-08T00:30:00+00:00,SET_000101,settlements.csv,settlements:SET_000101
58387.94,BATCH_20260109,INR,2026-01-09T05:42:00+00:00,MCH_SAAS,"{'amount': '58387.94', 'settled_at': '2026-01-09T05:42:00+00:00'}",PAY_000102,2026-01-09T05:42:00+00:00,SET_000102,settlements.csv,settlements:SET_000102
20484.98,BATCH_20260108,INR,2026-01-08T05:33:00+00:00,MCH_SWIFT,"{'amount': '20484.98', 'settled_at': '2026-01-08T05:33:00+00:00'}",PAY_000103,2026-01-08T05:33:00+00:00,SET_000103,settlements.csv,settlements:SET_000103
69088.81,BATCH_20260108,INR,2026-01-08T03:46:00+00:00,MCH_CAFE,"{'amount': '69088.81', 'settled_at': '2026-01-08T03:46:00+00:00'}",PAY_000104,2026-01-08T03:46:00+00:00,SET_000104,settlements.csv,settlements:SET_000104
47052.40,BATCH_20260109,INR,2026-01-09T04:03:00+00:00,MCH_SAAS,"{'amount': '47052.40', 'settled_at': '2026-01-09T04:03:00+00:00'}",PAY_000105,2026-01-09T04:03:00+00:00,SET_000105,settlements.csv,settlements:SET_000105
37360.46,BATCH_20260108,INR,2026-01-08T00:11:00+00:00,MCH_HEALTH,"{'amount': '37360.46', 'settled_at': '2026-01-08T00:11:00+00:00'}",PAY_000106,2026-01-08T00:11:00+00:00,SET_000106,settlements.csv,settlements:SET_000106
12735.75,BATCH_20260108,INR,2026-01-08T01:19:00+00:00,MCH_SWIFT,"{'amount': '12735.75', 'settled_at': '2026-01-08T01:19:00+00:00'}",PAY_000107,2026-01-08T01:19:00+00:00,SET_000107,settlements.csv,settlements:SET_000107
77836.70,BATCH_20260107,INR,2026-01-07T23:12:00+00:00,MCH_SWIFT,"{'amount': '77836.70', 'settled_at': '2026-01-07T23:12:00+00:00'}",PAY_000108,2026-01-07T23:12:00+00:00,SET_000108,settlements.csv,settlements:SET_000108
43158.11,BATCH_20260108,INR,2026-01-08T04:21:00+00:00,MCH_SWIFT,"{'amount': '43158.11', 'settled_at': '2026-01-08T04:21:00+00:00'}",PAY_000109,2026-01-08T04:21:00+00:00,SET_000109,settlements.csv,settlements:SET_000109
41205.00,BATCH_20260116,INR,2026-01-16T22:34:00+00:00,MCH_HEALTH,"{'amount': '41205.00', 'settled_at': '2026-01-16T22:34:00+00:00'}",PAY_000110,2026-01-16T22:34:00+00:00,SET_000110,settlements.csv,settlements:SET_000110
74881.82,BATCH_20260109,INR,2026-01-09T02:50:00+00:00,MCH_SAAS,"{'amount': '74881.82', 'settled_at': '2026-01-09T02:50:00+00:00'}",PAY_000112,2026-01-09T02:50:00+00:00,SET_000112,settlements.csv,settlements:SET_000112
6891.90,BATCH_20260109,INR,2026-01-09T01:59:00+00:00,MCH_TRAVEL,"{'amount': '6891.90', 'settled_at': '2026-01-09T01:59:00+00:00'}",PAY_000113,2026-01-09T01:59:00+00:00,SET_000113,settlements.csv,settlements:SET_000113
31430.14,BATCH_20260108,INR,2026-01-08T23:57:00+00:00,MCH_TRAVEL,"{'amount': '31430.14', 'settled_at': '2026-01-08T23:57:00+00:00'}",PAY_000114,2026-01-08T23:57:00+00:00,SET_000114,settlements.csv,settlements:SET_000114
18042.93,BATCH_20260109,INR,2026-01-09T06:24:00+00:00,MCH_TRAVEL,"{'amount': '18042.93', 'settled_at': '2026-01-09T06:24:00+00:00'}",PAY_000117,2026-01-09T06:24:00+00:00,SET_000117,settlements.csv,settlements:SET_000117
22491.27,BATCH_20260108,INR,2026-01-08T04:36:00+00:00,MCH_CAFE,"{'amount': '22491.27', 'settled_at': '2026-01-08T04:36:00+00:00'}",PAY_000118,2026-01-08T04:36:00+00:00,SET_000118,settlements.csv,settlements:SET_000118
62482.76,BATCH_20260108,INR,2026-01-08T03:43:00+00:00,MCH_HEALTH,"{'amount': '62482.76', 'settled_at': '2026-01-08T03:43:00+00:00'}",PAY_000119,2026-01-08T03:43:00+00:00,SET_000119,settlements.csv,settlements:SET_000119
37338.77,BATCH_20260108,INR,2026-01-08T07:51:00+00:00,MCH_CAFE,"{'amount': '37338.77', 'settled_at': '2026-01-08T07:51:00+00:00'}",PAY_000120,2026-01-08T07:51:00+00:00,SET_000120,settlements.csv,settlements:SET_000120
41790.80,BATCH_20260108,INR,2026-01-08T05:43:00+00:00,MCH_CAFE,"{'amount': '41790.80', 'settled_at': '2026-01-08T05:43:00+00:00'}",PAY_000121,2026-01-08T05:43:00+00:00,SET_000121,settlements.csv,settlements:SET_000121
37676.34,BATCH_20260108,INR,2026-01-08T07:52:00+00:00,MCH_SWIFT,"{'amount': '37676.34', 'settled_at': '2026-01-08T07:52:00+00:00'}",PAY_000122,2026-01-08T07:52:00+00:00,SET_000122,settlements.csv,settlements:SET_000122
18842.07,BATCH_20260109,INR,2026-01-09T04:59:00+00:00,MCH_TRAVEL,"{'amount': '18842.07', 'settled_at': '2026-01-09T04:59:00+00:00'}",PAY_000123,2026-01-09T04:59:00+00:00,SET_000123,settlements.csv,settlements:SET_000123
14350.40,BATCH_20260108,INR,2026-01-08T04:07:00+00:00,MCH_SWIFT,"{'amount': '14350.40', 'settled_at': '2026-01-08T04:07:00+00:00'}",PAY_000124,2026-01-08T04:07:00+00:00,SET_000124,settlements.csv,settlements:SET_000124
30226.46,BATCH_20260109,INR,2026-01-09T02:19:00+00:00,MCH_TRAVEL,"{'amount': '30226.46', 'settled_at': '2026-01-09T02:19:00+00:00'}",PAY_000125,2026-01-09T02:19:00+00:00,SET_000125,settlements.csv,settlements:SET_000125
17963.96,BATCH_20260109,INR,2026-01-09T08:27:00+00:00,MCH_TRAVEL,"{'amount': '17963.96', 'settled_at': '2026-01-09T08:27:00+00:00'}",PAY_000126,2026-01-09T08:27:00+00:00,SET_000126,settlements.csv,settlements:SET_000126
25934.58,BATCH_20260109,INR,2026-01-09T04:23:00+00:00,MCH_TRAVEL,"{'amount': '25934.58', 'settled_at': '2026-01-09T04:23:00+00:00'}",PAY_000127,2026-01-09T04:23:00+00:00,SET_000127,settlements.csv,settlements:SET_000127
39359.00,BATCH_20260107,INR,2026-01-07T08:51:00+00:00,MCH_ZERO,"{'amount': '39359.00', 'settled_at': '2026-01-07T08:51:00+00:00'}",PAY_000130,2026-01-07T08:51:00+00:00,SET_000130,settlements.csv,settlements:SET_000130
63733.24,BATCH_20260108,INR,2026-01-08T02:59:00+00:00,MCH_HEALTH,"{'amount': '63733.24', 'settled_at': '2026-01-08T02:59:00+00:00'}",PAY_000131,2026-01-08T02:59:00+00:00,SET_000131,settlements.csv,settlements:SET_000131
21121.58,BATCH_20260108,INR,2026-01-08T02:08:00+00:00,MCH_CAFE,"{'amount': '21121.58', 'settled_at': '2026-01-08T02:08:00+00:00'}",PAY_000132,2026-01-08T02:08:00+00:00,SET_000132,settlements.csv,settlements:SET_000132
66137.05,BATCH_20260118,INR,2026-01-18T01:15:00+00:00,MCH_SAAS,"{'amount': '66137.05', 'settled_at': '2026-01-18T01:15:00+00:00'}",PAY_000134,2026-01-18T01:15:00+00:00,SET_000134,settlements.csv,settlements:SET_000134
41642.12,BATCH_20260109,INR,2026-01-09T09:30:00+00:00,MCH_SAAS,"{'amount': '41642.12', 'settled_at': '2026-01-09T09:30:00+00:00'}",PAY_000135,2026-01-09T09:30:00+00:00,SET_000135,settlements.csv,settlements:SET_000135
42544.91,BATCH_20260108,INR,2026-01-08T07:28:00+00:00,MCH_CAFE,"{'amount': '42544.91', 'settled_at': '2026-01-08T07:28:00+00:00'}",PAY_000136,2026-01-08T07:28:00+00:00,SET_000136,settlements.csv,settlements:SET_000136
30671.83,BATCH_20260109,INR,2026-01-09T04:44:00+00:00,MCH_TRAVEL,"{'amount': '30671.83', 'settled_at': '2026-01-09T04:44:00+00:00'}",PAY_000137,2026-01-09T04:44:00+00:00,SET_000137,settlements.csv,settlements:SET_000137
50216.14,BATCH_20260109,INR,2026-01-09T05:45:00+00:00,MCH_SAAS,"{'amount': '50216.14', 'settled_at': '2026-01-09T05:45:00+00:00'}",PAY_000138,2026-01-09T05:45:00+00:00,SET_000138,settlements.csv,settlements:SET_000138
40445.34,BATCH_20260108,INR,2026-01-08T06:00:00+00:00,MCH_SWIFT,"{'amount': '40445.34', 'settled_at': '2026-01-08T06:00:00+00:00'}",PAY_000139,2026-01-08T06:00:00+00:00,SET_000139,settlements.csv,settlements:SET_000139
87859.98,BATCH_20260108,INR,2026-01-08T04:09:00+00:00,MCH_SWIFT,"{'amount': '87859.98', 'settled_at': '2026-01-08T04:09:00+00:00'}",PAY_000140,2026-01-08T04:09:00+00:00,SET_000140,settlements.csv,settlements:SET_000140
14702.86,BATCH_20260108,INR,2026-01-08T05:08:00+00:00,MCH_HEALTH,"{'amount': '14702.86', 'settled_at': '2026-01-08T05:08:00+00:00'}",PAY_000141,2026-01-08T05:08:00+00:00,SET_000141,settlements.csv,settlements:SET_000141
66993.20,BATCH_20260108,INR,2026-01-08T04:16:00+00:00,MCH_CAFE,"{'amount': '66993.20', 'settled_at': '2026-01-08T04:16:00+00:00'}",PAY_000142,2026-01-08T04:16:00+00:00,SET_000142,settlements.csv,settlements:SET_000142
57512.20,BATCH_20260108,INR,2026-01-08T10:29:00+00:00,MCH_HEALTH,"{'amount': '57512.20', 'settled_at': '2026-01-08T10:29:00+00:00'}",PAY_000143,2026-01-08T10:29:00+00:00,SET_000143,settlements.csv,settlements:SET_000143
678.44,BATCH_20260108,INR,2026-01-08T09:32:00+00:00,MCH_CAFE,"{'amount': '678.44', 'settled_at': '2026-01-08T09:32:00+00:00'}",PAY_000145,2026-01-08T09:32:00+00:00,SET_000145,settlements.csv,settlements:SET_000145
8465.03,BATCH_20260108,INR,2026-01-08T07:48:00+00:00,MCH_CAFE,"{'amount': '8465.03', 'settled_at': '2026-01-08T07:48:00+00:00'}",PAY_000146,2026-01-08T07:48:00+00:00,SET_000146,settlements.csv,settlements:SET_000146
23287.75,BATCH_20260109,INR,2026-01-09T09:58:00+00:00,MCH_SAAS,"{'amount': '23287.75', 'settled_at': '2026-01-09T09:58:00+00:00'}",PAY_000147,2026-01-09T09:58:00+00:00,SET_000147,settlements.csv,settlements:SET_000147
32510.43,BATCH_20260109,INR,2026-01-09T05:09:00+00:00,MCH_SAAS,"{'amount': '32510.43', 'settled_at': '2026-01-09T05:09:00+00:00'}",PAY_000148,2026-01-09T05:09:00+00:00,SET_000148,settlements.csv,settlements:SET_000148
69443.30,BATCH_20260108,INR,2026-01-08T04:02:00+00:00,MCH_SWIFT,"{'amount': '69443.30', 'settled_at': '2026-01-08T04:02:00+00:00'}",PAY_000149,2026-01-08T04:02:00+00:00,SET_000149,settlements.csv,settlements:SET_000149
59643.04,BATCH_20260108,INR,2026-01-08T07:21:00+00:00,MCH_CAFE,"{'amount': '59643.04', 'settled_at': '2026-01-08T07:21:00+00:00'}",PAY_000150,2026-01-08T07:21:00+00:00,SET_000150,settlements.csv,settlements:SET_000150
42555.81,BATCH_20260108,INR,2026-01-08T04:16:00+00:00,MCH_SWIFT,"{'amount': '42555.81', 'settled_at': '2026-01-08T04:16:00+00:00'}",PAY_000151,2026-01-08T04:16:00+00:00,SET_000151,settlements.csv,settlements:SET_000151
78871.52,BATCH_20260109,INR,2026-01-09T04:18:00+00:00,MCH_SAAS,"{'amount': '78871.52', 'settled_at': '2026-01-09T04:18:00+00:00'}",PAY_000152,2026-01-09T04:18:00+00:00,SET_000152,settlements.csv,settlements:SET_000152
76681.43,BATCH_20260109,INR,2026-01-09T11:24:00+00:00,MCH_SAAS,"{'amount': '76681.43', 'settled_at': '2026-01-09T11:24:00+00:00'}",PAY_000153,2026-01-09T11:24:00+00:00,SET_000153,settlements.csv,settlements:SET_000153
69765.15,BATCH_20260108,INR,2026-01-08T07:46:00+00:00,MCH_SWIFT,"{'amount': '69765.15', 'settled_at': '2026-01-08T07:46:00+00:00'}",PAY_000154,2026-01-08T07:46:00+00:00,SET_000154,settlements.csv,settlements:SET_000154
74364.59,BATCH_20260109,INR,2026-01-09T08:50:00+00:00,MCH_TRAVEL,"{'amount': '74364.59', 'settled_at': '2026-01-09T08:50:00+00:00'}",PAY_000155,2026-01-09T08:50:00+00:00,SET_000155,settlements.csv,settlements:SET_000155
85269.46,BATCH_20260108,INR,2026-01-08T04:55:00+00:00,MCH_SWIFT,"{'amount': '85269.46', 'settled_at': '2026-01-08T04:55:00+00:00'}",PAY_000156,2026-01-08T04:55:00+00:00,SET_000156,settlements.csv,settlements:SET_000156
76289.73,BATCH_20260108,INR,2026-01-08T05:08:00+00:00,MCH_HEALTH,"{'amount': '76289.73', 'settled_at': '2026-01-08T05:08:00+00:00'}",PAY_000157,2026-01-08T05:08:00+00:00,SET_000157,settlements.csv,settlements:SET_000157
82757.09,BATCH_20260108,INR,2026-01-08T11:11:00+00:00,MCH_CAFE,"{'amount': '82757.09', 'settled_at': '2026-01-08T11:11:00+00:00'}",PAY_000158,2026-01-08T11:11:00+00:00,SET_000158,settlements.csv,settlements:SET_000158
38890.34,BATCH_20260108,INR,2026-01-08T08:23:00+00:00,MCH_SWIFT,"{'amount': '38890.34', 'settled_at': '2026-01-08T08:23:00+00:00'}",PAY_000159,2026-01-08T08:23:00+00:00,SET_000159,settlements.csv,settlements:SET_000159
18795.40,BATCH_20260108,INR,2026-01-08T07:28:00+00:00,MCH_CAFE,"{'amount': '18795.40', 'settled_at': '2026-01-08T07:28:00+00:00'}",PAY_000160,2026-01-08T07:28:00+00:00,SET_000160,settlements.csv,settlements:SET_000160
31322.72,BATCH_20260109,INR,2026-01-09T10:22:00+00:00,MCH_SAAS,"{'amount': '31322.72', 'settled_at': '2026-01-09T10:22:00+00:00'}",PAY_000161,2026-01-09T10:22:00+00:00,SET_000161,settlements.csv,settlements:SET_000161
70506.75,BATCH_20260107,INR,2026-01-07T05:33:00+00:00,MCH_ZERO,"{'amount': '70506.75', 'settled_at': '2026-01-07T05:33:00+00:00'}",PAY_000162,2026-01-07T05:33:00+00:00,SET_000162,settlements.csv,settlements:SET_000162
24962.50,BATCH_20260107,INR,2026-01-07T08:42:00+00:00,MCH_ZERO,"{'amount': '24962.50', 'settled_at': '2026-01-07T08:42:00+00:00'}",PAY_000163,2026-01-07T08:42:00+00:00,SET_000163,settlements.csv,settlements:SET_000163
24776.63,BATCH_20260108,INR,2026-01-08T09:06:00+00:00,MCH_SWIFT,"{'amount': '24776.63', 'settled_at': '2026-01-08T09:06:00+00:00'}",PAY_000165,2026-01-08T09:06:00+00:00,SET_000165,settlements.csv,settlements:SET_000165
41600.92,BATCH_20260108,INR,2026-01-08T10:13:00+00:00,MCH_HEALTH,"{'amount': '41600.92', 'settled_at': '2026-01-08T10:13:00+00:00'}",PAY_000166,2026-01-08T10:13:00+00:00,SET_000166,settlements.csv,settlements:SET_000166
46393.83,BATCH_20260108,INR,2026-01-08T11:06:00+00:00,MCH_CAFE,"{'amount': '46393.83', 'settled_at': '2026-01-08T11:06:00+00:00'}",PAY_000167,2026-01-08T11:06:00+00:00,SET_000167,settlements.csv,settlements:SET_000167
48006.00,BATCH_20260108,INR,2026-01-08T06:14:00+00:00,MCH_SWIFT,"{'amount': '48006.00', 'settled_at': '2026-01-08T06:14:00+00:00'}",PAY_000168,2026-01-08T06:14:00+00:00,SET_000168,settlements.csv,settlements:SET_000168
71219.38,BATCH_20260108,INR,2026-01-08T08:32:00+00:00,MCH_CAFE,"{'amount': '71219.38', 'settled_at': '2026-01-08T08:32:00+00:00'}",PAY_000169,2026-01-08T08:32:00+00:00,SET_000169,settlements.csv,settlements:SET_000169
42749.35,BATCH_20260108,INR,2026-01-08T11:32:00+00:00,MCH_SWIFT,"{'amount': '42749.35', 'settled_at': '2026-01-08T11:32:00+00:00'}",PAY_000170,2026-01-08T11:32:00+00:00,SET_000170,settlements.csv,settlements:SET_000170
21786.98,BATCH_20260109,INR,2026-01-09T08:40:00+00:00,MCH_SAAS,"{'amount': '21786.98', 'settled_at': '2026-01-09T08:40:00+00:00'}",PAY_000172,2026-01-09T08:40:00+00:00,SET_000172,settlements.csv,settlements:SET_000172
82730.54,BATCH_20260108,INR,2026-01-08T06:44:00+00:00,MCH_HEALTH,"{'amount': '82730.54', 'settled_at': '2026-01-08T06:44:00+00:00'}",PAY_000173,2026-01-08T06:44:00+00:00,SET_000173,settlements.csv,settlements:SET_000173
17986.00,BATCH_20260109,INR,2026-01-09T09:53:00+00:00,MCH_SAAS,"{'amount': '17986.00', 'settled_at': '2026-01-09T09:53:00+00:00'}",PAY_000174,2026-01-09T09:53:00+00:00,SET_000174,settlements.csv,settlements:SET_000174
81094.99,BATCH_20260107,INR,2026-01-07T07:15:00+00:00,MCH_ZERO,"{'amount': '81094.99', 'settled_at': '2026-01-07T07:15:00+00:00'}",PAY_000175,2026-01-07T07:15:00+00:00,SET_000175,settlements.csv,settlements:SET_000175
1801.67,BATCH_20260109,INR,2026-01-09T07:16:00+00:00,MCH_SAAS,"{'amount': '1801.67', 'settled_at': '2026-01-09T07:16:00+00:00'}",PAY_000176,2026-01-09T07:16:00+00:00,SET_000176,settlements.csv,settlements:SET_000176
86869.32,BATCH_20260108,INR,2026-01-08T10:13:00+00:00,MCH_HEALTH,"{'amount': '86869.32', 'settled_at': '2026-01-08T10:13:00+00:00'}",PAY_000177,2026-01-08T10:13:00+00:00,SET_000177,settlements.csv,settlements:SET_000177
80064.86,BATCH_20260108,INR,2026-01-08T08:27:00+00:00,MCH_SWIFT,"{'amount': '80064.86', 'settled_at': '2026-01-08T08:27:00+00:00'}",PAY_000178,2026-01-08T08:27:00+00:00,SET_000178,settlements.csv,settlements:SET_000178
52338.85,BATCH_20260108,INR,2026-01-08T08:32:00+00:00,MCH_CAFE,"{'amount': '52338.85', 'settled_at': '2026-01-08T08:32:00+00:00'}",PAY_000179,2026-01-08T08:32:00+00:00,SET_000179,settlements.csv,settlements:SET_000179
83851.84,BATCH_20260109,INR,2026-01-09T14:46:00+00:00,MCH_TRAVEL,"{'amount': '83851.84', 'settled_at': '2026-01-09T14:46:00+00:00'}",PAY_000180,2026-01-09T14:46:00+00:00,SET_000180,settlements.csv,settlements:SET_000180
57072.07,BATCH_20260107,INR,2026-01-07T08:53:00+00:00,MCH_ZERO,"{'amount': '57072.07', 'settled_at': '2026-01-07T08:53:00+00:00'}",PAY_000181,2026-01-07T08:53:00+00:00,SET_000181,settlements.csv,settlements:SET_000181
5755.46,BATCH_20260108,INR,2026-01-08T08:05:00+00:00,MCH_HEALTH,"{'amount': '5755.46', 'settled_at': '2026-01-08T08:05:00+00:00'}",PAY_000182,2026-01-08T08:05:00+00:00,SET_000182,settlements.csv,settlements:SET_000182
13228.38,BATCH_20260107,INR,2026-01-07T12:58:00+00:00,MCH_ZERO,"{'amount': '13228.38', 'settled_at': '2026-01-07T12:58:00+00:00'}",PAY_000183,2026-01-07T12:58:00+00:00,SET_000183,settlements.csv,settlements:SET_000183
75849.63,BATCH_20260108,INR,2026-01-08T11:08:00+00:00,MCH_SWIFT,"{'amount': '75849.63', 'settled_at': '2026-01-08T11:08:00+00:00'}",PAY_000184,2026-01-08T11:08:00+00:00,SET_000184,settlements.csv,settlements:SET_000184
50277.59,BATCH_20260108,INR,2026-01-08T09:20:00+00:00,MCH_HEALTH,"{'amount': '50277.59', 'settled_at': '2026-01-08T09:20:00+00:00'}",PAY_000185,2026-01-08T09:20:00+00:00,SET_000185,settlements.csv,settlements:SET_000185
44715.36,BATCH_20260108,INR,2026-01-08T13:23:00+00:00,MCH_HEALTH,"{'amount': '44715.36', 'settled_at': '2026-01-08T13:23:00+00:00'}",PAY_000186,2026-01-08T13:23:00+00:00,SET_000186,settlements.csv,settlements:SET_000186
29441.95,BATCH_20260109,INR,2026-01-09T14:43:00+00:00,MCH_SAAS,"{'amount': '29441.95', 'settled_at': '2026-01-09T14:43:00+00:00'}",PAY_000188,2026-01-09T14:43:00+00:00,SET_000188,settlements.csv,settlements:SET_000188
81383.00,BATCH_20260107,INR,2026-01-07T12:41:00+00:00,MCH_ZERO,"{'amount': '81383.00', 'settled_at': '2026-01-07T12:41:00+00:00'}",PAY_000189,2026-01-07T12:41:00+00:00,SET_000189,settlements.csv,settlements:SET_000189
49202.81,BATCH_20260108,INR,2026-01-08T13:54:00+00:00,MCH_SWIFT,"{'amount': '49202.81', 'settled_at': '2026-01-08T13:54:00+00:00'}",PAY_000190,2026-01-08T13:54:00+00:00,SET_000190,settlements.csv,settlements:SET_000190
12295.00,BATCH_20260107,INR,2026-01-07T10:02:00+00:00,MCH_ZERO,"{'amount': '12295.00', 'settled_at': '2026-01-07T10:02:00+00:00'}",PAY_000191,2026-01-07T10:02:00+00:00,SET_000191,settlements.csv,settlements:SET_000191
11527.64,BATCH_20260108,INR,2026-01-08T10:15:00+00:00,MCH_SWIFT,"{'amount': '11527.64', 'settled_at': '2026-01-08T10:15:00+00:00'}",PAY_000192,2026-01-08T10:15:00+00:00,SET_000192,settlements.csv,settlements:SET_000192
12046.00,BATCH_20260107,INR,2026-01-07T09:12:00+00:00,MCH_ZERO,"{'amount': '12046.00', 'settled_at': '2026-01-07T09:12:00+00:00'}",PAY_000193,2026-01-07T09:12:00+00:00,SET_000193,settlements.csv,settlements:SET_000193
73639.00,BATCH_20260107,INR,2026-01-07T11:25:00+00:00,MCH_ZERO,"{'amount': '73639.00', 'settled_at': '2026-01-07T11:25:00+00:00'}",PAY_000195,2026-01-07T11:25:00+00:00,SET_000195,settlements.csv,settlements:SET_000195
35553.49,BATCH_20260109,INR,2026-01-09T13:35:00+00:00,MCH_SAAS,"{'amount': '35553.49', 'settled_at': '2026-01-09T13:35:00+00:00'}",PAY_000197,2026-01-09T13:35:00+00:00,SET_000197,settlements.csv,settlements:SET_000197
80741.21,BATCH_20260108,INR,2026-01-08T10:47:00+00:00,MCH_SWIFT,"{'amount': '80741.21', 'settled_at': '2026-01-08T10:47:00+00:00'}",PAY_000198,2026-01-08T10:47:00+00:00,SET_000198,settlements.csv,settlements:SET_000198
19777.35,BATCH_20260108,INR,2026-01-08T16:58:00+00:00,MCH_SWIFT,"{'amount': '19777.35', 'settled_at': '2026-01-08T16:58:00+00:00'}",PAY_000199,2026-01-08T16:58:00+00:00,SET_000199,settlements.csv,settlements:SET_000199
76755.67,BATCH_20260109,INR,2026-01-09T14:59:00+00:00,MCH_TRAVEL,"{'amount': '76755.67', 'settled_at': '2026-01-09T14:59:00+00:00'}",PAY_000200,2026-01-09T14:59:00+00:00,SET_000200,settlements.csv,settlements:SET_000200
37651.73,BATCH_20260117,INR,2026-01-17T09:08:00+00:00,MCH_CAFE,"{'amount': '37651.73', 'settled_at': '2026-01-17T09:08:00+00:00'}",PAY_000201,2026-01-17T09:08:00+00:00,SET_000201,settlements.csv,settlements:SET_000201
74180.83,BATCH_20260107,INR,2026-01-07T17:21:00+00:00,MCH_ZERO,"{'amount': '74180.83', 'settled_at': '2026-01-07T17:21:00+00:00'}",PAY_000203,2026-01-07T17:21:00+00:00,SET_000203,settlements.csv,settlements:SET_000203
37518.61,BATCH_20260109,INR,2026-01-09T14:37:00+00:00,MCH_SAAS,"{'amount': '37518.61', 'settled_at': '2026-01-09T14:37:00+00:00'}",PAY_000204,2026-01-09T14:37:00+00:00,SET_000204,settlements.csv,settlements:SET_000204
32815.19,BATCH_20260108,INR,2026-01-08T11:44:00+00:00,MCH_SWIFT,"{'amount': '32815.19', 'settled_at': '2026-01-08T11:44:00+00:00'}",PAY_000205,2026-01-08T11:44:00+00:00,SET_000205,settlements.csv,settlements:SET_000205
76700.44,BATCH_20260109,INR,2026-01-09T10:53:00+00:00,MCH_SAAS,"{'amount': '76700.44', 'settled_at': '2026-01-09T10:53:00+00:00'}",PAY_000206,2026-01-09T10:53:00+00:00,SET_000206,settlements.csv,settlements:SET_000206
69116.68,BATCH_20260108,INR,2026-01-08T15:43:00+00:00,MCH_CAFE,"{'amount': '69116.68', 'settled_at': '2026-01-08T15:43:00+00:00'}",PAY_000207,2026-01-08T15:43:00+00:00,SET_000207,settlements.csv,settlements:SET_000207
83568.64,BATCH_20260108,INR,2026-01-08T17:03:00+00:00,MCH_SWIFT,"{'amount': '83568.64', 'settled_at': '2026-01-08T17:03:00+00:00'}",PAY_000208,2026-01-08T17:03:00+00:00,SET_000208,settlements.csv,settlements:SET_000208
1682.00,BATCH_20260107,INR,2026-01-07T18:11:00+00:00,MCH_ZERO,"{'amount': '1682.00', 'settled_at': '2026-01-07T18:11:00+00:00'}",PAY_000209,2026-01-07T18:11:00+00:00,SET_000209,settlements.csv,settlements:SET_000209
40291.70,BATCH_20260108,INR,2026-01-08T16:21:00+00:00,MCH_CAFE,"{'amount': '40291.70', 'settled_at': '2026-01-08T16:21:00+00:00'}",PAY_000210,2026-01-08T16:21:00+00:00,SET_000210,settlements.csv,settlements:SET_000210
13647.92,BATCH_20260109,INR,2026-01-09T16:11:00+00:00,MCH_SAAS,"{'amount': '13647.92', 'settled_at': '2026-01-09T16:11:00+00:00'}",PAY_000211,2026-01-09T16:11:00+00:00,SET_000211,settlements.csv,settlements:SET_000211
44026.81,BATCH_20260108,INR,2026-01-08T18:34:00+00:00,MCH_CAFE,"{'amount': '44026.81', 'settled_at': '2026-01-08T18:34:00+00:00'}",PAY_000212,2026-01-08T18:34:00+00:00,SET_000212,settlements.csv,settlements:SET_000212
58464.54,BATCH_20260109,INR,2026-01-09T11:25:00+00:00,MCH_TRAVEL,"{'amount': '58464.54', 'settled_at': '2026-01-09T11:25:00+00:00'}",PAY_000213,2026-01-09T11:25:00+00:00,SET_000213,settlements.csv,settlements:SET_000213
83352.94,BATCH_20260108,INR,2026-01-08T13:37:00+00:00,MCH_CAFE,"{'amount': '83352.94', 'settled_at': '2026-01-08T13:37:00+00:00'}",PAY_000214,2026-01-08T13:37:00+00:00,SET_000214,settlements.csv,settlements:SET_000214
72057.28,BATCH_20260117,INR,2026-01-17T10:49:00+00:00,MCH_CAFE,"{'amount': '72057.28', 'settled_at': '2026-01-17T10:49:00+00:00'}",PAY_000215,2026-01-17T10:49:00+00:00,SET_000215,settlements.csv,settlements:SET_000215
44520.92,BATCH_20260109,INR,2026-01-09T17:49:00+00:00,MCH_TRAVEL,"{'amount': '44520.92', 'settled_at': '2026-01-09T17:49:00+00:00'}",PAY_000216,2026-01-09T17:49:00+00:00,SET_000216,settlements.csv,settlements:SET_000216
27906.39,BATCH_20260109,INR,2026-01-09T13:57:00+00:00,MCH_TRAVEL,"{'amount': '27906.39', 'settled_at': '2026-01-09T13:57:00+00:00'}",PAY_000217,2026-01-09T13:57:00+00:00,SET_000217,settlements.csv,settlements:SET_000217
30235.03,BATCH_20260108,INR,2026-01-08T17:05:00+00:00,MCH_CAFE,"{'amount': '30235.03', 'settled_at': '2026-01-08T17:05:00+00:00'}",PAY_000218,2026-01-08T17:05:00+00:00,SET_000218,settlements.csv,settlements:SET_000218
50210.71,BATCH_20260108,INR,2026-01-08T17:11:00+00:00,MCH_HEALTH,"{'amount': '50210.71', 'settled_at': '2026-01-08T17:11:00+00:00'}",PAY_000219,2026-01-08T17:11:00+00:00,SET_000219,settlements.csv,settlements:SET_000219
79182.55,BATCH_20260109,INR,2026-01-09T14:25:00+00:00,MCH_SAAS,"{'amount': '79182.55', 'settled_at': '2026-01-09T14:25:00+00:00'}",PAY_000220,2026-01-09T14:25:00+00:00,SET_000220,settlements.csv,settlements:SET_000220
15399.54,BATCH_20260117,INR,2026-01-17T11:23:00+00:00,MCH_CAFE,"{'amount': '15399.54', 'settled_at': '2026-01-17T11:23:00+00:00'}",PAY_000221,2026-01-17T11:23:00+00:00,SET_000221,settlements.csv,settlements:SET_000221
50187.92,BATCH_20260108,INR,2026-01-08T14:38:00+00:00,MCH_HEALTH,"{'amount': '50187.92', 'settled_at': '2026-01-08T14:38:00+00:00'}",PAY_000222,2026-01-08T14:38:00+00:00,SET_000222,settlements.csv,settlements:SET_000222
81501.59,BATCH_20260109,INR,2026-01-09T19:50:00+00:00,MCH_SAAS,"{'amount': '81501.59', 'settled_at': '2026-01-09T19:50:00+00:00'}",PAY_000223,2026-01-09T19:50:00+00:00,SET_000223,settlements.csv,settlements:SET_000223
10198.25,BATCH_20260108,INR,2026-01-08T14:43:00+00:00,MCH_CAFE,"{'amount': '10198.25', 'settled_at': '2026-01-08T14:43:00+00:00'}",PAY_000224,2026-01-08T14:43:00+00:00,SET_000224,settlements.csv,settlements:SET_000224
49710.26,BATCH_20260108,INR,2026-01-08T20:06:00+00:00,MCH_SWIFT,"{'amount': '49710.26', 'settled_at': '2026-01-08T20:06:00+00:00'}",PAY_000225,2026-01-08T20:06:00+00:00,SET_000225,settlements.csv,settlements:SET_000225
57009.34,BATCH_20260109,INR,2026-01-09T16:53:00+00:00,MCH_SAAS,"{'amount': '57009.34', 'settled_at': '2026-01-09T16:53:00+00:00'}",PAY_000226,2026-01-09T16:53:00+00:00,SET_000226,settlements.csv,settlements:SET_000226
36325.00,BATCH_20260107,INR,2026-01-07T20:07:00+00:00,MCH_ZERO,"{'amount': '36325.00', 'settled_at': '2026-01-07T20:07:00+00:00'}",PAY_000227,2026-01-07T20:07:00+00:00,SET_000227,settlements.csv,settlements:SET_000227
65859.81,BATCH_20260108,INR,2026-01-08T13:15:00+00:00,MCH_HEALTH,"{'amount': '65859.81', 'settled_at': '2026-01-08T13:15:00+00:00'}",PAY_000228,2026-01-08T13:15:00+00:00,SET_000228,settlements.csv,settlements:SET_000228
28361.36,BATCH_20260108,INR,2026-01-08T13:26:00+00:00,MCH_HEALTH,"{'amount': '28361.36', 'settled_at': '2026-01-08T13:26:00+00:00'}",PAY_000229,2026-01-08T13:26:00+00:00,SET_000229,settlements.csv,settlements:SET_000229
33873.32,BATCH_20260118,INR,2026-01-18T12:27:00+00:00,MCH_SAAS,"{'amount': '33873.32', 'settled_at': '2026-01-18T12:27:00+00:00'}",PAY_000230,2026-01-18T12:27:00+00:00,SET_000230,settlements.csv,settlements:SET_000230
75884.90,BATCH_20260109,INR,2026-01-09T15:46:00+00:00,MCH_TRAVEL,"{'amount': '75884.90', 'settled_at': '2026-01-09T15:46:00+00:00'}",PAY_000231,2026-01-09T15:46:00+00:00,SET_000231,settlements.csv,settlements:SET_000231
26927.37,BATCH_20260108,INR,2026-01-08T15:54:00+00:00,MCH_SWIFT,"{'amount': '26927.37', 'settled_at': '2026-01-08T15:54:00+00:00'}",PAY_000232,2026-01-08T15:54:00+00:00,SET_000232,settlements.csv,settlements:SET_000232
37803.57,BATCH_20260108,INR,2026-01-08T16:00:00+00:00,MCH_CAFE,"{'amount': '37803.57', 'settled_at': '2026-01-08T16:00:00+00:00'}",PAY_000233,2026-01-08T16:00:00+00:00,SET_000233,settlements.csv,settlements:SET_000233
7863.25,BATCH_20260109,INR,2026-01-09T15:54:00+00:00,MCH_SAAS,"{'amount': '7863.25', 'settled_at': '2026-01-09T15:54:00+00:00'}",PAY_000234,2026-01-09T15:54:00+00:00,SET_000234,settlements.csv,settlements:SET_000234
41703.18,BATCH_20260109,INR,2026-01-09T18:14:00+00:00,MCH_TRAVEL,"{'amount': '41703.18', 'settled_at': '2026-01-09T18:14:00+00:00'}",PAY_000235,2026-01-09T18:14:00+00:00,SET_000235,settlements.csv,settlements:SET_000235
53549.98,BATCH_20260109,INR,2026-01-09T18:05:00+00:00,MCH_TRAVEL,"{'amount': '53549.98', 'settled_at': '2026-01-09T18:05:00+00:00'}",PAY_000236,2026-01-09T18:05:00+00:00,SET_000236,settlements.csv,settlements:SET_000236
85685.09,BATCH_20260109,INR,2026-01-09T17:34:00+00:00,MCH_TRAVEL,"{'amount': '85685.09', 'settled_at': '2026-01-09T17:34:00+00:00'}",PAY_000238,2026-01-09T17:34:00+00:00,SET_000238,settlements.csv,settlements:SET_000238
27360.57,BATCH_20260109,INR,2026-01-09T16:35:00+00:00,MCH_SAAS,"{'amount': '27360.57', 'settled_at': '2026-01-09T16:35:00+00:00'}",PAY_000239,2026-01-09T16:35:00+00:00,SET_000239,settlements.csv,settlements:SET_000239
62631.72,BATCH_20260108,INR,2026-01-08T21:32:00+00:00,MCH_HEALTH,"{'amount': '62631.72', 'settled_at': '2026-01-08T21:32:00+00:00'}",PAY_000240,2026-01-08T21:32:00+00:00,SET_000240,settlements.csv,settlements:SET_000240
16584.00,BATCH_20260107,INR,2026-01-07T17:41:00+00:00,MCH_ZERO,"{'amount': '16584.00', 'settled_at': '2026-01-07T17:41:00+00:00'}",PAY_000241,2026-01-07T17:41:00+00:00,SET_000241,settlements.csv,settlements:SET_000241
17250.53,BATCH_20260109,INR,2026-01-09T19:54:00+00:00,MCH_TRAVEL,"{'amount': '17250.53', 'settled_at': '2026-01-09T19:54:00+00:00'}",PAY_000242,2026-01-09T19:54:00+00:00,SET_000242,settlements.csv,settlements:SET_000242
10856.73,BATCH_20260108,INR,2026-01-08T21:02:00+00:00,MCH_CAFE,"{'amount': '10856.73', 'settled_at': '2026-01-08T21:02:00+00:00'}",PAY_000243,2026-01-08T21:02:00+00:00,SET_000243,settlements.csv,settlements:SET_000243
12014.93,BATCH_20260109,INR,2026-01-09T16:12:00+00:00,MCH_TRAVEL,"{'amount': '12014.93', 'settled_at': '2026-01-09T16:12:00+00:00'}",PAY_000245,2026-01-09T16:12:00+00:00,SET_000245,settlements.csv,settlements:SET_000245
70222.80,BATCH_20260108,INR,2026-01-08T16:32:00+00:00,MCH_SWIFT,"{'amount': '70222.80', 'settled_at': '2026-01-08T16:32:00+00:00'}",PAY_000246,2026-01-08T16:32:00+00:00,SET_000246,settlements.csv,settlements:SET_000246
17178.64,BATCH_20260109,INR,2026-01-09T16:33:00+00:00,MCH_SAAS,"{'amount': '17178.64', 'settled_at': '2026-01-09T16:33:00+00:00'}",PAY_000247,2026-01-09T16:33:00+00:00,SET_000247,settlements.csv,settlements:SET_000247
41371.00,BATCH_20260107,INR,2026-01-07T17:40:00+00:00,MCH_ZERO,"{'amount': '41371.00', 'settled_at': '2026-01-07T17:40:00+00:00'}",PAY_000248,2026-01-07T17:40:00+00:00,SET_000248,settlements.csv,settlements:SET_000248
69834.50,BATCH_20260107,INR,2026-01-07T20:43:00+00:00,MCH_ZERO,"{'amount': '69834.50', 'settled_at': '2026-01-07T20:43:00+00:00'}",PAY_000249,2026-01-07T20:43:00+00:00,SET_000249,settlements.csv,settlements:SET_000249
27683.46,BATCH_20260109,INR,2026-01-09T16:58:00+00:00,MCH_TRAVEL,"{'amount': '27683.46', 'settled_at': '2026-01-09T16:58:00+00:00'}",PAY_000250,2026-01-09T16:58:00+00:00,SET_000250,settlements.csv,settlements:SET_000250
18651.00,BATCH_20260107,INR,2026-01-07T22:05:00+00:00,MCH_ZERO,"{'amount': '18651.00', 'settled_at': '2026-01-07T22:05:00+00:00'}",PAY_000251,2026-01-07T22:05:00+00:00,SET_000251,settlements.csv,settlements:SET_000251
12911.05,BATCH_20260108,INR,2026-01-08T20:02:00+00:00,MCH_CAFE,"{'amount': '12911.05', 'settled_at': '2026-01-08T20:02:00+00:00'}",PAY_000252,2026-01-08T20:02:00+00:00,SET_000252,settlements.csv,settlements:SET_000252
3737.25,BATCH_20260109,INR,2026-01-09T22:19:00+00:00,MCH_TRAVEL,"{'amount': '3737.25', 'settled_at': '2026-01-09T22:19:00+00:00'}",PAY_000253,2026-01-09T22:19:00+00:00,SET_000253,settlements.csv,settlements:SET_000253
83122.13,BATCH_20260108,INR,2026-01-08T19:24:00+00:00,MCH_CAFE,"{'amount': '83122.13', 'settled_at': '2026-01-08T19:24:00+00:00'}",PAY_000254,2026-01-08T19:24:00+00:00,SET_000254,settlements.csv,settlements:SET_000254
33501.04,BATCH_20260109,INR,2026-01-09T21:20:00+00:00,MCH_SAAS,"{'amount': '33501.04', 'settled_at': '2026-01-09T21:20:00+00:00'}",PAY_000255,2026-01-09T21:20:00+00:00,SET_000255,settlements.csv,settlements:SET_000255
19430.59,BATCH_20260108,INR,2026-01-08T17:33:00+00:00,MCH_HEALTH,"{'amount': '19430.59', 'settled_at': '2026-01-08T17:33:00+00:00'}",PAY_000256,2026-01-08T17:33:00+00:00,SET_000256,settlements.csv,settlements:SET_000256
2107.00,BATCH_20260107,INR,2026-01-07T20:31:00+00:00,MCH_ZERO,"{'amount': '2107.00', 'settled_at': '2026-01-07T20:31:00+00:00'}",PAY_000257,2026-01-07T20:31:00+00:00,SET_000257,settlements.csv,settlements:SET_000257
64713.76,BATCH_20260109,INR,2026-01-09T18:54:00+00:00,MCH_TRAVEL,"{'amount': '64713.76', 'settled_at': '2026-01-09T18:54:00+00:00'}",PAY_000258,2026-01-09T18:54:00+00:00,SET_000258,settlements.csv,settlements:SET_000258
11007.35,BATCH_20260108,INR,2026-01-08T21:54:00+00:00,MCH_CAFE,"{'amount': '11007.35', 'settled_at': '2026-01-08T21:54:00+00:00'}",PAY_000259,2026-01-08T21:54:00+00:00,SET_000259,settlements.csv,settlements:SET_000259
18284.75,BATCH_20260107,INR,2026-01-07T21:28:00+00:00,MCH_ZERO,"{'amount': '18284.75', 'settled_at': '2026-01-07T21:28:00+00:00'}",PAY_000263,2026-01-07T21:28:00+00:00,SET_000263,settlements.csv,settlements:SET_000263
48155.26,BATCH_20260108,INR,2026-01-08T22:27:00+00:00,MCH_SWIFT,"{'amount': '48155.26', 'settled_at': '2026-01-08T22:27:00+00:00'}",PAY_000264,2026-01-08T22:27:00+00:00,SET_000264,settlements.csv,settlements:SET_000264
35034.22,BATCH_20260110,INR,2026-01-10T00:30:00+00:00,MCH_SAAS,"{'amount': '35034.22', 'settled_at': '2026-01-10T00:30:00+00:00'}",PAY_000265,2026-01-10T00:30:00+00:00,SET_000265,settlements.csv,settlements:SET_000265
42079.53,BATCH_20260109,INR,2026-01-09T18:42:00+00:00,MCH_SAAS,"{'amount': '42079.53', 'settled_at': '2026-01-09T18:42:00+00:00'}",PAY_000266,2026-01-09T18:42:00+00:00,SET_000266,settlements.csv,settlements:SET_000266
65783.14,BATCH_20260109,INR,2026-01-09T00:47:00+00:00,MCH_SWIFT,"{'amount': '65783.14', 'settled_at': '2026-01-09T00:47:00+00:00'}",PAY_000267,2026-01-09T00:47:00+00:00,SET_000267,settlements.csv,settlements:SET_000267
24435.78,BATCH_20260108,INR,2026-01-08T21:04:00+00:00,MCH_CAFE,"{'amount': '24435.78', 'settled_at': '2026-01-08T21:04:00+00:00'}",PAY_000268,2026-01-08T21:04:00+00:00,SET_000268,settlements.csv,settlements:SET_000268
41173.15,BATCH_20260109,INR,2026-01-09T18:09:00+00:00,MCH_SAAS,"{'amount': '41173.15', 'settled_at': '2026-01-09T18:09:00+00:00'}",PAY_000269,2026-01-09T18:09:00+00:00,SET_000269,settlements.csv,settlements:SET_000269
29018.54,BATCH_20260108,INR,2026-01-08T22:06:00+00:00,MCH_SWIFT,"{'amount': '29018.54', 'settled_at': '2026-01-08T22:06:00+00:00'}",PAY_000270,2026-01-08T22:06:00+00:00,SET_000270,settlements.csv,settlements:SET_000270
42142.04,BATCH_20260108,INR,2026-01-08T21:11:00+00:00,MCH_CAFE,"{'amount': '42142.04', 'settled_at': '2026-01-08T21:11:00+00:00'}",PAY_000271,2026-01-08T21:11:00+00:00,SET_000271,settlements.csv,settlements:SET_000271
80357.52,BATCH_20260109,INR,2026-01-09T21:32:00+00:00,MCH_TRAVEL,"{'amount': '80357.52', 'settled_at': '2026-01-09T21:32:00+00:00'}",PAY_000272,2026-01-09T21:32:00+00:00,SET_000272,settlements.csv,settlements:SET_000272
1111.82,BATCH_20260108,INR,2026-01-08T18:40:00+00:00,MCH_SWIFT,"{'amount': '1111.82', 'settled_at': '2026-01-08T18:40:00+00:00'}",PAY_000273,2026-01-08T18:40:00+00:00,SET_000273,settlements.csv,settlements:SET_000273
39828.49,BATCH_20260110,INR,2026-01-10T01:47:00+00:00,MCH_TRAVEL,"{'amount': '39828.49', 'settled_at': '2026-01-10T01:47:00+00:00'}",PAY_000275,2026-01-10T01:47:00+00:00,SET_000275,settlements.csv,settlements:SET_000275
18961.75,BATCH_20260108,INR,2026-01-08T00:44:00+00:00,MCH_ZERO,"{'amount': '18961.75', 'settled_at': '2026-01-08T00:44:00+00:00'}",PAY_000276,2026-01-08T00:44:00+00:00,SET_000276,settlements.csv,settlements:SET_000276
48183.91,BATCH_20260110,INR,2026-01-10T00:57:00+00:00,MCH_TRAVEL,"{'amount': '48183.91', 'settled_at': '2026-01-10T00:57:00+00:00'}",PAY_000277,2026-01-10T00:57:00+00:00,SET_000277,settlements.csv,settlements:SET_000277
77880.50,BATCH_20260107,INR,2026-01-07T23:04:00+00:00,MCH_ZERO,"{'amount': '77880.50', 'settled_at': '2026-01-07T23:04:00+00:00'}",PAY_000278,2026-01-07T23:04:00+00:00,SET_000278,settlements.csv,settlements:SET_000278
40671.31,BATCH_20260108,INR,2026-01-08T22:20:00+00:00,MCH_CAFE,"{'amount': '40671.31', 'settled_at': '2026-01-08T22:20:00+00:00'}",PAY_000279,2026-01-08T22:20:00+00:00,SET_000279,settlements.csv,settlements:SET_000279
26869.00,BATCH_20260107,INR,2026-01-07T21:15:00+00:00,MCH_ZERO,"{'amount': '26869.00', 'settled_at': '2026-01-07T21:15:00+00:00'}",PAY_000280,2026-01-07T21:15:00+00:00,SET_000280,settlements.csv,settlements:SET_000280
33025.90,BATCH_20260110,INR,2026-01-10T02:35:00+00:00,MCH_SAAS,"{'amount': '33025.90', 'settled_at': '2026-01-10T02:35:00+00:00'}",PAY_000281,2026-01-10T02:35:00+00:00,SET_000281,settlements.csv,settlements:SET_000281
59686.32,BATCH_20260108,INR,2026-01-08T19:30:00+00:00,MCH_CAFE,"{'amount': '59686.32', 'settled_at': '2026-01-08T19:30:00+00:00'}",PAY_000282,2026-01-08T19:30:00+00:00,SET_000282,settlements.csv,settlements:SET_000282
42482.25,BATCH_20260109,INR,2026-01-09T01:44:00+00:00,MCH_SWIFT,"{'amount': '42482.25', 'settled_at': '2026-01-09T01:44:00+00:00'}",PAY_000283,2026-01-09T01:44:00+00:00,SET_000283,settlements.csv,settlements:SET_000283
6578.41,BATCH_20260109,INR,2026-01-09T01:46:00+00:00,MCH_HEALTH,"{'amount': '6578.41', 'settled_at': '2026-01-09T01:46:00+00:00'}",PAY_000284,2026-01-09T01:46:00+00:00,SET_000284,settlements.csv,settlements:SET_000284
71335.51,BATCH_20260109,INR,2026-01-09T20:50:00+00:00,MCH_SAAS,"{'amount': '71335.51', 'settled_at': '2026-01-09T20:50:00+00:00'}",PAY_000285,2026-01-09T20:50:00+00:00,SET_000285,settlements.csv,settlements:SET_000285
29421.86,BATCH_20260108,INR,2026-01-08T00:14:00+00:00,MCH_ZERO,"{'amount': '29421.86', 'settled_at': '2026-01-08T00:14:00+00:00'}",PAY_000287,2026-01-08T00:14:00+00:00,SET_000287,settlements.csv,settlements:SET_000287
8750.00,BATCH_20260108,INR,2026-01-08T01:14:00+00:00,MCH_ZERO,"{'amount': '8750.00', 'settled_at': '2026-01-08T01:14:00+00:00'}",PAY_000288,2026-01-08T01:14:00+00:00,SET_000288,settlements.csv,settlements:SET_000288
5896.25,BATCH_20260108,INR,2026-01-08T03:28:00+00:00,MCH_ZERO,"{'amount': '5896.25', 'settled_at': '2026-01-08T03:28:00+00:00'}",PAY_000289,2026-01-08T03:28:00+00:00,SET_000289,settlements.csv,settlements:SET_000289
50465.75,BATCH_20260107,INR,2026-01-07T22:33:00+00:00,MCH_ZERO,"{'amount': '50465.75', 'settled_at': '2026-01-07T22:33:00+00:00'}",PAY_000290,2026-01-07T22:33:00+00:00,SET_000290,settlements.csv,settlements:SET_000290
36165.66,BATCH_20260109,INR,2026-01-09T03:35:00+00:00,MCH_CAFE,"{'amount': '36165.66', 'settled_at': '2026-01-09T03:35:00+00:00'}",PAY_000291,2026-01-09T03:35:00+00:00,SET_000291,settlements.csv,settlements:SET_000291
61183.63,BATCH_20260109,INR,2026-01-09T23:43:00+00:00,MCH_SAAS,"{'amount': '61183.63', 'settled_at': '2026-01-09T23:43:00+00:00'}",PAY_000292,2026-01-09T23:43:00+00:00,SET_000292,settlements.csv,settlements:SET_000292
70192.40,BATCH_20260110,INR,2026-01-10T03:58:00+00:00,MCH_TRAVEL,"{'amount': '70192.40', 'settled_at': '2026-01-10T03:58:00+00:00'}",PAY_000293,2026-01-10T03:58:00+00:00,SET_000293,settlements.csv,settlements:SET_000293
72801.79,BATCH_20260108,INR,2026-01-08T21:00:00+00:00,MCH_CAFE,"{'amount': '72801.79', 'settled_at': '2026-01-08T21:00:00+00:00'}",PAY_000294,2026-01-08T21:00:00+00:00,SET_000294,settlements.csv,settlements:SET_000294
55159.28,BATCH_20260108,INR,2026-01-08T23:59:00+00:00,MCH_CAFE,"{'amount': '55159.28', 'settled_at': '2026-01-08T23:59:00+00:00'}",PAY_000295,2026-01-08T23:59:00+00:00,SET_000295,settlements.csv,settlements:SET_000295
13179.37,BATCH_20260109,INR,2026-01-09T00:12:00+00:00,MCH_SWIFT,"{'amount': '13179.37', 'settled_at': '2026-01-09T00:12:00+00:00'}",PAY_000296,2026-01-09T00:12:00+00:00,SET_000296,settlements.csv,settlements:SET_000296
50182.78,BATCH_20260109,INR,2026-01-09T02:18:00+00:00,MCH_HEALTH,"{'amount': '50182.78', 'settled_at': '2026-01-09T02:18:00+00:00'}",PAY_000297,2026-01-09T02:18:00+00:00,SET_000297,settlements.csv,settlements:SET_000297
3913.79,BATCH_20260109,INR,2026-01-09T04:25:00+00:00,MCH_HEALTH,"{'amount': '3913.79', 'settled_at': '2026-01-09T04:25:00+00:00'}",PAY_000298,2026-01-09T04:25:00+00:00,SET_000298,settlements.csv,settlements:SET_000298
39987.84,BATCH_20260109,INR,2026-01-09T00:26:00+00:00,MCH_HEALTH,"{'amount': '39987.84', 'settled_at': '2026-01-09T00:26:00+00:00'}",PAY_000299,2026-01-09T00:26:00+00:00,SET_000299,settlements.csv,settlements:SET_000299
7925.67,BATCH_20260109,INR,2026-01-09T02:53:00+00:00,MCH_CAFE,"{'amount': '7925.67', 'settled_at': '2026-01-09T02:53:00+00:00'}",PAY_000302,2026-01-09T02:53:00+00:00,SET_000302,settlements.csv,settlements:SET_000302
49287.65,BATCH_20260108,INR,2026-01-08T01:58:00+00:00,MCH_ZERO,"{'amount': '49287.65', 'settled_at': '2026-01-08T01:58:00+00:00'}",PAY_000303,2026-01-08T01:58:00+00:00,SET_000303,settlements.csv,settlements:SET_000303
56462.08,BATCH_20260110,INR,2026-01-10T03:14:00+00:00,MCH_TRAVEL,"{'amount': '56462.08', 'settled_at': '2026-01-10T03:14:00+00:00'}",PAY_000304,2026-01-10T03:14:00+00:00,SET_000304,settlements.csv,settlements:SET_000304
85953.91,BATCH_20260109,INR,2026-01-09T00:18:00+00:00,MCH_SWIFT,"{'amount': '85953.91', 'settled_at': '2026-01-09T00:18:00+00:00'}",PAY_000305,2026-01-09T00:18:00+00:00,SET_000305,settlements.csv,settlements:SET_000305
523.11,BATCH_20260109,INR,2026-01-09T03:17:00+00:00,MCH_SWIFT,"{'amount': '523.11', 'settled_at': '2026-01-09T03:17:00+00:00'}",PAY_000306,2026-01-09T03:17:00+00:00,SET_000306,settlements.csv,settlements:SET_000306
28664.67,BATCH_20260109,INR,2026-01-09T03:35:00+00:00,MCH_HEALTH,"{'amount': '28664.67', 'settled_at': '2026-01-09T03:35:00+00:00'}",PAY_000307,2026-01-09T03:35:00+00:00,SET_000307,settlements.csv,settlements:SET_000307
1984.23,BATCH_20260110,INR,2026-01-10T02:37:00+00:00,MCH_SAAS,"{'amount': '1984.23', 'settled_at': '2026-01-10T02:37:00+00:00'}",PAY_000309,2026-01-10T02:37:00+00:00,SET_000309,settlements.csv,settlements:SET_000309
58377.88,BATCH_20260109,INR,2026-01-09T02:57:00+00:00,MCH_SWIFT,"{'amount': '58377.88', 'settled_at': '2026-01-09T02:57:00+00:00'}",PAY_000312,2026-01-09T02:57:00+00:00,SET_000312,settlements.csv,settlements:SET_000312
10025.00,BATCH_20260108,INR,2026-01-08T00:10:00+00:00,MCH_ZERO,"{'amount': '10025.00', 'settled_at': '2026-01-08T00:10:00+00:00'}",PAY_000313,2026-01-08T00:10:00+00:00,SET_000313,settlements.csv,settlements:SET_000313
76438.97,BATCH_20260109,INR,2026-01-09T01:14:00+00:00,MCH_CAFE,"{'amount': '76438.97', 'settled_at': '2026-01-09T01:14:00+00:00'}",PAY_000314,2026-01-09T01:14:00+00:00,SET_000314,settlements.csv,settlements:SET_000314
55876.21,BATCH_20260109,INR,2026-01-09T02:26:00+00:00,MCH_HEALTH,"{'amount': '55876.21', 'settled_at': '2026-01-09T02:26:00+00:00'}",PAY_000315,2026-01-09T02:26:00+00:00,SET_000315,settlements.csv,settlements:SET_000315
51798.50,BATCH_20260108,INR,2026-01-08T04:37:00+00:00,MCH_ZERO,"{'amount': '51798.50', 'settled_at': '2026-01-08T04:37:00+00:00'}",PAY_000317,2026-01-08T04:37:00+00:00,SET_000317,settlements.csv,settlements:SET_000317
56347.00,BATCH_20260108,INR,2026-01-08T00:57:00+00:00,MCH_ZERO,"{'amount': '56347.00', 'settled_at': '2026-01-08T00:57:00+00:00'}",PAY_000318,2026-01-08T00:57:00+00:00,SET_000318,settlements.csv,settlements:SET_000318
27425.00,BATCH_20260108,INR,2026-01-08T00:48:00+00:00,MCH_ZERO,"{'amount': '27425.00', 'settled_at': '2026-01-08T00:48:00+00:00'}",PAY_000319,2026-01-08T00:48:00+00:00,SET_000319,settlements.csv,settlements:SET_000319
27509.39,BATCH_20260109,INR,2026-01-09T07:09:00+00:00,MCH_CAFE,"{'amount': '27509.39', 'settled_at': '2026-01-09T07:09:00+00:00'}",PAY_000322,2026-01-09T07:09:00+00:00,SET_000322,settlements.csv,settlements:SET_000322
34999.14,BATCH_20260109,INR,2026-01-09T05:16:00+00:00,MCH_SWIFT,"{'amount': '34999.14', 'settled_at': '2026-01-09T05:16:00+00:00'}",PAY_000323,2026-01-09T05:16:00+00:00,SET_000323,settlements.csv,settlements:SET_000323
30558.52,BATCH_20260109,INR,2026-01-09T02:38:00+00:00,MCH_HEALTH,"{'amount': '30558.52', 'settled_at': '2026-01-09T02:38:00+00:00'}",PAY_000325,2026-01-09T02:38:00+00:00,SET_000325,settlements.csv,settlements:SET_000325
53489.44,BATCH_20260108,INR,2026-01-08T06:40:00+00:00,MCH_ZERO,"{'amount': '53489.44', 'settled_at': '2026-01-08T06:40:00+00:00'}",PAY_000326,2026-01-08T06:40:00+00:00,SET_000326,settlements.csv,settlements:SET_000326
81022.80,BATCH_20260109,INR,2026-01-09T01:52:00+00:00,MCH_SWIFT,"{'amount': '81022.80', 'settled_at': '2026-01-09T01:52:00+00:00'}",PAY_000327,2026-01-09T01:52:00+00:00,SET_000327,settlements.csv,settlements:SET_000327
66855.53,BATCH_20260109,INR,2026-01-09T02:15:00+00:00,MCH_CAFE,"{'amount': '66855.53', 'settled_at': '2026-01-09T02:15:00+00:00'}",PAY_000329,2026-01-09T02:15:00+00:00,SET_000329,settlements.csv,settlements:SET_000329
33990.11,BATCH_20260110,INR,2026-01-10T03:26:00+00:00,MCH_SAAS,"{'amount': '33990.11', 'settled_at': '2026-01-10T03:26:00+00:00'}",PAY_000331,2026-01-10T03:26:00+00:00,SET_000331,settlements.csv,settlements:SET_000331
78472.19,BATCH_20260109,INR,2026-01-09T04:27:00+00:00,MCH_HEALTH,"{'amount': '78472.19', 'settled_at': '2026-01-09T04:27:00+00:00'}",PAY_000332,2026-01-09T04:27:00+00:00,SET_000332,settlements.csv,settlements:SET_000332
62420.91,BATCH_20260108,INR,2026-01-08T05:32:00+00:00,MCH_ZERO,"{'amount': '62420.91', 'settled_at': '2026-01-08T05:32:00+00:00'}",PAY_000333,2026-01-08T05:32:00+00:00,SET_000333,settlements.csv,settlements:SET_000333
12916.71,BATCH_20260110,INR,2026-01-10T05:45:00+00:00,MCH_TRAVEL,"{'amount': '12916.71', 'settled_at': '2026-01-10T05:45:00+00:00'}",PAY_000334,2026-01-10T05:45:00+00:00,SET_000334,settlements.csv,settlements:SET_000334
62248.02,BATCH_20260110,INR,2026-01-10T02:59:00+00:00,MCH_SAAS,"{'amount': '62248.02', 'settled_at': '2026-01-10T02:59:00+00:00'}",PAY_000336,2026-01-10T02:59:00+00:00,SET_000336,settlements.csv,settlements:SET_000336
17622.51,BATCH_20260110,INR,2026-01-10T04:55:00+00:00,MCH_SAAS,"{'amount': '17622.51', 'settled_at': '2026-01-10T04:55:00+00:00'}",PAY_000337,2026-01-10T04:55:00+00:00,SET_000337,settlements.csv,settlements:SET_000337
32843.89,BATCH_20260108,INR,2026-01-08T06:08:00+00:00,MCH_ZERO,"{'amount': '32843.89', 'settled_at': '2026-01-08T06:08:00+00:00'}",PAY_000338,2026-01-08T06:08:00+00:00,SET_000338,settlements.csv,settlements:SET_000338
51278.17,BATCH_20260109,INR,2026-01-09T07:09:00+00:00,MCH_HEALTH,"{'amount': '51278.17', 'settled_at': '2026-01-09T07:09:00+00:00'}",PAY_000339,2026-01-09T07:09:00+00:00,SET_000339,settlements.csv,settlements:SET_000339
76203.19,BATCH_20260110,INR,2026-01-10T07:31:00+00:00,MCH_SAAS,"{'amount': '76203.19', 'settled_at': '2026-01-10T07:31:00+00:00'}",PAY_000340,2026-01-10T07:31:00+00:00,SET_000340,settlements.csv,settlements:SET_000340
33392.57,BATCH_20260109,INR,2026-01-09T02:20:00+00:00,MCH_SWIFT,"{'amount': '33392.57', 'settled_at': '2026-01-09T02:20:00+00:00'}",PAY_000341,2026-01-09T02:20:00+00:00,SET_000341,settlements.csv,settlements:SET_000341
28782.12,BATCH_20260109,INR,2026-01-09T08:36:00+00:00,MCH_SWIFT,"{'amount': '28782.12', 'settled_at': '2026-01-09T08:36:00+00:00'}",PAY_000342,2026-01-09T08:36:00+00:00,SET_000342,settlements.csv,settlements:SET_000342
2866.17,BATCH_20260109,INR,2026-01-09T02:39:00+00:00,MCH_HEALTH,"{'amount': '2866.17', 'settled_at': '2026-01-09T02:39:00+00:00'}",PAY_000343,2026-01-09T02:39:00+00:00,SET_000343,settlements.csv,settlements:SET_000343
32777.63,BATCH_20260109,INR,2026-01-09T08:52:00+00:00,MCH_SWIFT,"{'amount': '32777.63', 'settled_at': '2026-01-09T08:52:00+00:00'}",PAY_000344,2026-01-09T08:52:00+00:00,SET_000344,settlements.csv,settlements:SET_000344
59128.86,BATCH_20260109,INR,2026-01-09T03:58:00+00:00,MCH_CAFE,"{'amount': '59128.86', 'settled_at': '2026-01-09T03:58:00+00:00'}",PAY_000345,2026-01-09T03:58:00+00:00,SET_000345,settlements.csv,settlements:SET_000345
8445.32,BATCH_20260119,INR,2026-01-19T02:15:00+00:00,MCH_SAAS,"{'amount': '8445.32', 'settled_at': '2026-01-19T02:15:00+00:00'}",PAY_000347,2026-01-19T02:15:00+00:00,SET_000347,settlements.csv,settlements:SET_000347
84054.91,BATCH_20260110,INR,2026-01-10T03:24:00+00:00,MCH_TRAVEL,"{'amount': '84054.91', 'settled_at': '2026-01-10T03:24:00+00:00'}",PAY_000348,2026-01-10T03:24:00+00:00,SET_000348,settlements.csv,settlements:SET_000348
52196.43,BATCH_20260109,INR,2026-01-09T10:23:00+00:00,MCH_HEALTH,"{'amount': '52196.43', 'settled_at': '2026-01-09T10:23:00+00:00'}",PAY_000349,2026-01-09T10:23:00+00:00,SET_000349,settlements.csv,settlements:SET_000349
33546.58,BATCH_20260109,INR,2026-01-09T08:25:00+00:00,MCH_CAFE,"{'amount': '33546.58', 'settled_at': '2026-01-09T08:25:00+00:00'}",PAY_000350,2026-01-09T08:25:00+00:00,SET_000350,settlements.csv,settlements:SET_000350
21095.27,BATCH_20260110,INR,2026-01-10T07:48:00+00:00,MCH_TRAVEL,"{'amount': '21095.27', 'settled_at': '2026-01-10T07:48:00+00:00'}",PAY_000351,2026-01-10T07:48:00+00:00,SET_000351,settlements.csv,settlements:SET_000351
72068.07,BATCH_20260110,INR,2026-01-10T07:50:00+00:00,MCH_TRAVEL,"{'amount': '72068.07', 'settled_at': '2026-01-10T07:50:00+00:00'}",PAY_000352,2026-01-10T07:50:00+00:00,SET_000352,settlements.csv,settlements:SET_000352
11769.92,BATCH_20260110,INR,2026-01-10T08:59:00+00:00,MCH_TRAVEL,"{'amount': '11769.92', 'settled_at': '2026-01-10T08:59:00+00:00'}",PAY_000354,2026-01-10T08:59:00+00:00,SET_000354,settlements.csv,settlements:SET_000354
24928.34,BATCH_20260109,INR,2026-01-09T04:02:00+00:00,MCH_CAFE,"{'amount': '24928.34', 'settled_at': '2026-01-09T04:02:00+00:00'}",PAY_000355,2026-01-09T04:02:00+00:00,SET_000355,settlements.csv,settlements:SET_000355
74831.25,BATCH_20260109,INR,2026-01-09T10:12:00+00:00,MCH_HEALTH,"{'amount': '74831.25', 'settled_at': '2026-01-09T10:12:00+00:00'}",PAY_000356,2026-01-09T10:12:00+00:00,SET_000356,settlements.csv,settlements:SET_000356
38614.12,BATCH_20260118,INR,2026-01-18T03:15:00+00:00,MCH_HEALTH,"{'amount': '38614.12', 'settled_at': '2026-01-18T03:15:00+00:00'}",PAY_000357,2026-01-18T03:15:00+00:00,SET_000357,settlements.csv,settlements:SET_000357
73053.94,BATCH_20260110,INR,2026-01-10T11:24:00+00:00,MCH_SAAS,"{'amount': '73053.94', 'settled_at': '2026-01-10T11:24:00+00:00'}",PAY_000358,2026-01-10T11:24:00+00:00,SET_000358,settlements.csv,settlements:SET_000358
81181.78,BATCH_20260109,INR,2026-01-09T11:30:00+00:00,MCH_CAFE,"{'amount': '81181.78', 'settled_at': '2026-01-09T11:30:00+00:00'}",PAY_000359,2026-01-09T11:30:00+00:00,SET_000359,settlements.csv,settlements:SET_000359
27131.63,BATCH_20260109,INR,2026-01-09T06:47:00+00:00,MCH_CAFE,"{'amount': '27131.63', 'settled_at': '2026-01-09T06:47:00+00:00'}",PAY_000360,2026-01-09T06:47:00+00:00,SET_000360,settlements.csv,settlements:SET_000360
43323.87,BATCH_20260109,INR,2026-01-09T07:54:00+00:00,MCH_HEALTH,"{'amount': '43323.87', 'settled_at': '2026-01-09T07:54:00+00:00'}",PAY_000361,2026-01-09T07:54:00+00:00,SET_000361,settlements.csv,settlements:SET_000361
48262.14,BATCH_20260110,INR,2026-01-10T04:55:00+00:00,MCH_TRAVEL,"{'amount': '48262.14', 'settled_at': '2026-01-10T04:55:00+00:00'}",PAY_000362,2026-01-10T04:55:00+00:00,SET_000362,settlements.csv,settlements:SET_000362
32281.65,BATCH_20260110,INR,2026-01-10T10:58:00+00:00,MCH_TRAVEL,"{'amount': '32281.65', 'settled_at': '2026-01-10T10:58:00+00:00'}",PAY_000363,2026-01-10T10:58:00+00:00,SET_000363,settlements.csv,settlements:SET_000363
75904.84,BATCH_20260109,INR,2026-01-09T09:00:00+00:00,MCH_HEALTH,"{'amount': '75904.84', 'settled_at': '2026-01-09T09:00:00+00:00'}",PAY_000364,2026-01-09T09:00:00+00:00,SET_000364,settlements.csv,settlements:SET_000364
66778.11,BATCH_20260110,INR,2026-01-10T10:21:00+00:00,MCH_SAAS,"{'amount': '66778.11', 'settled_at': '2026-01-10T10:21:00+00:00'}",PAY_000365,2026-01-10T10:21:00+00:00,SET_000365,settlements.csv,settlements:SET_000365
46197.32,BATCH_20260110,INR,2026-01-10T08:16:00+00:00,MCH_SAAS,"{'amount': '46197.32', 'settled_at': '2026-01-10T08:16:00+00:00'}",PAY_000366,2026-01-10T08:16:00+00:00,SET_000366,settlements.csv,settlements:SET_000366
17158.56,BATCH_20260110,INR,2026-01-10T06:40:00+00:00,MCH_TRAVEL,"{'amount': '17158.56', 'settled_at': '2026-01-10T06:40:00+00:00'}",PAY_000367,2026-01-10T06:40:00+00:00,SET_000367,settlements.csv,settlements:SET_000367
58033.66,BATCH_20260109,INR,2026-01-09T06:40:00+00:00,MCH_CAFE,"{'amount': '58033.66', 'settled_at': '2026-01-09T06:40:00+00:00'}",PAY_000368,2026-01-09T06:40:00+00:00,SET_000368,settlements.csv,settlements:SET_000368
2826.15,BATCH_20260110,INR,2026-01-10T06:51:00+00:00,MCH_TRAVEL,"{'amount': '2826.15', 'settled_at': '2026-01-10T06:51:00+00:00'}",PAY_000369,2026-01-10T06:51:00+00:00,SET_000369,settlements.csv,settlements:SET_000369
19976.97,BATCH_20260110,INR,2026-01-10T11:53:00+00:00,MCH_TRAVEL,"{'amount': '19976.97', 'settled_at': '2026-01-10T11:53:00+00:00'}",PAY_000371,2026-01-10T11:53:00+00:00,SET_000371,settlements.csv,settlements:SET_000371
8029.61,BATCH_20260110,INR,2026-01-10T07:01:00+00:00,MCH_TRAVEL,"{'amount': '8029.61', 'settled_at': '2026-01-10T07:01:00+00:00'}",PAY_000372,2026-01-10T07:01:00+00:00,SET_000372,settlements.csv,settlements:SET_000372
8996.63,BATCH_20260109,INR,2026-01-09T11:09:00+00:00,MCH_CAFE,"{'amount': '8996.63', 'settled_at': '2026-01-09T11:09:00+00:00'}",PAY_000373,2026-01-09T11:09:00+00:00,SET_000373,settlements.csv,settlements:SET_000373
52974.87,BATCH_20260110,INR,2026-01-10T09:26:00+00:00,MCH_TRAVEL,"{'amount': '52974.87', 'settled_at': '2026-01-10T09:26:00+00:00'}",PAY_000374,2026-01-10T09:26:00+00:00,SET_000374,settlements.csv,settlements:SET_000374
62092.28,BATCH_20260110,INR,2026-01-10T07:16:00+00:00,MCH_TRAVEL,"{'amount': '62092.28', 'settled_at': '2026-01-10T07:16:00+00:00'}",PAY_000375,2026-01-10T07:16:00+00:00,SET_000375,settlements.csv,settlements:SET_000375
86226.44,BATCH_20260109,INR,2026-01-09T07:39:00+00:00,MCH_HEALTH,"{'amount': '86226.44', 'settled_at': '2026-01-09T07:39:00+00:00'}",PAY_000376,2026-01-09T07:39:00+00:00,SET_000376,settlements.csv,settlements:SET_000376
82887.41,BATCH_20260109,INR,2026-01-09T06:40:00+00:00,MCH_CAFE,"{'amount': '82887.41', 'settled_at': '2026-01-09T06:40:00+00:00'}",PAY_000377,2026-01-09T06:40:00+00:00,SET_000377,settlements.csv,settlements:SET_000377
23198.00,BATCH_20260108,INR,2026-01-08T07:49:00+00:00,MCH_ZERO,"{'amount': '23198.00', 'settled_at': '2026-01-08T07:49:00+00:00'}",PAY_000378,2026-01-08T07:49:00+00:00,SET_000378,settlements.csv,settlements:SET_000378
6314.00,BATCH_20260108,INR,2026-01-08T11:54:00+00:00,MCH_ZERO,"{'amount': '6314.00', 'settled_at': '2026-01-08T11:54:00+00:00'}",PAY_000379,2026-01-08T11:54:00+00:00,SET_000379,settlements.csv,settlements:SET_000379
79795.36,BATCH_20260110,INR,2026-01-10T08:03:00+00:00,MCH_SAAS,"{'amount': '79795.36', 'settled_at': '2026-01-10T08:03:00+00:00'}",PAY_000380,2026-01-10T08:03:00+00:00,SET_000380,settlements.csv,settlements:SET_000380
43173.89,BATCH_20260109,INR,2026-01-09T07:06:00+00:00,MCH_CAFE,"{'amount': '43173.89', 'settled_at': '2026-01-09T07:06:00+00:00'}",PAY_000381,2026-01-09T07:06:00+00:00,SET_000381,settlements.csv,settlements:SET_000381
13640.17,BATCH_20260109,INR,2026-01-09T13:22:00+00:00,MCH_SWIFT,"{'amount': '13640.17', 'settled_at': '2026-01-09T13:22:00+00:00'}",PAY_000382,2026-01-09T13:22:00+00:00,SET_000382,settlements.csv,settlements:SET_000382
78659.52,BATCH_20260109,INR,2026-01-09T14:21:00+00:00,MCH_CAFE,"{'amount': '78659.52', 'settled_at': '2026-01-09T14:21:00+00:00'}",PAY_000383,2026-01-09T14:21:00+00:00,SET_000383,settlements.csv,settlements:SET_000383
54207.25,BATCH_20260108,INR,2026-01-08T07:27:00+00:00,MCH_ZERO,"{'amount': '54207.25', 'settled_at': '2026-01-08T07:27:00+00:00'}",PAY_000384,2026-01-08T07:27:00+00:00,SET_000384,settlements.csv,settlements:SET_000384
87457.51,BATCH_20260110,INR,2026-01-10T08:38:00+00:00,MCH_TRAVEL,"{'amount': '87457.51', 'settled_at': '2026-01-10T08:38:00+00:00'}",PAY_000385,2026-01-10T08:38:00+00:00,SET_000385,settlements.csv,settlements:SET_000385
84851.93,BATCH_20260110,INR,2026-01-10T09:47:00+00:00,MCH_SAAS,"{'amount': '84851.93', 'settled_at': '2026-01-10T09:47:00+00:00'}",PAY_000386,2026-01-10T09:47:00+00:00,SET_000386,settlements.csv,settlements:SET_000386
79018.30,BATCH_20260109,INR,2026-01-09T14:50:00+00:00,MCH_HEALTH,"{'amount': '79018.30', 'settled_at': '2026-01-09T14:50:00+00:00'}",PAY_000387,2026-01-09T14:50:00+00:00,SET_000387,settlements.csv,settlements:SET_000387
9927.23,BATCH_20260109,INR,2026-01-09T07:58:00+00:00,MCH_SWIFT,"{'amount': '9927.23', 'settled_at': '2026-01-09T07:58:00+00:00'}",PAY_000388,2026-01-09T07:58:00+00:00,SET_000388,settlements.csv,settlements:SET_000388
28896.69,BATCH_20260118,INR,2026-01-18T07:09:00+00:00,MCH_HEALTH,"{'amount': '28896.69', 'settled_at': '2026-01-18T07:09:00+00:00'}",PAY_000389,2026-01-18T07:09:00+00:00,SET_000389,settlements.csv,settlements:SET_000389
57052.49,BATCH_20260110,INR,2026-01-10T13:16:00+00:00,MCH_SAAS,"{'amount': '57052.49', 'settled_at': '2026-01-10T13:16:00+00:00'}",PAY_000390,2026-01-10T13:16:00+00:00,SET_000390,settlements.csv,settlements:SET_000390
53179.25,BATCH_20260108,INR,2026-01-08T09:36:00+00:00,MCH_ZERO,"{'amount': '53179.25', 'settled_at': '2026-01-08T09:36:00+00:00'}",PAY_000392,2026-01-08T09:36:00+00:00,SET_000392,settlements.csv,settlements:SET_000392
79809.89,BATCH_20260109,INR,2026-01-09T15:43:00+00:00,MCH_HEALTH,"{'amount': '79809.89', 'settled_at': '2026-01-09T15:43:00+00:00'}",PAY_000393,2026-01-09T15:43:00+00:00,SET_000393,settlements.csv,settlements:SET_000393
46867.67,BATCH_20260109,INR,2026-01-09T13:42:00+00:00,MCH_CAFE,"{'amount': '46867.67', 'settled_at': '2026-01-09T13:42:00+00:00'}",PAY_000394,2026-01-09T13:42:00+00:00,SET_000394,settlements.csv,settlements:SET_000394
58475.33,BATCH_20260110,INR,2026-01-10T13:48:00+00:00,MCH_TRAVEL,"{'amount': '58475.33', 'settled_at': '2026-01-10T13:48:00+00:00'}",PAY_000395,2026-01-10T13:48:00+00:00,SET_000395,settlements.csv,settlements:SET_000395
81519.19,BATCH_20260109,INR,2026-01-09T08:58:00+00:00,MCH_CAFE,"{'amount': '81519.19', 'settled_at': '2026-01-09T08:58:00+00:00'}",PAY_000396,2026-01-09T08:58:00+00:00,SET_000396,settlements.csv,settlements:SET_000396
63671.84,BATCH_20260109,INR,2026-01-09T11:58:00+00:00,MCH_SWIFT,"{'amount': '63671.84', 'settled_at': '2026-01-09T11:58:00+00:00'}",PAY_000397,2026-01-09T11:58:00+00:00,SET_000397,settlements.csv,settlements:SET_000397
51797.00,BATCH_20260108,INR,2026-01-08T15:08:00+00:00,MCH_ZERO,"{'amount': '51797.00', 'settled_at': '2026-01-08T15:08:00+00:00'}",PAY_000398,2026-01-08T15:08:00+00:00,SET_000398,settlements.csv,settlements:SET_000398
83300.75,BATCH_20260108,INR,2026-01-08T11:18:00+00:00,MCH_ZERO,"{'amount': '83300.75', 'settled_at': '2026-01-08T11:18:00+00:00'}",PAY_000399,2026-01-08T11:18:00+00:00,SET_000399,settlements.csv,settlements:SET_000399
841.79,BATCH_20260110,INR,2026-01-10T11:28:00+00:00,MCH_SAAS,"{'amount': '841.79', 'settled_at': '2026-01-10T11:28:00+00:00'}",PAY_000400,2026-01-10T11:28:00+00:00,SET_000400,settlements.csv,settlements:SET_000400
74679.49,BATCH_20260110,INR,2026-01-10T15:30:00+00:00,MCH_TRAVEL,"{'amount': '74679.49', 'settled_at': '2026-01-10T15:30:00+00:00'}",PAY_000401,2026-01-10T15:30:00+00:00,SET_000401,settlements.csv,settlements:SET_000401
78114.68,BATCH_20260110,INR,2026-01-10T13:39:00+00:00,MCH_SAAS,"{'amount': '78114.68', 'settled_at': '2026-01-10T13:39:00+00:00'}",PAY_000402,2026-01-10T13:39:00+00:00,SET_000402,settlements.csv,settlements:SET_000402
17331.47,BATCH_20260110,INR,2026-01-10T14:52:00+00:00,MCH_SAAS,"{'amount': '17331.47', 'settled_at': '2026-01-10T14:52:00+00:00'}",PAY_000403,2026-01-10T14:52:00+00:00,SET_000403,settlements.csv,settlements:SET_000403
80862.27,BATCH_20260109,INR,2026-01-09T12:02:00+00:00,MCH_SWIFT,"{'amount': '80862.27', 'settled_at': '2026-01-09T12:02:00+00:00'}",PAY_000405,2026-01-09T12:02:00+00:00,SET_000405,settlements.csv,settlements:SET_000405
41741.19,BATCH_20260110,INR,2026-01-10T16:12:00+00:00,MCH_TRAVEL,"{'amount': '41741.19', 'settled_at': '2026-01-10T16:12:00+00:00'}",PAY_000406,2026-01-10T16:12:00+00:00,SET_000406,settlements.csv,settlements:SET_000406
68937.70,BATCH_20260110,INR,2026-01-10T10:16:00+00:00,MCH_TRAVEL,"{'amount': '68937.70', 'settled_at': '2026-01-10T10:16:00+00:00'}",PAY_000407,2026-01-10T10:16:00+00:00,SET_000407,settlements.csv,settlements:SET_000407
18859.30,BATCH_20260110,INR,2026-01-10T12:13:00+00:00,MCH_SAAS,"{'amount': '18859.30', 'settled_at': '2026-01-10T12:13:00+00:00'}",PAY_000408,2026-01-10T12:13:00+00:00,SET_000408,settlements.csv,settlements:SET_000408
87893.79,BATCH_20260109,INR,2026-01-09T10:23:00+00:00,MCH_CAFE,"{'amount': '87893.79', 'settled_at': '2026-01-09T10:23:00+00:00'}",PAY_000409,2026-01-09T10:23:00+00:00,SET_000409,settlements.csv,settlements:SET_000409
58308.32,BATCH_20260109,INR,2026-01-09T16:43:00+00:00,MCH_CAFE,"{'amount': '58308.32', 'settled_at': '2026-01-09T16:43:00+00:00'}",PAY_000410,2026-01-09T16:43:00+00:00,SET_000410,settlements.csv,settlements:SET_000410
65824.43,BATCH_20260109,INR,2026-01-09T16:34:00+00:00,MCH_SWIFT,"{'amount': '65824.43', 'settled_at': '2026-01-09T16:34:00+00:00'}",PAY_000411,2026-01-09T16:34:00+00:00,SET_000411,settlements.csv,settlements:SET_000411
48568.72,BATCH_20260109,INR,2026-01-09T17:48:00+00:00,MCH_CAFE,"{'amount': '48568.72', 'settled_at': '2026-01-09T17:48:00+00:00'}",PAY_000412,2026-01-09T17:48:00+00:00,SET_000412,settlements.csv,settlements:SET_000412
81868.06,BATCH_20260109,INR,2026-01-09T14:01:00+00:00,MCH_SWIFT,"{'amount': '81868.06', 'settled_at': '2026-01-09T14:01:00+00:00'}",PAY_000413,2026-01-09T14:01:00+00:00,SET_000413,settlements.csv,settlements:SET_000413
57824.21,BATCH_20260109,INR,2026-01-09T11:54:00+00:00,MCH_CAFE,"{'amount': '57824.21', 'settled_at': '2026-01-09T11:54:00+00:00'}",PAY_000414,2026-01-09T11:54:00+00:00,SET_000414,settlements.csv,settlements:SET_000414
5480.59,BATCH_20260110,INR,2026-01-10T13:08:00+00:00,MCH_SAAS,"{'amount': '5480.59', 'settled_at': '2026-01-10T13:08:00+00:00'}",PAY_000415,2026-01-10T13:08:00+00:00,SET_000415,settlements.csv,settlements:SET_000415
33046.50,BATCH_20260109,INR,2026-01-09T13:10:00+00:00,MCH_HEALTH,"{'amount': '33046.50', 'settled_at': '2026-01-09T13:10:00+00:00'}",PAY_000416,2026-01-09T13:10:00+00:00,SET_000416,settlements.csv,settlements:SET_000416
76804.25,BATCH_20260109,INR,2026-01-09T16:23:00+00:00,MCH_CAFE,"{'amount': '76804.25', 'settled_at': '2026-01-09T16:23:00+00:00'}",PAY_000417,2026-01-09T16:23:00+00:00,SET_000417,settlements.csv,settlements:SET_000417
41962.50,BATCH_20260108,INR,2026-01-08T13:34:00+00:00,MCH_ZERO,"{'amount': '41962.50', 'settled_at': '2026-01-08T13:34:00+00:00'}",PAY_000418,2026-01-08T13:34:00+00:00,SET_000418,settlements.csv,settlements:SET_000418
69656.32,BATCH_20260110,INR,2026-01-10T14:35:00+00:00,MCH_SAAS,"{'amount': '69656.32', 'settled_at': '2026-01-10T14:35:00+00:00'}",PAY_000419,2026-01-10T14:35:00+00:00,SET_000419,settlements.csv,settlements:SET_000419
37923.86,BATCH_20260109,INR,2026-01-09T12:50:00+00:00,MCH_CAFE,"{'amount': '37923.86', 'settled_at': '2026-01-09T12:50:00+00:00'}",PAY_000420,2026-01-09T12:50:00+00:00,SET_000420,settlements.csv,settlements:SET_000420
44777.88,BATCH_20260110,INR,2026-01-10T16:50:00+00:00,MCH_TRAVEL,"{'amount': '44777.88', 'settled_at': '2026-01-10T16:50:00+00:00'}",PAY_000421,2026-01-10T16:50:00+00:00,SET_000421,settlements.csv,settlements:SET_000421
14776.24,BATCH_20260110,INR,2026-01-10T16:58:00+00:00,MCH_SAAS,"{'amount': '14776.24', 'settled_at': '2026-01-10T16:58:00+00:00'}",PAY_000422,2026-01-10T16:58:00+00:00,SET_000422,settlements.csv,settlements:SET_000422
65636.64,BATCH_20260109,INR,2026-01-09T17:01:00+00:00,MCH_HEALTH,"{'amount': '65636.64', 'settled_at': '2026-01-09T17:01:00+00:00'}",PAY_000423,2026-01-09T17:01:00+00:00,SET_000423,settlements.csv,settlements:SET_000423
7406.51,BATCH_20260109,INR,2026-01-09T15:20:00+00:00,MCH_HEALTH,"{'amount': '7406.51', 'settled_at': '2026-01-09T15:20:00+00:00'}",PAY_000424,2026-01-09T15:20:00+00:00,SET_000424,settlements.csv,settlements:SET_000424
54832.88,BATCH_20260110,INR,2026-01-10T14:23:00+00:00,MCH_TRAVEL,"{'amount': '54832.88', 'settled_at': '2026-01-10T14:23:00+00:00'}",PAY_000425,2026-01-10T14:23:00+00:00,SET_000425,settlements.csv,settlements:SET_000425
60491.75,BATCH_20260108,INR,2026-01-08T12:15:00+00:00,MCH_ZERO,"{'amount': '60491.75', 'settled_at': '2026-01-08T12:15:00+00:00'}",PAY_000426,2026-01-08T12:15:00+00:00,SET_000426,settlements.csv,settlements:SET_000426
32715.77,BATCH_20260109,INR,2026-01-09T18:31:00+00:00,MCH_SWIFT,"{'amount': '32715.77', 'settled_at': '2026-01-09T18:31:00+00:00'}",PAY_000427,2026-01-09T18:31:00+00:00,SET_000427,settlements.csv,settlements:SET_000427
57939.01,BATCH_20260110,INR,2026-01-10T18:40:00+00:00,MCH_SAAS,"{'amount': '57939.01', 'settled_at': '2026-01-10T18:40:00+00:00'}",PAY_000428,2026-01-10T18:40:00+00:00,SET_000428,settlements.csv,settlements:SET_000428
10136.62,BATCH_20260110,INR,2026-01-10T17:41:00+00:00,MCH_TRAVEL,"{'amount': '10136.62', 'settled_at': '2026-01-10T17:41:00+00:00'}",PAY_000429,2026-01-10T17:41:00+00:00,SET_000429,settlements.csv,settlements:SET_000429
8762.03,BATCH_20260109,INR,2026-01-09T18:45:00+00:00,MCH_HEALTH,"{'amount': '8762.03', 'settled_at': '2026-01-09T18:45:00+00:00'}",PAY_000430,2026-01-09T18:45:00+00:00,SET_000430,settlements.csv,settlements:SET_000430
84724.45,BATCH_20260110,INR,2026-01-10T15:06:00+00:00,MCH_SAAS,"{'amount': '84724.45', 'settled_at': '2026-01-10T15:06:00+00:00'}",PAY_000431,2026-01-10T15:06:00+00:00,SET_000431,settlements.csv,settlements:SET_000431
50563.08,BATCH_20260110,INR,2026-01-10T18:04:00+00:00,MCH_TRAVEL,"{'amount': '50563.08', 'settled_at': '2026-01-10T18:04:00+00:00'}",PAY_000432,2026-01-10T18:04:00+00:00,SET_000432,settlements.csv,settlements:SET_000432
72851.50,BATCH_20260108,INR,2026-01-08T19:03:00+00:00,MCH_ZERO,"{'amount': '72851.50', 'settled_at': '2026-01-08T19:03:00+00:00'}",PAY_000433,2026-01-08T19:03:00+00:00,SET_000433,settlements.csv,settlements:SET_000433
70619.70,BATCH_20260118,INR,2026-01-18T12:21:00+00:00,MCH_HEALTH,"{'amount': '70619.70', 'settled_at': '2026-01-18T12:21:00+00:00'}",PAY_000434,2026-01-18T12:21:00+00:00,SET_000434,settlements.csv,settlements:SET_000434
66192.86,BATCH_20260110,INR,2026-01-10T16:24:00+00:00,MCH_TRAVEL,"{'amount': '66192.86', 'settled_at': '2026-01-10T16:24:00+00:00'}",PAY_000435,2026-01-10T16:24:00+00:00,SET_000435,settlements.csv,settlements:SET_000435
24070.75,BATCH_20260108,INR,2026-01-08T14:40:00+00:00,MCH_ZERO,"{'amount': '24070.75', 'settled_at': '2026-01-08T14:40:00+00:00'}",PAY_000436,2026-01-08T14:40:00+00:00,SET_000436,settlements.csv,settlements:SET_000436
86393.54,BATCH_20260109,INR,2026-01-09T18:36:00+00:00,MCH_CAFE,"{'amount': '86393.54', 'settled_at': '2026-01-09T18:36:00+00:00'}",PAY_000437,2026-01-09T18:36:00+00:00,SET_000437,settlements.csv,settlements:SET_000437
16694.39,BATCH_20260109,INR,2026-01-09T14:41:00+00:00,MCH_CAFE,"{'amount': '16694.39', 'settled_at': '2026-01-09T14:41:00+00:00'}",PAY_000438,2026-01-09T14:41:00+00:00,SET_000438,settlements.csv,settlements:SET_000438
57877.82,BATCH_20260110,INR,2026-01-10T18:58:00+00:00,MCH_SAAS,"{'amount': '57877.82', 'settled_at': '2026-01-10T18:58:00+00:00'}",PAY_000439,2026-01-10T18:58:00+00:00,SET_000439,settlements.csv,settlements:SET_000439
55072.55,BATCH_20260109,INR,2026-01-09T20:00:00+00:00,MCH_CAFE,"{'amount': '55072.55', 'settled_at': '2026-01-09T20:00:00+00:00'}",PAY_000440,2026-01-09T20:00:00+00:00,SET_000440,settlements.csv,settlements:SET_000440
87762.02,BATCH_20260109,INR,2026-01-09T19:15:00+00:00,MCH_SWIFT,"{'amount': '87762.02', 'settled_at': '2026-01-09T19:15:00+00:00'}",PAY_000441,2026-01-09T19:15:00+00:00,SET_000441,settlements.csv,settlements:SET_000441
47104.72,BATCH_20260109,INR,2026-01-09T16:08:00+00:00,MCH_CAFE,"{'amount': '47104.72', 'settled_at': '2026-01-09T16:08:00+00:00'}",PAY_000442,2026-01-09T16:08:00+00:00,SET_000442,settlements.csv,settlements:SET_000442
34173.30,BATCH_20260109,INR,2026-01-09T14:14:00+00:00,MCH_SWIFT,"{'amount': '34173.30', 'settled_at': '2026-01-09T14:14:00+00:00'}",PAY_000443,2026-01-09T14:14:00+00:00,SET_000443,settlements.csv,settlements:SET_000443
74649.70,BATCH_20260118,INR,2026-01-18T13:21:00+00:00,MCH_HEALTH,"{'amount': '74649.70', 'settled_at': '2026-01-18T13:21:00+00:00'}",PAY_000444,2026-01-18T13:21:00+00:00,SET_000444,settlements.csv,settlements:SET_000444
65852.00,BATCH_20260109,INR,2026-01-09T17:51:00+00:00,MCH_HEALTH,"{'amount': '65852.00', 'settled_at': '2026-01-09T17:51:00+00:00'}",PAY_000446,2026-01-09T17:51:00+00:00,SET_000446,settlements.csv,settlements:SET_000446
75008.79,BATCH_20260109,INR,2026-01-09T16:55:00+00:00,MCH_HEALTH,"{'amount': '75008.79', 'settled_at': '2026-01-09T16:55:00+00:00'}",PAY_000447,2026-01-09T16:55:00+00:00,SET_000447,settlements.csv,settlements:SET_000447
62457.21,BATCH_20260110,INR,2026-01-10T16:03:00+00:00,MCH_TRAVEL,"{'amount': '62457.21', 'settled_at': '2026-01-10T16:03:00+00:00'}",PAY_000448,2026-01-10T16:03:00+00:00,SET_000448,settlements.csv,settlements:SET_000448
47603.88,BATCH_20260109,INR,2026-01-09T21:05:00+00:00,MCH_CAFE,"{'amount': '47603.88', 'settled_at': '2026-01-09T21:05:00+00:00'}",PAY_000449,2026-01-09T21:05:00+00:00,SET_000449,settlements.csv,settlements:SET_000449
5530.75,BATCH_20260108,INR,2026-01-08T19:17:00+00:00,MCH_ZERO,"{'amount': '5530.75', 'settled_at': '2026-01-08T19:17:00+00:00'}",PAY_000450,2026-01-08T19:17:00+00:00,SET_000450,settlements.csv,settlements:SET_000450
19882.03,BATCH_20260109,INR,2026-01-09T22:31:00+00:00,MCH_HEALTH,"{'amount': '19882.03', 'settled_at': '2026-01-09T22:31:00+00:00'}",PAY_000452,2026-01-09T22:31:00+00:00,SET_000452,settlements.csv,settlements:SET_000452
77502.62,BATCH_20260110,INR,2026-01-10T18:37:00+00:00,MCH_SAAS,"{'amount': '77502.62', 'settled_at': '2026-01-10T18:37:00+00:00'}",PAY_000453,2026-01-10T18:37:00+00:00,SET_000453,settlements.csv,settlements:SET_000453
67741.75,BATCH_20260108,INR,2026-01-08T17:34:00+00:00,MCH_ZERO,"{'amount': '67741.75', 'settled_at': '2026-01-08T17:34:00+00:00'}",PAY_000454,2026-01-08T17:34:00+00:00,SET_000454,settlements.csv,settlements:SET_000454
77464.16,BATCH_20260109,INR,2026-01-09T20:48:00+00:00,MCH_CAFE,"{'amount': '77464.16', 'settled_at': '2026-01-09T20:48:00+00:00'}",PAY_000455,2026-01-09T20:48:00+00:00,SET_000455,settlements.csv,settlements:SET_000455
14861.30,BATCH_20260110,INR,2026-01-10T18:01:00+00:00,MCH_TRAVEL,"{'amount': '14861.30', 'settled_at': '2026-01-10T18:01:00+00:00'}",PAY_000456,2026-01-10T18:01:00+00:00,SET_000456,settlements.csv,settlements:SET_000456
46089.85,BATCH_20260110,INR,2026-01-10T15:54:00+00:00,MCH_TRAVEL,"{'amount': '46089.85', 'settled_at': '2026-01-10T15:54:00+00:00'}",PAY_000457,2026-01-10T15:54:00+00:00,SET_000457,settlements.csv,settlements:SET_000457
19154.02,BATCH_20260109,INR,2026-01-09T16:04:00+00:00,MCH_HEALTH,"{'amount': '19154.02', 'settled_at': '2026-01-09T16:04:00+00:00'}",PAY_000458,2026-01-09T16:04:00+00:00,SET_000458,settlements.csv,settlements:SET_000458
85376.32,BATCH_20260110,INR,2026-01-10T23:19:00+00:00,MCH_TRAVEL,"{'amount': '85376.32', 'settled_at': '2026-01-10T23:19:00+00:00'}",PAY_000459,2026-01-10T23:19:00+00:00,SET_000459,settlements.csv,settlements:SET_000459
28526.31,BATCH_20260109,INR,2026-01-09T18:17:00+00:00,MCH_SWIFT,"{'amount': '28526.31', 'settled_at': '2026-01-09T18:17:00+00:00'}",PAY_000460,2026-01-09T18:17:00+00:00,SET_000460,settlements.csv,settlements:SET_000460
44349.18,BATCH_20260110,INR,2026-01-10T22:24:00+00:00,MCH_TRAVEL,"{'amount': '44349.18', 'settled_at': '2026-01-10T22:24:00+00:00'}",PAY_000461,2026-01-10T22:24:00+00:00,SET_000461,settlements.csv,settlements:SET_000461
17183.27,BATCH_20260110,INR,2026-01-10T18:42:00+00:00,MCH_SAAS,"{'amount': '17183.27', 'settled_at': '2026-01-10T18:42:00+00:00'}",PAY_000462,2026-01-10T18:42:00+00:00,SET_000462,settlements.csv,settlements:SET_000462
12659.56,BATCH_20260109,INR,2026-01-09T17:37:00+00:00,MCH_HEALTH,"{'amount': '12659.56', 'settled_at': '2026-01-09T17:37:00+00:00'}",PAY_000463,2026-01-09T17:37:00+00:00,SET_000463,settlements.csv,settlements:SET_000463
84553.82,BATCH_20260110,INR,2026-01-10T22:43:00+00:00,MCH_SAAS,"{'amount': '84553.82', 'settled_at': '2026-01-10T22:43:00+00:00'}",PAY_000464,2026-01-10T22:43:00+00:00,SET_000464,settlements.csv,settlements:SET_000464
5859.89,BATCH_20260109,INR,2026-01-09T22:56:00+00:00,MCH_CAFE,"{'amount': '5859.89', 'settled_at': '2026-01-09T22:56:00+00:00'}",PAY_000465,2026-01-09T22:56:00+00:00,SET_000465,settlements.csv,settlements:SET_000465
75800.58,BATCH_20260109,INR,2026-01-09T21:06:00+00:00,MCH_CAFE,"{'amount': '75800.58', 'settled_at': '2026-01-09T21:06:00+00:00'}",PAY_000466,2026-01-09T21:06:00+00:00,SET_000466,settlements.csv,settlements:SET_000466
30000.62,BATCH_20260110,INR,2026-01-10T21:21:00+00:00,MCH_SAAS,"{'amount': '30000.62', 'settled_at': '2026-01-10T21:21:00+00:00'}",PAY_000467,2026-01-10T21:21:00+00:00,SET_000467,settlements.csv,settlements:SET_000467
718.58,BATCH_20260109,INR,2026-01-09T20:27:00+00:00,MCH_SWIFT,"{'amount': '718.58', 'settled_at': '2026-01-09T20:27:00+00:00'}",PAY_000468,2026-01-09T20:27:00+00:00,SET_000468,settlements.csv,settlements:SET_000468
27516.00,BATCH_20260110,INR,2026-01-10T21:18:00+00:00,MCH_TRAVEL,"{'amount': '27516.00', 'settled_at': '2026-01-10T21:18:00+00:00'}",PAY_000469,2026-01-10T21:18:00+00:00,SET_000469,settlements.csv,settlements:SET_000469
54697.15,BATCH_20260109,INR,2026-01-09T20:33:00+00:00,MCH_HEALTH,"{'amount': '54697.15', 'settled_at': '2026-01-09T20:33:00+00:00'}",PAY_000470,2026-01-09T20:33:00+00:00,SET_000470,settlements.csv,settlements:SET_000470
70843.86,BATCH_20260110,INR,2026-01-10T21:40:00+00:00,MCH_SAAS,"{'amount': '70843.86', 'settled_at': '2026-01-10T21:40:00+00:00'}",PAY_000471,2026-01-10T21:40:00+00:00,SET_000471,settlements.csv,settlements:SET_000471
74338.71,BATCH_20260109,INR,2026-01-09T20:44:00+00:00,MCH_CAFE,"{'amount': '74338.71', 'settled_at': '2026-01-09T20:44:00+00:00'}",PAY_000472,2026-01-09T20:44:00+00:00,SET_000472,settlements.csv,settlements:SET_000472
20963.35,BATCH_20260110,INR,2026-01-10T17:58:00+00:00,MCH_SAAS,"{'amount': '20963.35', 'settled_at': '2026-01-10T17:58:00+00:00'}",PAY_000473,2026-01-10T17:58:00+00:00,SET_000473,settlements.csv,settlements:SET_000473
50374.34,BATCH_20260109,INR,2026-01-09T23:53:00+00:00,MCH_SWIFT,"{'amount': '50374.34', 'settled_at': '2026-01-09T23:53:00+00:00'}",PAY_000474,2026-01-09T23:53:00+00:00,SET_000474,settlements.csv,settlements:SET_000474
8699.00,BATCH_20260109,INR,2026-01-09T00:00:00+00:00,MCH_ZERO,"{'amount': '8699.00', 'settled_at': '2026-01-09T00:00:00+00:00'}",PAY_000475,2026-01-09T00:00:00+00:00,SET_000475,settlements.csv,settlements:SET_000475
82705.21,BATCH_20260109,INR,2026-01-09T21:16:00+00:00,MCH_SWIFT,"{'amount': '82705.21', 'settled_at': '2026-01-09T21:16:00+00:00'}",PAY_000477,2026-01-09T21:16:00+00:00,SET_000477,settlements.csv,settlements:SET_000477
52897.46,BATCH_20260108,INR,2026-01-08T21:29:00+00:00,MCH_ZERO,"{'amount': '52897.46', 'settled_at': '2026-01-08T21:29:00+00:00'}",PAY_000478,2026-01-08T21:29:00+00:00,SET_000478,settlements.csv,settlements:SET_000478
348.00,BATCH_20260111,INR,2026-01-11T00:38:00+00:00,MCH_TRAVEL,"{'amount': '348.00', 'settled_at': '2026-01-11T00:38:00+00:00'}",PAY_000479,2026-01-11T00:38:00+00:00,SET_000479,settlements.csv,settlements:SET_000479
1457.36,BATCH_20260109,INR,2026-01-09T23:48:00+00:00,MCH_HEALTH,"{'amount': '1457.36', 'settled_at': '2026-01-09T23:48:00+00:00'}",PAY_000480,2026-01-09T23:48:00+00:00,SET_000480,settlements.csv,settlements:SET_000480
35736.08,BATCH_20260109,INR,2026-01-09T18:53:00+00:00,MCH_CAFE,"{'amount': '35736.08', 'settled_at': '2026-01-09T18:53:00+00:00'}",PAY_000481,2026-01-09T18:53:00+00:00,SET_000481,settlements.csv,settlements:SET_000481
22728.92,BATCH_20260109,INR,2026-01-09T23:02:00+00:00,MCH_CAFE,"{'amount': '22728.92', 'settled_at': '2026-01-09T23:02:00+00:00'}",PAY_000482,2026-01-09T23:02:00+00:00,SET_000482,settlements.csv,settlements:SET_000482
15290.50,BATCH_20260110,INR,2026-01-10T01:04:00+00:00,MCH_CAFE,"{'amount': '15290.50', 'settled_at': '2026-01-10T01:04:00+00:00'}",PAY_000483,2026-01-10T01:04:00+00:00,SET_000483,settlements.csv,settlements:SET_000483
45959.23,BATCH_20260109,INR,2026-01-09T20:16:00+00:00,MCH_HEALTH,"{'amount': '45959.23', 'settled_at': '2026-01-09T20:16:00+00:00'}",PAY_000484,2026-01-09T20:16:00+00:00,SET_000484,settlements.csv,settlements:SET_000484
81216.81,BATCH_20260111,INR,2026-01-11T01:18:00+00:00,MCH_SAAS,"{'amount': '81216.81', 'settled_at': '2026-01-11T01:18:00+00:00'}",PAY_000485,2026-01-11T01:18:00+00:00,SET_000485,settlements.csv,settlements:SET_000485
1539.25,BATCH_20260118,INR,2026-01-18T18:23:00+00:00,MCH_HEALTH,"{'amount': '1539.25', 'settled_at': '2026-01-18T18:23:00+00:00'}",PAY_000486,2026-01-18T18:23:00+00:00,SET_000486,settlements.csv,settlements:SET_000486
44261.62,BATCH_20260111,INR,2026-01-11T00:36:00+00:00,MCH_TRAVEL,"{'amount': '44261.62', 'settled_at': '2026-01-11T00:36:00+00:00'}",PAY_000487,2026-01-11T00:36:00+00:00,SET_000487,settlements.csv,settlements:SET_000487
47504.88,BATCH_20260109,INR,2026-01-09T22:38:00+00:00,MCH_SWIFT,"{'amount': '47504.88', 'settled_at': '2026-01-09T22:38:00+00:00'}",PAY_000488,2026-01-09T22:38:00+00:00,SET_000488,settlements.csv,settlements:SET_000488
26797.16,BATCH_20260109,INR,2026-01-09T20:46:00+00:00,MCH_CAFE,"{'amount': '26797.16', 'settled_at': '2026-01-09T20:46:00+00:00'}",PAY_000489,2026-01-09T20:46:00+00:00,SET_000489,settlements.csv,settlements:SET_000489
10587.75,BATCH_20260109,INR,2026-01-09T02:44:00+00:00,MCH_ZERO,"{'amount': '10587.75', 'settled_at': '2026-01-09T02:44:00+00:00'}",PAY_000490,2026-01-09T02:44:00+00:00,SET_000490,settlements.csv,settlements:SET_000490
79853.66,BATCH_20260109,INR,2026-01-09T22:00:00+00:00,MCH_CAFE,"{'amount': '79853.66', 'settled_at': '2026-01-09T22:00:00+00:00'}",PAY_000491,2026-01-09T22:00:00+00:00,SET_000491,settlements.csv,settlements:SET_000491
36290.54,BATCH_20260110,INR,2026-01-10T02:03:00+00:00,MCH_HEALTH,"{'amount': '36290.54', 'settled_at': '2026-01-10T02:03:00+00:00'}",PAY_000492,2026-01-10T02:03:00+00:00,SET_000492,settlements.csv,settlements:SET_000492
69394.52,BATCH_20260111,INR,2026-01-11T03:16:00+00:00,MCH_SAAS,"{'amount': '69394.52', 'settled_at': '2026-01-11T03:16:00+00:00'}",PAY_000493,2026-01-11T03:16:00+00:00,SET_000493,settlements.csv,settlements:SET_000493
68222.25,BATCH_20260108,INR,2026-01-08T23:14:00+00:00,MCH_ZERO,"{'amount': '68222.25', 'settled_at': '2026-01-08T23:14:00+00:00'}",PAY_000494,2026-01-08T23:14:00+00:00,SET_000494,settlements.csv,settlements:SET_000494
74536.67,BATCH_20260111,INR,2026-01-11T00:26:00+00:00,MCH_SAAS,"{'amount': '74536.67', 'settled_at': '2026-01-11T00:26:00+00:00'}",PAY_000495,2026-01-11T00:26:00+00:00,SET_000495,settlements.csv,settlements:SET_000495
34967.25,BATCH_20260110,INR,2026-01-10T03:36:00+00:00,MCH_SWIFT,"{'amount': '34967.25', 'settled_at': '2026-01-10T03:36:00+00:00'}",PAY_000496,2026-01-10T03:36:00+00:00,SET_000496,settlements.csv,settlements:SET_000496
27191.89,BATCH_20260111,INR,2026-01-11T03:44:00+00:00,MCH_SAAS,"{'amount': '27191.89', 'settled_at': '2026-01-11T03:44:00+00:00'}",PAY_000497,2026-01-11T03:44:00+00:00,SET_000497,settlements.csv,settlements:SET_000497
73838.49,BATCH_20260110,INR,2026-01-10T00:49:00+00:00,MCH_SWIFT,"{'amount': '73838.49', 'settled_at': '2026-01-10T00:49:00+00:00'}",PAY_000498,2026-01-10T00:49:00+00:00,SET_000498,settlements.csv,settlements:SET_000498
71770.64,BATCH_20260110,INR,2026-01-10T03:49:00+00:00,MCH_SWIFT,"{'amount': '71770.64', 'settled_at': '2026-01-10T03:49:00+00:00'}",PAY_000499,2026-01-10T03:49:00+00:00,SET_000499,settlements.csv,settlements:SET_000499
23448.25,BATCH_20260109,INR,2026-01-09T04:08:00+00:00,MCH_ZERO,"{'amount': '23448.25', 'settled_at': '2026-01-09T04:08:00+00:00'}",PAY_000500,2026-01-09T04:08:00+00:00,SET_000500,settlements.csv,settlements:SET_000500
32463.20,BATCH_20260109,INR,2026-01-09T23:10:00+00:00,MCH_CAFE,"{'amount': '32463.20', 'settled_at': '2026-01-09T23:10:00+00:00'}",PAY_000501,2026-01-09T23:10:00+00:00,SET_000501,settlements.csv,settlements:SET_000501
28541.00,BATCH_20260109,INR,2026-01-09T02:13:00+00:00,MCH_ZERO,"{'amount': '28541.00', 'settled_at': '2026-01-09T02:13:00+00:00'}",PAY_000502,2026-01-09T02:13:00+00:00,SET_000502,settlements.csv,settlements:SET_000502
46562.54,BATCH_20260109,INR,2026-01-09T21:24:00+00:00,MCH_CAFE,"{'amount': '46562.54', 'settled_at': '2026-01-09T21:24:00+00:00'}",PAY_000503,2026-01-09T21:24:00+00:00,SET_000503,settlements.csv,settlements:SET_000503
15780.25,BATCH_20260111,INR,2026-01-11T01:29:00+00:00,MCH_SAAS,"{'amount': '15780.25', 'settled_at': '2026-01-11T01:29:00+00:00'}",PAY_000504,2026-01-11T01:29:00+00:00,SET_000504,settlements.csv,settlements:SET_000504
41964.71,BATCH_20260110,INR,2026-01-10T03:43:00+00:00,MCH_CAFE,"{'amount': '41964.71', 'settled_at': '2026-01-10T03:43:00+00:00'}",PAY_000505,2026-01-10T03:43:00+00:00,SET_000505,settlements.csv,settlements:SET_000505
37094.14,BATCH_20260110,INR,2026-01-10T03:39:00+00:00,MCH_HEALTH,"{'amount': '37094.14', 'settled_at': '2026-01-10T03:39:00+00:00'}",PAY_000506,2026-01-10T03:39:00+00:00,SET_000506,settlements.csv,settlements:SET_000506
79019.93,BATCH_20260111,INR,2026-01-11T02:42:00+00:00,MCH_TRAVEL,"{'amount': '79019.93', 'settled_at': '2026-01-11T02:42:00+00:00'}",PAY_000507,2026-01-11T02:42:00+00:00,SET_000507,settlements.csv,settlements:SET_000507
40640.02,BATCH_20260110,INR,2026-01-10T01:57:00+00:00,MCH_SWIFT,"{'amount': '40640.02', 'settled_at': '2026-01-10T01:57:00+00:00'}",PAY_000508,2026-01-10T01:57:00+00:00,SET_000508,settlements.csv,settlements:SET_000508
46698.23,BATCH_20260111,INR,2026-01-11T00:12:00+00:00,MCH_SAAS,"{'amount': '46698.23', 'settled_at': '2026-01-11T00:12:00+00:00'}",PAY_000509,2026-01-11T00:12:00+00:00,SET_000509,settlements.csv,settlements:SET_000509
3264.11,BATCH_20260110,INR,2026-01-10T01:14:00+00:00,MCH_SWIFT,"{'amount': '3264.11', 'settled_at': '2026-01-10T01:14:00+00:00'}",PAY_000510,2026-01-10T01:14:00+00:00,SET_000510,settlements.csv,settlements:SET_000510
51395.86,BATCH_20260109,INR,2026-01-09T22:23:00+00:00,MCH_SWIFT,"{'amount': '51395.86', 'settled_at': '2026-01-09T22:23:00+00:00'}",PAY_000511,2026-01-09T22:23:00+00:00,SET_000511,settlements.csv,settlements:SET_000511
67249.52,BATCH_20260111,INR,2026-01-11T04:21:00+00:00,MCH_SAAS,"{'amount': '67249.52', 'settled_at': '2026-01-11T04:21:00+00:00'}",PAY_000512,2026-01-11T04:21:00+00:00,SET_000512,settlements.csv,settlements:SET_000512
21345.69,BATCH_20260109,INR,2026-01-09T22:29:00+00:00,MCH_CAFE,"{'amount': '21345.69', 'settled_at': '2026-01-09T22:29:00+00:00'}",PAY_000513,2026-01-09T22:29:00+00:00,SET_000513,settlements.csv,settlements:SET_000513
87272.00,BATCH_20260109,INR,2026-01-09T05:46:00+00:00,MCH_ZERO,"{'amount': '87272.00', 'settled_at': '2026-01-09T05:46:00+00:00'}",PAY_000514,2026-01-09T05:46:00+00:00,SET_000514,settlements.csv,settlements:SET_000514
50277.09,BATCH_20260110,INR,2026-01-10T02:54:00+00:00,MCH_SWIFT,"{'amount': '50277.09', 'settled_at': '2026-01-10T02:54:00+00:00'}",PAY_000515,2026-01-10T02:54:00+00:00,SET_000515,settlements.csv,settlements:SET_000515
62053.76,BATCH_20260110,INR,2026-01-10T03:57:00+00:00,MCH_CAFE,"{'amount': '62053.76', 'settled_at': '2026-01-10T03:57:00+00:00'}",PAY_000516,2026-01-10T03:57:00+00:00,SET_000516,settlements.csv,settlements:SET_000516
1643.97,BATCH_20260110,INR,2026-01-10T06:02:00+00:00,MCH_CAFE,"{'amount': '1643.97', 'settled_at': '2026-01-10T06:02:00+00:00'}",PAY_000517,2026-01-10T06:02:00+00:00,SET_000517,settlements.csv,settlements:SET_000517
1358.93,BATCH_20260110,INR,2026-01-10T05:09:00+00:00,MCH_HEALTH,"{'amount': '1358.93', 'settled_at': '2026-01-10T05:09:00+00:00'}",PAY_000518,2026-01-10T05:09:00+00:00,SET_000518,settlements.csv,settlements:SET_000518
76819.90,BATCH_20260110,INR,2026-01-10T05:19:00+00:00,MCH_CAFE,"{'amount': '76819.90', 'settled_at': '2026-01-10T05:19:00+00:00'}",PAY_000519,2026-01-10T05:19:00+00:00,SET_000519,settlements.csv,settlements:SET_000519
56436.40,BATCH_20260110,INR,2026-01-10T02:24:00+00:00,MCH_HEALTH,"{'amount': '56436.40', 'settled_at': '2026-01-10T02:24:00+00:00'}",PAY_000520,2026-01-10T02:24:00+00:00,SET_000520,settlements.csv,settlements:SET_000520
6703.81,BATCH_20260110,INR,2026-01-10T03:35:00+00:00,MCH_CAFE,"{'amount': '6703.81', 'settled_at': '2026-01-10T03:35:00+00:00'}",PAY_000521,2026-01-10T03:35:00+00:00,SET_000521,settlements.csv,settlements:SET_000521
34820.54,BATCH_20260110,INR,2026-01-10T03:30:00+00:00,MCH_HEALTH,"{'amount': '34820.54', 'settled_at': '2026-01-10T03:30:00+00:00'}",PAY_000522,2026-01-10T03:30:00+00:00,SET_000522,settlements.csv,settlements:SET_000522
83778.25,BATCH_20260109,INR,2026-01-09T02:43:00+00:00,MCH_ZERO,"{'amount': '83778.25', 'settled_at': '2026-01-09T02:43:00+00:00'}",PAY_000523,2026-01-09T02:43:00+00:00,SET_000523,settlements.csv,settlements:SET_000523
2731.51,BATCH_20260110,INR,2026-01-10T00:43:00+00:00,MCH_CAFE,"{'amount': '2731.51', 'settled_at': '2026-01-10T00:43:00+00:00'}",PAY_000524,2026-01-10T00:43:00+00:00,SET_000524,settlements.csv,settlements:SET_000524
56661.22,BATCH_20260110,INR,2026-01-10T23:49:00+00:00,MCH_TRAVEL,"{'amount': '56661.22', 'settled_at': '2026-01-10T23:49:00+00:00'}",PAY_000525,2026-01-10T23:49:00+00:00,SET_000525,settlements.csv,settlements:SET_000525
20806.10,BATCH_20260111,INR,2026-01-11T00:10:00+00:00,MCH_SAAS,"{'amount': '20806.10', 'settled_at': '2026-01-11T00:10:00+00:00'}",PAY_000526,2026-01-11T00:10:00+00:00,SET_000526,settlements.csv,settlements:SET_000526
10575.07,BATCH_20260118,INR,2026-01-18T23:14:00+00:00,MCH_CAFE,"{'amount': '10575.07', 'settled_at': '2026-01-18T23:14:00+00:00'}",PAY_000527,2026-01-18T23:14:00+00:00,SET_000527,settlements.csv,settlements:SET_000527
25029.16,BATCH_20260110,INR,2026-01-10T06:10:00+00:00,MCH_SWIFT,"{'amount': '25029.16', 'settled_at': '2026-01-10T06:10:00+00:00'}",PAY_000528,2026-01-10T06:10:00+00:00,SET_000528,settlements.csv,settlements:SET_000528
31874.33,BATCH_20260111,INR,2026-01-11T03:29:00+00:00,MCH_SAAS,"{'amount': '31874.33', 'settled_at': '2026-01-11T03:29:00+00:00'}",PAY_000529,2026-01-11T03:29:00+00:00,SET_000529,settlements.csv,settlements:SET_000529
50016.16,BATCH_20260111,INR,2026-01-11T01:28:00+00:00,MCH_SAAS,"{'amount': '50016.16', 'settled_at': '2026-01-11T01:28:00+00:00'}",PAY_000530,2026-01-11T01:28:00+00:00,SET_000530,settlements.csv,settlements:SET_000530
61979.48,BATCH_20260110,INR,2026-01-10T03:40:00+00:00,MCH_CAFE,"{'amount': '61979.48', 'settled_at': '2026-01-10T03:40:00+00:00'}",PAY_000531,2026-01-10T03:40:00+00:00,SET_000531,settlements.csv,settlements:SET_000531
31228.75,BATCH_20260109,INR,2026-01-09T04:37:00+00:00,MCH_ZERO,"{'amount': '31228.75', 'settled_at': '2026-01-09T04:37:00+00:00'}",PAY_000532,2026-01-09T04:37:00+00:00,SET_000532,settlements.csv,settlements:SET_000532
15658.60,BATCH_20260110,INR,2026-01-10T02:43:00+00:00,MCH_HEALTH,"{'amount': '15658.60', 'settled_at': '2026-01-10T02:43:00+00:00'}",PAY_000533,2026-01-10T02:43:00+00:00,SET_000533,settlements.csv,settlements:SET_000533
11761.38,BATCH_20260110,INR,2026-01-10T00:54:00+00:00,MCH_CAFE,"{'amount': '11761.38', 'settled_at': '2026-01-10T00:54:00+00:00'}",PAY_000534,2026-01-10T00:54:00+00:00,SET_000534,settlements.csv,settlements:SET_000534
40963.42,BATCH_20260109,INR,2026-01-09T06:18:00+00:00,MCH_ZERO,"{'amount': '40963.42', 'settled_at': '2026-01-09T06:18:00+00:00'}",PAY_000535,2026-01-09T06:18:00+00:00,SET_000535,settlements.csv,settlements:SET_000535
54686.87,BATCH_20260110,INR,2026-01-10T03:14:00+00:00,MCH_HEALTH,"{'amount': '54686.87', 'settled_at': '2026-01-10T03:14:00+00:00'}",PAY_000536,2026-01-10T03:14:00+00:00,SET_000536,settlements.csv,settlements:SET_000536
5352.79,BATCH_20260110,INR,2026-01-10T04:23:00+00:00,MCH_CAFE,"{'amount': '5352.79', 'settled_at': '2026-01-10T04:23:00+00:00'}",PAY_000537,2026-01-10T04:23:00+00:00,SET_000537,settlements.csv,settlements:SET_000537
24262.27,BATCH_20260110,INR,2026-01-10T03:33:00+00:00,MCH_HEALTH,"{'amount': '24262.27', 'settled_at': '2026-01-10T03:33:00+00:00'}",PAY_000538,2026-01-10T03:33:00+00:00,SET_000538,settlements.csv,settlements:SET_000538
52576.94,BATCH_20260109,INR,2026-01-09T07:34:00+00:00,MCH_ZERO,"{'amount': '52576.94', 'settled_at': '2026-01-09T07:34:00+00:00'}",PAY_000539,2026-01-09T07:34:00+00:00,SET_000539,settlements.csv,settlements:SET_000539
24144.26,BATCH_20260111,INR,2026-01-11T02:40:00+00:00,MCH_TRAVEL,"{'amount': '24144.26', 'settled_at': '2026-01-11T02:40:00+00:00'}",PAY_000540,2026-01-11T02:40:00+00:00,SET_000540,settlements.csv,settlements:SET_000540
69373.34,BATCH_20260111,INR,2026-01-11T05:57:00+00:00,MCH_TRAVEL,"{'amount': '69373.34', 'settled_at': '2026-01-11T05:57:00+00:00'}",PAY_000541,2026-01-11T05:57:00+00:00,SET_000541,settlements.csv,settlements:SET_000541
14450.88,BATCH_20260119,INR,2026-01-19T00:52:00+00:00,MCH_CAFE,"{'amount': '14450.88', 'settled_at': '2026-01-19T00:52:00+00:00'}",PAY_000542,2026-01-19T00:52:00+00:00,SET_000542,settlements.csv,settlements:SET_000542
4316.82,BATCH_20260110,INR,2026-01-10T02:01:00+00:00,MCH_SWIFT,"{'amount': '4316.82', 'settled_at': '2026-01-10T02:01:00+00:00'}",PAY_000543,2026-01-10T02:01:00+00:00,SET_000543,settlements.csv,settlements:SET_000543
82722.94,BATCH_20260110,INR,2026-01-10T02:18:00+00:00,MCH_HEALTH,"{'amount': '82722.94', 'settled_at': '2026-01-10T02:18:00+00:00'}",PAY_000544,2026-01-10T02:18:00+00:00,SET_000544,settlements.csv,settlements:SET_000544
28585.43,BATCH_20260110,INR,2026-01-10T03:12:00+00:00,MCH_CAFE,"{'amount': '28585.43', 'settled_at': '2026-01-10T03:12:00+00:00'}",PAY_000545,2026-01-10T03:12:00+00:00,SET_000545,settlements.csv,settlements:SET_000545
81937.90,BATCH_20260111,INR,2026-01-11T02:30:00+00:00,MCH_SAAS,"{'amount': '81937.90', 'settled_at': '2026-01-11T02:30:00+00:00'}",PAY_000546,2026-01-11T02:30:00+00:00,SET_000546,settlements.csv,settlements:SET_000546
34433.69,BATCH_20260119,INR,2026-01-19T01:27:00+00:00,MCH_HEALTH,"{'amount': '34433.69', 'settled_at': '2026-01-19T01:27:00+00:00'}",PAY_000547,2026-01-19T01:27:00+00:00,SET_000547,settlements.csv,settlements:SET_000547
67155.00,BATCH_20260110,INR,2026-01-10T05:39:00+00:00,MCH_SWIFT,"{'amount': '67155.00', 'settled_at': '2026-01-10T05:39:00+00:00'}",PAY_000548,2026-01-10T05:39:00+00:00,SET_000548,settlements.csv,settlements:SET_000548
43355.70,BATCH_20260110,INR,2026-01-10T07:43:00+00:00,MCH_SWIFT,"{'amount': '43355.70', 'settled_at': '2026-01-10T07:43:00+00:00'}",PAY_000549,2026-01-10T07:43:00+00:00,SET_000549,settlements.csv,settlements:SET_000549
59271.66,BATCH_20260111,INR,2026-01-11T04:47:00+00:00,MCH_TRAVEL,"{'amount': '59271.66', 'settled_at': '2026-01-11T04:47:00+00:00'}",PAY_000550,2026-01-11T04:47:00+00:00,SET_000550,settlements.csv,settlements:SET_000550
29352.24,BATCH_20260110,INR,2026-01-10T07:58:00+00:00,MCH_HEALTH,"{'amount': '29352.24', 'settled_at': '2026-01-10T07:58:00+00:00'}",PAY_000551,2026-01-10T07:58:00+00:00,SET_000551,settlements.csv,settlements:SET_000551
53149.12,BATCH_20260110,INR,2026-01-10T06:10:00+00:00,MCH_CAFE,"{'amount': '53149.12', 'settled_at': '2026-01-10T06:10:00+00:00'}",PAY_000552,2026-01-10T06:10:00+00:00,SET_000552,settlements.csv,settlements:SET_000552
70605.23,BATCH_20260111,INR,2026-01-11T09:18:00+00:00,MCH_SAAS,"{'amount': '70605.23', 'settled_at': '2026-01-11T09:18:00+00:00'}",PAY_000553,2026-01-11T09:18:00+00:00,SET_000553,settlements.csv,settlements:SET_000553
2675.46,BATCH_20260109,INR,2026-01-09T03:25:00+00:00,MCH_ZERO,"{'amount': '2675.46', 'settled_at': '2026-01-09T03:25:00+00:00'}",PAY_000554,2026-01-09T03:25:00+00:00,SET_000554,settlements.csv,settlements:SET_000554
28770.70,BATCH_20260110,INR,2026-01-10T04:24:00+00:00,MCH_CAFE,"{'amount': '28770.70', 'settled_at': '2026-01-10T04:24:00+00:00'}",PAY_000555,2026-01-10T04:24:00+00:00,SET_000555,settlements.csv,settlements:SET_000555
18106.06,BATCH_20260110,INR,2026-01-10T07:34:00+00:00,MCH_SWIFT,"{'amount': '18106.06', 'settled_at': '2026-01-10T07:34:00+00:00'}",PAY_000556,2026-01-10T07:34:00+00:00,SET_000556,settlements.csv,settlements:SET_000556
12072.88,BATCH_20260110,INR,2026-01-10T08:40:00+00:00,MCH_CAFE,"{'amount': '12072.88', 'settled_at': '2026-01-10T08:40:00+00:00'}",PAY_000557,2026-01-10T08:40:00+00:00,SET_000557,settlements.csv,settlements:SET_000557
8624.58,BATCH_20260111,INR,2026-01-11T09:46:00+00:00,MCH_SAAS,"{'amount': '8624.58', 'settled_at': '2026-01-11T09:46:00+00:00'}",PAY_000558,2026-01-11T09:46:00+00:00,SET_000558,settlements.csv,settlements:SET_000558
44341.15,BATCH_20260109,INR,2026-01-09T03:50:00+00:00,MCH_ZERO,"{'amount': '44341.15', 'settled_at': '2026-01-09T03:50:00+00:00'}",PAY_000559,2026-01-09T03:50:00+00:00,SET_000559,settlements.csv,settlements:SET_000559
7204.15,BATCH_20260111,INR,2026-01-11T09:01:00+00:00,MCH_SAAS,"{'amount': '7204.15', 'settled_at': '2026-01-11T09:01:00+00:00'}",PAY_000560,2026-01-11T09:01:00+00:00,SET_000560,settlements.csv,settlements:SET_000560
28651.20,BATCH_20260110,INR,2026-01-10T05:15:00+00:00,MCH_HEALTH,"{'amount': '28651.20', 'settled_at': '2026-01-10T05:15:00+00:00'}",PAY_000561,2026-01-10T05:15:00+00:00,SET_000561,settlements.csv,settlements:SET_000561
55886.55,BATCH_20260110,INR,2026-01-10T05:10:00+00:00,MCH_SWIFT,"{'amount': '55886.55', 'settled_at': '2026-01-10T05:10:00+00:00'}",PAY_000562,2026-01-10T05:10:00+00:00,SET_000562,settlements.csv,settlements:SET_000562
73314.76,BATCH_20260111,INR,2026-01-11T05:28:00+00:00,MCH_SAAS,"{'amount': '73314.76', 'settled_at': '2026-01-11T05:28:00+00:00'}",PAY_000563,2026-01-11T05:28:00+00:00,SET_000563,settlements.csv,settlements:SET_000563
64417.39,BATCH_20260111,INR,2026-01-11T11:35:00+00:00,MCH_SAAS,"{'amount': '64417.39', 'settled_at': '2026-01-11T11:35:00+00:00'}",PAY_000564,2026-01-11T11:35:00+00:00,SET_000564,settlements.csv,settlements:SET_000564
83712.34,BATCH_20260111,INR,2026-01-11T07:46:00+00:00,MCH_SAAS,"{'amount': '83712.34', 'settled_at': '2026-01-11T07:46:00+00:00'}",PAY_000565,2026-01-11T07:46:00+00:00,SET_000565,settlements.csv,settlements:SET_000565
41551.07,BATCH_20260111,INR,2026-01-11T10:36:00+00:00,MCH_SAAS,"{'amount': '41551.07', 'settled_at': '2026-01-11T10:36:00+00:00'}",PAY_000566,2026-01-11T10:36:00+00:00,SET_000566,settlements.csv,settlements:SET_000566
44455.43,BATCH_20260110,INR,2026-01-10T09:49:00+00:00,MCH_CAFE,"{'amount': '44455.43', 'settled_at': '2026-01-10T09:49:00+00:00'}",PAY_000567,2026-01-10T09:49:00+00:00,SET_000567,settlements.csv,settlements:SET_000567
57092.27,BATCH_20260119,INR,2026-01-19T03:51:00+00:00,MCH_HEALTH,"{'amount': '57092.27', 'settled_at': '2026-01-19T03:51:00+00:00'}",PAY_000568,2026-01-19T03:51:00+00:00,SET_000568,settlements.csv,settlements:SET_000568
48354.36,BATCH_20260111,INR,2026-01-11T06:55:00+00:00,MCH_TRAVEL,"{'amount': '48354.36', 'settled_at': '2026-01-11T06:55:00+00:00'}",PAY_000569,2026-01-11T06:55:00+00:00,SET_000569,settlements.csv,settlements:SET_000569
1804.32,BATCH_20260110,INR,2026-01-10T05:17:00+00:00,MCH_CAFE,"{'amount': '1804.32', 'settled_at': '2026-01-10T05:17:00+00:00'}",PAY_000570,2026-01-10T05:17:00+00:00,SET_000570,settlements.csv,settlements:SET_000570
18788.15,BATCH_20260110,INR,2026-01-10T05:20:00+00:00,MCH_HEALTH,"{'amount': '18788.15', 'settled_at': '2026-01-10T05:20:00+00:00'}",PAY_000571,2026-01-10T05:20:00+00:00,SET_000571,settlements.csv,settlements:SET_000571
74792.86,BATCH_20260111,INR,2026-01-11T05:23:00+00:00,MCH_SAAS,"{'amount': '74792.86', 'settled_at': '2026-01-11T05:23:00+00:00'}",PAY_000572,2026-01-11T05:23:00+00:00,SET_000572,settlements.csv,settlements:SET_000572
17444.44,BATCH_20260110,INR,2026-01-10T06:25:00+00:00,MCH_CAFE,"{'amount': '17444.44', 'settled_at': '2026-01-10T06:25:00+00:00'}",PAY_000573,2026-01-10T06:25:00+00:00,SET_000573,settlements.csv,settlements:SET_000573
84679.60,BATCH_20260120,INR,2026-01-20T04:45:00+00:00,MCH_SAAS,"{'amount': '84679.60', 'settled_at': '2026-01-20T04:45:00+00:00'}",PAY_000574,2026-01-20T04:45:00+00:00,SET_000574,settlements.csv,settlements:SET_000574
83538.03,BATCH_20260110,INR,2026-01-10T10:55:00+00:00,MCH_CAFE,"{'amount': '83538.03', 'settled_at': '2026-01-10T10:55:00+00:00'}",PAY_000575,2026-01-10T10:55:00+00:00,SET_000575,settlements.csv,settlements:SET_000575
76415.94,BATCH_20260111,INR,2026-01-11T05:50:00+00:00,MCH_SAAS,"{'amount': '76415.94', 'settled_at': '2026-01-11T05:50:00+00:00'}",PAY_000576,2026-01-11T05:50:00+00:00,SET_000576,settlements.csv,settlements:SET_000576
43050.78,BATCH_20260110,INR,2026-01-10T11:00:00+00:00,MCH_CAFE,"{'amount': '43050.78', 'settled_at': '2026-01-10T11:00:00+00:00'}",PAY_000577,2026-01-10T11:00:00+00:00,SET_000577,settlements.csv,settlements:SET_000577
45536.92,BATCH_20260111,INR,2026-01-11T06:06:00+00:00,MCH_TRAVEL,"{'amount': '45536.92', 'settled_at': '2026-01-11T06:06:00+00:00'}",PAY_000578,2026-01-11T06:06:00+00:00,SET_000578,settlements.csv,settlements:SET_000578
33420.84,BATCH_20260111,INR,2026-01-11T08:16:00+00:00,MCH_TRAVEL,"{'amount': '33420.84', 'settled_at': '2026-01-11T08:16:00+00:00'}",PAY_000579,2026-01-11T08:16:00+00:00,SET_000579,settlements.csv,settlements:SET_000579
38509.65,BATCH_20260110,INR,2026-01-10T08:23:00+00:00,MCH_CAFE,"{'amount': '38509.65', 'settled_at': '2026-01-10T08:23:00+00:00'}",PAY_000580,2026-01-10T08:23:00+00:00,SET_000580,settlements.csv,settlements:SET_000580
40208.39,BATCH_20260111,INR,2026-01-11T09:38:00+00:00,MCH_SAAS,"{'amount': '40208.39', 'settled_at': '2026-01-11T09:38:00+00:00'}",PAY_000581,2026-01-11T09:38:00+00:00,SET_000581,settlements.csv,settlements:SET_000581
18026.08,BATCH_20260111,INR,2026-01-11T10:36:00+00:00,MCH_TRAVEL,"{'amount': '18026.08', 'settled_at': '2026-01-11T10:36:00+00:00'}",PAY_000582,2026-01-11T10:36:00+00:00,SET_000582,settlements.csv,settlements:SET_000582
17578.00,BATCH_20260110,INR,2026-01-10T07:42:00+00:00,MCH_HEALTH,"{'amount': '17578.00', 'settled_at': '2026-01-10T07:42:00+00:00'}",PAY_000583,2026-01-10T07:42:00+00:00,SET_000583,settlements.csv,settlements:SET_000583
15510.48,BATCH_20260111,INR,2026-01-11T12:40:00+00:00,MCH_TRAVEL,"{'amount': '15510.48', 'settled_at': '2026-01-11T12:40:00+00:00'}",PAY_000584,2026-01-11T12:40:00+00:00,SET_000584,settlements.csv,settlements:SET_000584
17541.00,BATCH_20260109,INR,2026-01-09T10:05:00+00:00,MCH_ZERO,"{'amount': '17541.00', 'settled_at': '2026-01-09T10:05:00+00:00'}",PAY_000586,2026-01-09T10:05:00+00:00,SET_000586,settlements.csv,settlements:SET_000586
3648.08,BATCH_20260110,INR,2026-01-10T14:20:00+00:00,MCH_SWIFT,"{'amount': '3648.08', 'settled_at': '2026-01-10T14:20:00+00:00'}",PAY_000587,2026-01-10T14:20:00+00:00,SET_000587,settlements.csv,settlements:SET_000587
83810.64,BATCH_20260111,INR,2026-01-11T09:25:00+00:00,MCH_TRAVEL,"{'amount': '83810.64', 'settled_at': '2026-01-11T09:25:00+00:00'}",PAY_000588,2026-01-11T09:25:00+00:00,SET_000588,settlements.csv,settlements:SET_000588
25165.66,BATCH_20260110,INR,2026-01-10T13:17:00+00:00,MCH_SWIFT,"{'amount': '25165.66', 'settled_at': '2026-01-10T13:17:00+00:00'}",PAY_000589,2026-01-10T13:17:00+00:00,SET_000589,settlements.csv,settlements:SET_000589
86700.73,BATCH_20260110,INR,2026-01-10T14:26:00+00:00,MCH_SWIFT,"{'amount': '86700.73', 'settled_at': '2026-01-10T14:26:00+00:00'}",PAY_000590,2026-01-10T14:26:00+00:00,SET_000590,settlements.csv,settlements:SET_000590
42024.17,BATCH_20260111,INR,2026-01-11T13:43:00+00:00,MCH_TRAVEL,"{'amount': '42024.17', 'settled_at': '2026-01-11T13:43:00+00:00'}",PAY_000591,2026-01-11T13:43:00+00:00,SET_000591,settlements.csv,settlements:SET_000591
73755.21,BATCH_20260110,INR,2026-01-10T14:40:00+00:00,MCH_HEALTH,"{'amount': '73755.21', 'settled_at': '2026-01-10T14:40:00+00:00'}",PAY_000592,2026-01-10T14:40:00+00:00,SET_000592,settlements.csv,settlements:SET_000592
5707.52,BATCH_20260111,INR,2026-01-11T13:58:00+00:00,MCH_SAAS,"{'amount': '5707.52', 'settled_at': '2026-01-11T13:58:00+00:00'}",PAY_000593,2026-01-11T13:58:00+00:00,SET_000593,settlements.csv,settlements:SET_000593
81395.48,BATCH_20260110,INR,2026-01-10T12:05:00+00:00,MCH_HEALTH,"{'amount': '81395.48', 'settled_at': '2026-01-10T12:05:00+00:00'}",PAY_000594,2026-01-10T12:05:00+00:00,SET_000594,settlements.csv,settlements:SET_000594
21563.22,BATCH_20260111,INR,2026-01-11T15:01:00+00:00,MCH_SAAS,"{'amount': '21563.22', 'settled_at': '2026-01-11T15:01:00+00:00'}",PAY_000595,2026-01-11T15:01:00+00:00,SET_000595,settlements.csv,settlements:SET_000595
24265.98,BATCH_20260111,INR,2026-01-11T12:25:00+00:00,MCH_SAAS,"{'amount': '24265.98', 'settled_at': '2026-01-11T12:25:00+00:00'}",PAY_000597,2026-01-11T12:25:00+00:00,SET_000597,settlements.csv,settlements:SET_000597
83431.91,BATCH_20260110,INR,2026-01-10T09:25:00+00:00,MCH_CAFE,"{'amount': '83431.91', 'settled_at': '2026-01-10T09:25:00+00:00'}",PAY_000598,2026-01-10T09:25:00+00:00,SET_000598,settlements.csv,settlements:SET_000598
58072.88,BATCH_20260111,INR,2026-01-11T10:40:00+00:00,MCH_TRAVEL,"{'amount': '58072.88', 'settled_at': '2026-01-11T10:40:00+00:00'}",PAY_000599,2026-01-11T10:40:00+00:00,SET_000599,settlements.csv,settlements:SET_000599
70618.39,BATCH_20260120,INR,2026-01-20T07:42:00+00:00,MCH_SAAS,"{'amount': '70618.39', 'settled_at': '2026-01-20T07:42:00+00:00'}",PAY_000600,2026-01-20T07:42:00+00:00,SET_000600,settlements.csv,settlements:SET_000600
23314.34,BATCH_20260110,INR,2026-01-10T15:50:00+00:00,MCH_SWIFT,"{'amount': '23314.34', 'settled_at': '2026-01-10T15:50:00+00:00'}",PAY_000601,2026-01-10T15:50:00+00:00,SET_000601,settlements.csv,settlements:SET_000601
55019.26,BATCH_20260110,INR,2026-01-10T08:52:00+00:00,MCH_CAFE,"{'amount': '55019.26', 'settled_at': '2026-01-10T08:52:00+00:00'}",PAY_000602,2026-01-10T08:52:00+00:00,SET_000602,settlements.csv,settlements:SET_000602
63882.12,BATCH_20260111,INR,2026-01-11T12:07:00+00:00,MCH_SAAS,"{'amount': '63882.12', 'settled_at': '2026-01-11T12:07:00+00:00'}",PAY_000603,2026-01-11T12:07:00+00:00,SET_000603,settlements.csv,settlements:SET_000603
58765.49,BATCH_20260110,INR,2026-01-10T12:16:00+00:00,MCH_HEALTH,"{'amount': '58765.49', 'settled_at': '2026-01-10T12:16:00+00:00'}",PAY_000604,2026-01-10T12:16:00+00:00,SET_000604,settlements.csv,settlements:SET_000604
30559.72,BATCH_20260110,INR,2026-01-10T14:16:00+00:00,MCH_HEALTH,"{'amount': '30559.72', 'settled_at': '2026-01-10T14:16:00+00:00'}",PAY_000605,2026-01-10T14:16:00+00:00,SET_000605,settlements.csv,settlements:SET_000605
19354.00,BATCH_20260109,INR,2026-01-09T10:26:00+00:00,MCH_ZERO,"{'amount': '19354.00', 'settled_at': '2026-01-09T10:26:00+00:00'}",PAY_000606,2026-01-09T10:26:00+00:00,SET_000606,settlements.csv,settlements:SET_000606
14572.25,BATCH_20260109,INR,2026-01-09T16:30:00+00:00,MCH_ZERO,"{'amount': '14572.25', 'settled_at': '2026-01-09T16:30:00+00:00'}",PAY_000607,2026-01-09T16:30:00+00:00,SET_000607,settlements.csv,settlements:SET_000607
74759.64,BATCH_20260111,INR,2026-01-11T14:36:00+00:00,MCH_TRAVEL,"{'amount': '74759.64', 'settled_at': '2026-01-11T14:36:00+00:00'}",PAY_000608,2026-01-11T14:36:00+00:00,SET_000608,settlements.csv,settlements:SET_000608
70634.72,BATCH_20260111,INR,2026-01-11T13:41:00+00:00,MCH_SAAS,"{'amount': '70634.72', 'settled_at': '2026-01-11T13:41:00+00:00'}",PAY_000609,2026-01-11T13:41:00+00:00,SET_000609,settlements.csv,settlements:SET_000609
67852.86,BATCH_20260110,INR,2026-01-10T10:48:00+00:00,MCH_CAFE,"{'amount': '67852.86', 'settled_at': '2026-01-10T10:48:00+00:00'}",PAY_000610,2026-01-10T10:48:00+00:00,SET_000610,settlements.csv,settlements:SET_000610
55823.97,BATCH_20260110,INR,2026-01-10T14:00:00+00:00,MCH_HEALTH,"{'amount': '55823.97', 'settled_at': '2026-01-10T14:00:00+00:00'}",PAY_000611,2026-01-10T14:00:00+00:00,SET_000611,settlements.csv,settlements:SET_000611
74167.79,BATCH_20260110,INR,2026-01-10T17:11:00+00:00,MCH_HEALTH,"{'amount': '74167.79', 'settled_at': '2026-01-10T17:11:00+00:00'}",PAY_000612,2026-01-10T17:11:00+00:00,SET_000612,settlements.csv,settlements:SET_000612
78729.83,BATCH_20260110,INR,2026-01-10T10:03:00+00:00,MCH_SWIFT,"{'amount': '78729.83', 'settled_at': '2026-01-10T10:03:00+00:00'}",PAY_000613,2026-01-10T10:03:00+00:00,SET_000613,settlements.csv,settlements:SET_000613
80218.00,BATCH_20260111,INR,2026-01-11T10:26:00+00:00,MCH_SAAS,"{'amount': '80218.00', 'settled_at': '2026-01-11T10:26:00+00:00'}",PAY_000614,2026-01-11T10:26:00+00:00,SET_000614,settlements.csv,settlements:SET_000614
45112.65,BATCH_20260110,INR,2026-01-10T14:17:00+00:00,MCH_CAFE,"{'amount': '45112.65', 'settled_at': '2026-01-10T14:17:00+00:00'}",PAY_000615,2026-01-10T14:17:00+00:00,SET_000615,settlements.csv,settlements:SET_000615
8986.80,BATCH_20260110,INR,2026-01-10T10:44:00+00:00,MCH_CAFE,"{'amount': '8986.80', 'settled_at': '2026-01-10T10:44:00+00:00'}",PAY_000616,2026-01-10T10:44:00+00:00,SET_000616,settlements.csv,settlements:SET_000616
37307.85,BATCH_20260109,INR,2026-01-09T15:35:00+00:00,MCH_ZERO,"{'amount': '37307.85', 'settled_at': '2026-01-09T15:35:00+00:00'}",PAY_000617,2026-01-09T15:35:00+00:00,SET_000617,settlements.csv,settlements:SET_000617
61892.40,BATCH_20260111,INR,2026-01-11T12:46:00+00:00,MCH_TRAVEL,"{'amount': '61892.40', 'settled_at': '2026-01-11T12:46:00+00:00'}",PAY_000618,2026-01-11T12:46:00+00:00,SET_000618,settlements.csv,settlements:SET_000618
35913.96,BATCH_20260111,INR,2026-01-11T16:00:00+00:00,MCH_TRAVEL,"{'amount': '35913.96', 'settled_at': '2026-01-11T16:00:00+00:00'}",PAY_000619,2026-01-11T16:00:00+00:00,SET_000619,settlements.csv,settlements:SET_000619
69124.22,BATCH_20260110,INR,2026-01-10T12:05:00+00:00,MCH_HEALTH,"{'amount': '69124.22', 'settled_at': '2026-01-10T12:05:00+00:00'}",PAY_000620,2026-01-10T12:05:00+00:00,SET_000620,settlements.csv,settlements:SET_000620
36389.92,BATCH_20260110,INR,2026-01-10T17:18:00+00:00,MCH_SWIFT,"{'amount': '36389.92', 'settled_at': '2026-01-10T17:18:00+00:00'}",PAY_000621,2026-01-10T17:18:00+00:00,SET_000621,settlements.csv,settlements:SET_000621
76899.38,BATCH_20260110,INR,2026-01-10T15:20:00+00:00,MCH_SWIFT,"{'amount': '76899.38', 'settled_at': '2026-01-10T15:20:00+00:00'}",PAY_000622,2026-01-10T15:20:00+00:00,SET_000622,settlements.csv,settlements:SET_000622
11379.34,BATCH_20260111,INR,2026-01-11T14:28:00+00:00,MCH_SAAS,"{'amount': '11379.34', 'settled_at': '2026-01-11T14:28:00+00:00'}",PAY_000623,2026-01-11T14:28:00+00:00,SET_000623,settlements.csv,settlements:SET_000623
39122.50,BATCH_20260110,INR,2026-01-10T12:22:00+00:00,MCH_HEALTH,"{'amount': '39122.50', 'settled_at': '2026-01-10T12:22:00+00:00'}",PAY_000624,2026-01-10T12:22:00+00:00,SET_000624,settlements.csv,settlements:SET_000624
64950.47,BATCH_20260111,INR,2026-01-11T16:34:00+00:00,MCH_SAAS,"{'amount': '64950.47', 'settled_at': '2026-01-11T16:34:00+00:00'}",PAY_000625,2026-01-11T16:34:00+00:00,SET_000625,settlements.csv,settlements:SET_000625
56455.88,BATCH_20260111,INR,2026-01-11T18:37:00+00:00,MCH_SAAS,"{'amount': '56455.88', 'settled_at': '2026-01-11T18:37:00+00:00'}",PAY_000626,2026-01-11T18:37:00+00:00,SET_000626,settlements.csv,settlements:SET_000626
67039.90,BATCH_20260111,INR,2026-01-11T16:43:00+00:00,MCH_SAAS,"{'amount': '67039.90', 'settled_at': '2026-01-11T16:43:00+00:00'}",PAY_000627,2026-01-11T16:43:00+00:00,SET_000627,settlements.csv,settlements:SET_000627
6183.32,BATCH_20260111,INR,2026-01-11T16:01:00+00:00,MCH_SAAS,"{'amount': '6183.32', 'settled_at': '2026-01-11T16:01:00+00:00'}",PAY_000628,2026-01-11T16:01:00+00:00,SET_000628,settlements.csv,settlements:SET_000628
27269.72,BATCH_20260111,INR,2026-01-11T17:04:00+00:00,MCH_TRAVEL,"{'amount': '27269.72', 'settled_at': '2026-01-11T17:04:00+00:00'}",PAY_000629,2026-01-11T17:04:00+00:00,SET_000629,settlements.csv,settlements:SET_000629
75254.12,BATCH_20260111,INR,2026-01-11T13:07:00+00:00,MCH_SAAS,"{'amount': '75254.12', 'settled_at': '2026-01-11T13:07:00+00:00'}",PAY_000630,2026-01-11T13:07:00+00:00,SET_000630,settlements.csv,settlements:SET_000630
42657.60,BATCH_20260110,INR,2026-01-10T16:18:00+00:00,MCH_SWIFT,"{'amount': '42657.60', 'settled_at': '2026-01-10T16:18:00+00:00'}",PAY_000631,2026-01-10T16:18:00+00:00,SET_000631,settlements.csv,settlements:SET_000631
9460.53,BATCH_20260110,INR,2026-01-10T12:34:00+00:00,MCH_SWIFT,"{'amount': '9460.53', 'settled_at': '2026-01-10T12:34:00+00:00'}",PAY_000632,2026-01-10T12:34:00+00:00,SET_000632,settlements.csv,settlements:SET_000632
4023.45,BATCH_20260110,INR,2026-01-10T12:25:00+00:00,MCH_SWIFT,"{'amount': '4023.45', 'settled_at': '2026-01-10T12:25:00+00:00'}",PAY_000633,2026-01-10T12:25:00+00:00,SET_000633,settlements.csv,settlements:SET_000633
56197.25,BATCH_20260109,INR,2026-01-09T16:48:00+00:00,MCH_ZERO,"{'amount': '56197.25', 'settled_at': '2026-01-09T16:48:00+00:00'}",PAY_000634,2026-01-09T16:48:00+00:00,SET_000634,settlements.csv,settlements:SET_000634
25691.77,BATCH_20260110,INR,2026-01-10T14:42:00+00:00,MCH_CAFE,"{'amount': '25691.77', 'settled_at': '2026-01-10T14:42:00+00:00'}",PAY_000635,2026-01-10T14:42:00+00:00,SET_000635,settlements.csv,settlements:SET_000635
61677.00,BATCH_20260109,INR,2026-01-09T15:59:00+00:00,MCH_ZERO,"{'amount': '61677.00', 'settled_at': '2026-01-09T15:59:00+00:00'}",PAY_000636,2026-01-09T15:59:00+00:00,SET_000636,settlements.csv,settlements:SET_000636
18790.02,BATCH_20260110,INR,2026-01-10T18:04:00+00:00,MCH_SWIFT,"{'amount': '18790.02', 'settled_at': '2026-01-10T18:04:00+00:00'}",PAY_000637,2026-01-10T18:04:00+00:00,SET_000637,settlements.csv,settlements:SET_000637
58396.58,BATCH_20260110,INR,2026-01-10T18:12:00+00:00,MCH_CAFE,"{'amount': '58396.58', 'settled_at': '2026-01-10T18:12:00+00:00'}",PAY_000638,2026-01-10T18:12:00+00:00,SET_000638,settlements.csv,settlements:SET_000638
59231.12,BATCH_20260111,INR,2026-01-11T19:10:00+00:00,MCH_SAAS,"{'amount': '59231.12', 'settled_at': '2026-01-11T19:10:00+00:00'}",PAY_000639,2026-01-11T19:10:00+00:00,SET_000639,settlements.csv,settlements:SET_000639
14043.88,BATCH_20260111,INR,2026-01-11T20:18:00+00:00,MCH_TRAVEL,"{'amount': '14043.88', 'settled_at': '2026-01-11T20:18:00+00:00'}",PAY_000640,2026-01-11T20:18:00+00:00,SET_000640,settlements.csv,settlements:SET_000640
39598.30,BATCH_20260111,INR,2026-01-11T20:29:00+00:00,MCH_SAAS,"{'amount': '39598.30', 'settled_at': '2026-01-11T20:29:00+00:00'}",PAY_000641,2026-01-11T20:29:00+00:00,SET_000641,settlements.csv,settlements:SET_000641
26985.67,BATCH_20260110,INR,2026-01-10T16:41:00+00:00,MCH_CAFE,"{'amount': '26985.67', 'settled_at': '2026-01-10T16:41:00+00:00'}",PAY_000642,2026-01-10T16:41:00+00:00,SET_000642,settlements.csv,settlements:SET_000642
59511.53,BATCH_20260110,INR,2026-01-10T18:52:00+00:00,MCH_SWIFT,"{'amount': '59511.53', 'settled_at': '2026-01-10T18:52:00+00:00'}",PAY_000643,2026-01-10T18:52:00+00:00,SET_000643,settlements.csv,settlements:SET_000643
12833.26,BATCH_20260110,INR,2026-01-10T14:53:00+00:00,MCH_HEALTH,"{'amount': '12833.26', 'settled_at': '2026-01-10T14:53:00+00:00'}",PAY_000644,2026-01-10T14:53:00+00:00,SET_000644,settlements.csv,settlements:SET_000644
75044.14,BATCH_20260110,INR,2026-01-10T17:58:00+00:00,MCH_SWIFT,"{'amount': '75044.14', 'settled_at': '2026-01-10T17:58:00+00:00'}",PAY_000646,2026-01-10T17:58:00+00:00,SET_000646,settlements.csv,settlements:SET_000646
87579.58,BATCH_20260110,INR,2026-01-10T14:23:00+00:00,MCH_HEALTH,"{'amount': '87579.58', 'settled_at': '2026-01-10T14:23:00+00:00'}",PAY_000648,2026-01-10T14:23:00+00:00,SET_000648,settlements.csv,settlements:SET_000648
65854.20,BATCH_20260110,INR,2026-01-10T14:17:00+00:00,MCH_HEALTH,"{'amount': '65854.20', 'settled_at': '2026-01-10T14:17:00+00:00'}",PAY_000649,2026-01-10T14:17:00+00:00,SET_000649,settlements.csv,settlements:SET_000649
73704.00,BATCH_20260109,INR,2026-01-09T20:23:00+00:00,MCH_ZERO,"{'amount': '73704.00', 'settled_at': '2026-01-09T20:23:00+00:00'}",PAY_000650,2026-01-09T20:23:00+00:00,SET_000650,settlements.csv,settlements:SET_000650
76171.84,BATCH_20260111,INR,2026-01-11T20:42:00+00:00,MCH_TRAVEL,"{'amount': '76171.84', 'settled_at': '2026-01-11T20:42:00+00:00'}",PAY_000651,2026-01-11T20:42:00+00:00,SET_000651,settlements.csv,settlements:SET_000651
69950.27,BATCH_20260111,INR,2026-01-11T17:51:00+00:00,MCH_SAAS,"{'amount': '69950.27', 'settled_at': '2026-01-11T17:51:00+00:00'}",PAY_000652,2026-01-11T17:51:00+00:00,SET_000652,settlements.csv,settlements:SET_000652
49690.82,BATCH_20260119,INR,2026-01-19T13:52:00+00:00,MCH_HEALTH,"{'amount': '49690.82', 'settled_at': '2026-01-19T13:52:00+00:00'}",PAY_000653,2026-01-19T13:52:00+00:00,SET_000653,settlements.csv,settlements:SET_000653
9703.75,BATCH_20260109,INR,2026-01-09T17:05:00+00:00,MCH_ZERO,"{'amount': '9703.75', 'settled_at': '2026-01-09T17:05:00+00:00'}",PAY_000654,2026-01-09T17:05:00+00:00,SET_000654,settlements.csv,settlements:SET_000654
18471.64,BATCH_20260109,INR,2026-01-09T22:12:00+00:00,MCH_ZERO,"{'amount': '18471.64', 'settled_at': '2026-01-09T22:12:00+00:00'}",PAY_000655,2026-01-09T22:12:00+00:00,SET_000655,settlements.csv,settlements:SET_000655
49451.87,BATCH_20260111,INR,2026-01-11T22:17:00+00:00,MCH_SAAS,"{'amount': '49451.87', 'settled_at': '2026-01-11T22:17:00+00:00'}",PAY_000656,2026-01-11T22:17:00+00:00,SET_000656,settlements.csv,settlements:SET_000656
30730.45,BATCH_20260111,INR,2026-01-11T15:25:00+00:00,MCH_TRAVEL,"{'amount': '30730.45', 'settled_at': '2026-01-11T15:25:00+00:00'}",PAY_000657,2026-01-11T15:25:00+00:00,SET_000657,settlements.csv,settlements:SET_000657
74768.25,BATCH_20260109,INR,2026-01-09T17:32:00+00:00,MCH_ZERO,"{'amount': '74768.25', 'settled_at': '2026-01-09T17:32:00+00:00'}",PAY_000658,2026-01-09T17:32:00+00:00,SET_000658,settlements.csv,settlements:SET_000658
67974.36,BATCH_20260111,INR,2026-01-11T18:30:00+00:00,MCH_TRAVEL,"{'amount': '67974.36', 'settled_at': '2026-01-11T18:30:00+00:00'}",PAY_000659,2026-01-11T18:30:00+00:00,SET_000659,settlements.csv,settlements:SET_000659
80883.68,BATCH_20260111,INR,2026-01-11T15:38:00+00:00,MCH_SAAS,"{'amount': '80883.68', 'settled_at': '2026-01-11T15:38:00+00:00'}",PAY_000660,2026-01-11T15:38:00+00:00,SET_000660,settlements.csv,settlements:SET_000660
68875.61,BATCH_20260110,INR,2026-01-10T20:57:00+00:00,MCH_CAFE,"{'amount': '68875.61', 'settled_at': '2026-01-10T20:57:00+00:00'}",PAY_000661,2026-01-10T20:57:00+00:00,SET_000661,settlements.csv,settlements:SET_000661
45388.07,BATCH_20260111,INR,2026-01-11T19:47:00+00:00,MCH_SAAS,"{'amount': '45388.07', 'settled_at': '2026-01-11T19:47:00+00:00'}",PAY_000662,2026-01-11T19:47:00+00:00,SET_000662,settlements.csv,settlements:SET_000662
39658.73,BATCH_20260109,INR,2026-01-09T15:54:00+00:00,MCH_ZERO,"{'amount': '39658.73', 'settled_at': '2026-01-09T15:54:00+00:00'}",PAY_000663,2026-01-09T15:54:00+00:00,SET_000663,settlements.csv,settlements:SET_000663
16922.50,BATCH_20260109,INR,2026-01-09T20:09:00+00:00,MCH_ZERO,"{'amount': '16922.50', 'settled_at': '2026-01-09T20:09:00+00:00'}",PAY_000664,2026-01-09T20:09:00+00:00,SET_000664,settlements.csv,settlements:SET_000664
22224.08,BATCH_20260110,INR,2026-01-10T18:15:00+00:00,MCH_CAFE,"{'amount': '22224.08', 'settled_at': '2026-01-10T18:15:00+00:00'}",PAY_000665,2026-01-10T18:15:00+00:00,SET_000665,settlements.csv,settlements:SET_000665
30568.57,BATCH_20260110,INR,2026-01-10T17:18:00+00:00,MCH_CAFE,"{'amount': '30568.57', 'settled_at': '2026-01-10T17:18:00+00:00'}",PAY_000666,2026-01-10T17:18:00+00:00,SET_000666,settlements.csv,settlements:SET_000666
77005.35,BATCH_20260110,INR,2026-01-10T23:35:00+00:00,MCH_SWIFT,"{'amount': '77005.35', 'settled_at': '2026-01-10T23:35:00+00:00'}",PAY_000667,2026-01-10T23:35:00+00:00,SET_000667,settlements.csv,settlements:SET_000667
74656.25,BATCH_20260110,INR,2026-01-10T16:35:00+00:00,MCH_SWIFT,"{'amount': '74656.25', 'settled_at': '2026-01-10T16:35:00+00:00'}",PAY_000668,2026-01-10T16:35:00+00:00,SET_000668,settlements.csv,settlements:SET_000668
60016.10,BATCH_20260110,INR,2026-01-10T22:51:00+00:00,MCH_SWIFT,"{'amount': '60016.10', 'settled_at': '2026-01-10T22:51:00+00:00'}",PAY_000669,2026-01-10T22:51:00+00:00,SET_000669,settlements.csv,settlements:SET_000669
50444.13,BATCH_20260111,INR,2026-01-11T16:58:00+00:00,MCH_TRAVEL,"{'amount': '50444.13', 'settled_at': '2026-01-11T16:58:00+00:00'}",PAY_000670,2026-01-11T16:58:00+00:00,SET_000670,settlements.csv,settlements:SET_000670
57824.45,BATCH_20260110,INR,2026-01-10T18:06:00+00:00,MCH_CAFE,"{'amount': '57824.45', 'settled_at': '2026-01-10T18:06:00+00:00'}",PAY_000671,2026-01-10T18:06:00+00:00,SET_000671,settlements.csv,settlements:SET_000671
8770.22,BATCH_20260110,INR,2026-01-10T20:18:00+00:00,MCH_CAFE,"{'amount': '8770.22', 'settled_at': '2026-01-10T20:18:00+00:00'}",PAY_000673,2026-01-10T20:18:00+00:00,SET_000673,settlements.csv,settlements:SET_000673
25328.51,BATCH_20260110,INR,2026-01-10T17:19:00+00:00,MCH_HEALTH,"{'amount': '25328.51', 'settled_at': '2026-01-10T17:19:00+00:00'}",PAY_000674,2026-01-10T17:19:00+00:00,SET_000674,settlements.csv,settlements:SET_000674
1377.21,BATCH_20260112,INR,2026-01-12T00:22:00+00:00,MCH_TRAVEL,"{'amount': '1377.21', 'settled_at': '2026-01-12T00:22:00+00:00'}",PAY_000675,2026-01-12T00:22:00+00:00,SET_000675,settlements.csv,settlements:SET_000675
28418.44,BATCH_20260110,INR,2026-01-10T17:31:00+00:00,MCH_CAFE,"{'amount': '28418.44', 'settled_at': '2026-01-10T17:31:00+00:00'}",PAY_000676,2026-01-10T17:31:00+00:00,SET_000676,settlements.csv,settlements:SET_000676
7875.45,BATCH_20260110,INR,2026-01-10T18:41:00+00:00,MCH_HEALTH,"{'amount': '7875.45', 'settled_at': '2026-01-10T18:41:00+00:00'}",PAY_000677,2026-01-10T18:41:00+00:00,SET_000677,settlements.csv,settlements:SET_000677
16976.70,BATCH_20260119,INR,2026-01-19T16:47:00+00:00,MCH_HEALTH,"{'amount': '16976.70', 'settled_at': '2026-01-19T16:47:00+00:00'}",PAY_000678,2026-01-19T16:47:00+00:00,SET_000678,settlements.csv,settlements:SET_000678
38051.25,BATCH_20260110,INR,2026-01-10T23:58:00+00:00,MCH_CAFE,"{'amount': '38051.25', 'settled_at': '2026-01-10T23:58:00+00:00'}",PAY_000679,2026-01-10T23:58:00+00:00,SET_000679,settlements.csv,settlements:SET_000679
86125.80,BATCH_20260111,INR,2026-01-11T17:54:00+00:00,MCH_TRAVEL,"{'amount': '86125.80', 'settled_at': '2026-01-11T17:54:00+00:00'}",PAY_000680,2026-01-11T17:54:00+00:00,SET_000680,settlements.csv,settlements:SET_000680
49947.17,BATCH_20260112,INR,2026-01-12T01:08:00+00:00,MCH_SAAS,"{'amount': '49947.17', 'settled_at': '2026-01-12T01:08:00+00:00'}",PAY_000681,2026-01-12T01:08:00+00:00,SET_000681,settlements.csv,settlements:SET_000681
64750.00,BATCH_20260109,INR,2026-01-09T19:13:00+00:00,MCH_ZERO,"{'amount': '64750.00', 'settled_at': '2026-01-09T19:13:00+00:00'}",PAY_000682,2026-01-09T19:13:00+00:00,SET_000682,settlements.csv,settlements:SET_000682
69877.35,BATCH_20260110,INR,2026-01-10T22:19:00+00:00,MCH_SWIFT,"{'amount': '69877.35', 'settled_at': '2026-01-10T22:19:00+00:00'}",PAY_000683,2026-01-10T22:19:00+00:00,SET_000683,settlements.csv,settlements:SET_000683
4869.00,BATCH_20260109,INR,2026-01-09T18:31:00+00:00,MCH_ZERO,"{'amount': '4869.00', 'settled_at': '2026-01-09T18:31:00+00:00'}",PAY_000684,2026-01-09T18:31:00+00:00,SET_000684,settlements.csv,settlements:SET_000684
19310.48,BATCH_20260111,INR,2026-01-11T22:27:00+00:00,MCH_SAAS,"{'amount': '19310.48', 'settled_at': '2026-01-11T22:27:00+00:00'}",PAY_000685,2026-01-11T22:27:00+00:00,SET_000685,settlements.csv,settlements:SET_000685
42744.69,BATCH_20260111,INR,2026-01-11T01:49:00+00:00,MCH_SWIFT,"{'amount': '42744.69', 'settled_at': '2026-01-11T01:49:00+00:00'}",PAY_000686,2026-01-11T01:49:00+00:00,SET_000686,settlements.csv,settlements:SET_000686
51905.71,BATCH_20260112,INR,2026-01-12T00:51:00+00:00,MCH_SAAS,"{'amount': '51905.71', 'settled_at': '2026-01-12T00:51:00+00:00'}",PAY_000687,2026-01-12T00:51:00+00:00,SET_000687,settlements.csv,settlements:SET_000687
62272.78,BATCH_20260111,INR,2026-01-11T23:02:00+00:00,MCH_TRAVEL,"{'amount': '62272.78', 'settled_at': '2026-01-11T23:02:00+00:00'}",PAY_000688,2026-01-11T23:02:00+00:00,SET_000688,settlements.csv,settlements:SET_000688
7341.38,BATCH_20260111,INR,2026-01-11T20:05:00+00:00,MCH_SAAS,"{'amount': '7341.38', 'settled_at': '2026-01-11T20:05:00+00:00'}",PAY_000689,2026-01-11T20:05:00+00:00,SET_000689,settlements.csv,settlements:SET_000689
20565.97,BATCH_20260111,INR,2026-01-11T22:19:00+00:00,MCH_SAAS,"{'amount': '20565.97', 'settled_at': '2026-01-11T22:19:00+00:00'}",PAY_000690,2026-01-11T22:19:00+00:00,SET_000690,settlements.csv,settlements:SET_000690
44568.15,BATCH_20260111,INR,2026-01-11T02:24:00+00:00,MCH_CAFE,"{'amount': '44568.15', 'settled_at': '2026-01-11T02:24:00+00:00'}",PAY_000691,2026-01-11T02:24:00+00:00,SET_000691,settlements.csv,settlements:SET_000691
24649.47,BATCH_20260112,INR,2026-01-12T02:16:00+00:00,MCH_TRAVEL,"{'amount': '24649.47', 'settled_at': '2026-01-12T02:16:00+00:00'}",PAY_000692,2026-01-12T02:16:00+00:00,SET_000692,settlements.csv,settlements:SET_000692
4592.99,BATCH_20260111,INR,2026-01-11T19:39:00+00:00,MCH_SAAS,"{'amount': '4592.99', 'settled_at': '2026-01-11T19:39:00+00:00'}",PAY_000693,2026-01-11T19:39:00+00:00,SET_000693,settlements.csv,settlements:SET_000693
5874.28,BATCH_20260111,INR,2026-01-11T21:53:00+00:00,MCH_TRAVEL,"{'amount': '5874.28', 'settled_at': '2026-01-11T21:53:00+00:00'}",PAY_000695,2026-01-11T21:53:00+00:00,SET_000695,settlements.csv,settlements:SET_000695
5133.75,BATCH_20260109,INR,2026-01-09T19:46:00+00:00,MCH_ZERO,"{'amount': '5133.75', 'settled_at': '2026-01-09T19:46:00+00:00'}",PAY_000696,2026-01-09T19:46:00+00:00,SET_000696,settlements.csv,settlements:SET_000696
83797.93,BATCH_20260110,INR,2026-01-10T20:52:00+00:00,MCH_SWIFT,"{'amount': '83797.93', 'settled_at': '2026-01-10T20:52:00+00:00'}",PAY_000697,2026-01-10T20:52:00+00:00,SET_000697,settlements.csv,settlements:SET_000697
15265.25,BATCH_20260109,INR,2026-01-09T23:15:00+00:00,MCH_ZERO,"{'amount': '15265.25', 'settled_at': '2026-01-09T23:15:00+00:00'}",PAY_000699,2026-01-09T23:15:00+00:00,SET_000699,settlements.csv,settlements:SET_000699
43398.83,BATCH_20260111,INR,2026-01-11T22:24:00+00:00,MCH_SAAS,"{'amount': '43398.83', 'settled_at': '2026-01-11T22:24:00+00:00'}",PAY_000700,2026-01-11T22:24:00+00:00,SET_000700,settlements.csv,settlements:SET_000700
27624.54,BATCH_20260110,INR,2026-01-10T21:29:00+00:00,MCH_CAFE,"{'amount': '27624.54', 'settled_at': '2026-01-10T21:29:00+00:00'}",PAY_000701,2026-01-10T21:29:00+00:00,SET_000701,settlements.csv,settlements:SET_000701
47694.17,BATCH_20260110,INR,2026-01-10T22:42:00+00:00,MCH_SWIFT,"{'amount': '47694.17', 'settled_at': '2026-01-10T22:42:00+00:00'}",PAY_000703,2026-01-10T22:42:00+00:00,SET_000703,settlements.csv,settlements:SET_000703
48604.00,BATCH_20260110,INR,2026-01-10T20:44:00+00:00,MCH_HEALTH,"{'amount': '48604.00', 'settled_at': '2026-01-10T20:44:00+00:00'}",PAY_000704,2026-01-10T20:44:00+00:00,SET_000704,settlements.csv,settlements:SET_000704
11765.04,BATCH_20260111,INR,2026-01-11T03:59:00+00:00,MCH_SWIFT,"{'amount': '11765.04', 'settled_at': '2026-01-11T03:59:00+00:00'}",PAY_000705,2026-01-11T03:59:00+00:00,SET_000705,settlements.csv,settlements:SET_000705
16604.29,BATCH_20260112,INR,2026-01-12T03:06:00+00:00,MCH_TRAVEL,"{'amount': '16604.29', 'settled_at': '2026-01-12T03:06:00+00:00'}",PAY_000706,2026-01-12T03:06:00+00:00,SET_000706,settlements.csv,settlements:SET_000706
15655.04,BATCH_20260111,INR,2026-01-11T01:09:00+00:00,MCH_SWIFT,"{'amount': '15655.04', 'settled_at': '2026-01-11T01:09:00+00:00'}",PAY_000707,2026-01-11T01:09:00+00:00,SET_000707,settlements.csv,settlements:SET_000707
53974.80,BATCH_20260110,INR,2026-01-10T22:14:00+00:00,MCH_CAFE,"{'amount': '53974.80', 'settled_at': '2026-01-10T22:14:00+00:00'}",PAY_000708,2026-01-10T22:14:00+00:00,SET_000708,settlements.csv,settlements:SET_000708
46776.79,BATCH_20260111,INR,2026-01-11T01:29:00+00:00,MCH_HEALTH,"{'amount': '46776.79', 'settled_at': '2026-01-11T01:29:00+00:00'}",PAY_000709,2026-01-11T01:29:00+00:00,SET_000709,settlements.csv,settlements:SET_000709
25691.00,BATCH_20260109,INR,2026-01-09T23:41:00+00:00,MCH_ZERO,"{'amount': '25691.00', 'settled_at': '2026-01-09T23:41:00+00:00'}",PAY_000710,2026-01-09T23:41:00+00:00,SET_000710,settlements.csv,settlements:SET_000710
72660.88,BATCH_20260111,INR,2026-01-11T02:44:00+00:00,MCH_SWIFT,"{'amount': '72660.88', 'settled_at': '2026-01-11T02:44:00+00:00'}",PAY_000711,2026-01-11T02:44:00+00:00,SET_000711,settlements.csv,settlements:SET_000711
50229.88,BATCH_20260111,INR,2026-01-11T04:41:00+00:00,MCH_HEALTH,"{'amount': '50229.88', 'settled_at': '2026-01-11T04:41:00+00:00'}",PAY_000712,2026-01-11T04:41:00+00:00,SET_000712,settlements.csv,settlements:SET_000712
15197.76,BATCH_20260119,INR,2026-01-19T21:01:00+00:00,MCH_HEALTH,"{'amount': '15197.76', 'settled_at': '2026-01-19T21:01:00+00:00'}",PAY_000713,2026-01-19T21:01:00+00:00,SET_000713,settlements.csv,settlements:SET_000713
87410.71,BATCH_20260110,INR,2026-01-10T22:59:00+00:00,MCH_SWIFT,"{'amount': '87410.71', 'settled_at': '2026-01-10T22:59:00+00:00'}",PAY_000714,2026-01-10T22:59:00+00:00,SET_000714,settlements.csv,settlements:SET_000714
53397.18,BATCH_20260111,INR,2026-01-11T04:59:00+00:00,MCH_SWIFT,"{'amount': '53397.18', 'settled_at': '2026-01-11T04:59:00+00:00'}",PAY_000715,2026-01-11T04:59:00+00:00,SET_000715,settlements.csv,settlements:SET_000715
57429.00,BATCH_20260110,INR,2026-01-10T04:21:00+00:00,MCH_ZERO,"{'amount': '57429.00', 'settled_at': '2026-01-10T04:21:00+00:00'}",PAY_000716,2026-01-10T04:21:00+00:00,SET_000716,settlements.csv,settlements:SET_000716
17776.33,BATCH_20260111,INR,2026-01-11T01:26:00+00:00,MCH_CAFE,"{'amount': '17776.33', 'settled_at': '2026-01-11T01:26:00+00:00'}",PAY_000717,2026-01-11T01:26:00+00:00,SET_000717,settlements.csv,settlements:SET_000717
16597.59,BATCH_20260110,INR,2026-01-10T23:25:00+00:00,MCH_CAFE,"{'amount': '16597.59', 'settled_at': '2026-01-10T23:25:00+00:00'}",PAY_000718,2026-01-10T23:25:00+00:00,SET_000718,settlements.csv,settlements:SET_000718
58891.09,BATCH_20260112,INR,2026-01-12T00:33:00+00:00,MCH_SAAS,"{'amount': '58891.09', 'settled_at': '2026-01-12T00:33:00+00:00'}",PAY_000719,2026-01-12T00:33:00+00:00,SET_000719,settlements.csv,settlements:SET_000719
78919.37,BATCH_20260112,INR,2026-01-12T04:42:00+00:00,MCH_TRAVEL,"{'amount': '78919.37', 'settled_at': '2026-01-12T04:42:00+00:00'}",PAY_000720,2026-01-12T04:42:00+00:00,SET_000720,settlements.csv,settlements:SET_000720
63129.56,BATCH_20260110,INR,2026-01-10T22:55:00+00:00,MCH_HEALTH,"{'amount': '63129.56', 'settled_at': '2026-01-10T22:55:00+00:00'}",PAY_000721,2026-01-10T22:55:00+00:00,SET_000721,settlements.csv,settlements:SET_000721
55335.89,BATCH_20260120,INR,2026-01-20T21:56:00+00:00,MCH_TRAVEL,"{'amount': '55335.89', 'settled_at': '2026-01-20T21:56:00+00:00'}",PAY_000722,2026-01-20T21:56:00+00:00,SET_000722,settlements.csv,settlements:SET_000722
19376.69,BATCH_20260111,INR,2026-01-11T05:56:00+00:00,MCH_HEALTH,"{'amount': '19376.69', 'settled_at': '2026-01-11T05:56:00+00:00'}",PAY_000723,2026-01-11T05:56:00+00:00,SET_000723,settlements.csv,settlements:SET_000723
56097.50,BATCH_20260110,INR,2026-01-10T06:05:00+00:00,MCH_ZERO,"{'amount': '56097.50', 'settled_at': '2026-01-10T06:05:00+00:00'}",PAY_000724,2026-01-10T06:05:00+00:00,SET_000724,settlements.csv,settlements:SET_000724
10986.07,BATCH_20260119,INR,2026-01-19T22:24:00+00:00,MCH_SWIFT,"{'amount': '10986.07', 'settled_at': '2026-01-19T22:24:00+00:00'}",PAY_000725,2026-01-19T22:24:00+00:00,SET_000725,settlements.csv,settlements:SET_000725
16154.55,BATCH_20260111,INR,2026-01-11T03:13:00+00:00,MCH_CAFE,"{'amount': '16154.55', 'settled_at': '2026-01-11T03:13:00+00:00'}",PAY_000726,2026-01-11T03:13:00+00:00,SET_000726,settlements.csv,settlements:SET_000726
73179.23,BATCH_20260112,INR,2026-01-12T01:34:00+00:00,MCH_SAAS,"{'amount': '73179.23', 'settled_at': '2026-01-12T01:34:00+00:00'}",PAY_000727,2026-01-12T01:34:00+00:00,SET_000727,settlements.csv,settlements:SET_000727
52409.81,BATCH_20260112,INR,2026-01-12T00:46:00+00:00,MCH_TRAVEL,"{'amount': '52409.81', 'settled_at': '2026-01-12T00:46:00+00:00'}",PAY_000728,2026-01-12T00:46:00+00:00,SET_000728,settlements.csv,settlements:SET_000728
42831.14,BATCH_20260112,INR,2026-01-12T02:49:00+00:00,MCH_SAAS,"{'amount': '42831.14', 'settled_at': '2026-01-12T02:49:00+00:00'}",PAY_000729,2026-01-12T02:49:00+00:00,SET_000729,settlements.csv,settlements:SET_000729
6240.27,BATCH_20260112,INR,2026-01-12T05:47:00+00:00,MCH_TRAVEL,"{'amount': '6240.27', 'settled_at': '2026-01-12T05:47:00+00:00'}",PAY_000730,2026-01-12T05:47:00+00:00,SET_000730,settlements.csv,settlements:SET_000730
59944.02,BATCH_20260111,INR,2026-01-11T01:01:00+00:00,MCH_CAFE,"{'amount': '59944.02', 'settled_at': '2026-01-11T01:01:00+00:00'}",PAY_000731,2026-01-11T01:01:00+00:00,SET_000731,settlements.csv,settlements:SET_000731
26585.36,BATCH_20260111,INR,2026-01-11T07:13:00+00:00,MCH_HEALTH,"{'amount': '26585.36', 'settled_at': '2026-01-11T07:13:00+00:00'}",PAY_000732,2026-01-11T07:13:00+00:00,SET_000732,settlements.csv,settlements:SET_000732
34563.94,BATCH_20260111,INR,2026-01-11T01:20:00+00:00,MCH_CAFE,"{'amount': '34563.94', 'settled_at': '2026-01-11T01:20:00+00:00'}",PAY_000734,2026-01-11T01:20:00+00:00,SET_000734,settlements.csv,settlements:SET_000734
44545.17,BATCH_20260111,INR,2026-01-11T07:36:00+00:00,MCH_CAFE,"{'amount': '44545.17', 'settled_at': '2026-01-11T07:36:00+00:00'}",PAY_000735,2026-01-11T07:36:00+00:00,SET_000735,settlements.csv,settlements:SET_000735
68681.41,BATCH_20260112,INR,2026-01-12T01:39:00+00:00,MCH_TRAVEL,"{'amount': '68681.41', 'settled_at': '2026-01-12T01:39:00+00:00'}",PAY_000736,2026-01-12T01:39:00+00:00,SET_000736,settlements.csv,settlements:SET_000736
59225.35,BATCH_20260111,INR,2026-01-11T01:38:00+00:00,MCH_SWIFT,"{'amount': '59225.35', 'settled_at': '2026-01-11T01:38:00+00:00'}",PAY_000737,2026-01-11T01:38:00+00:00,SET_000737,settlements.csv,settlements:SET_000737
21896.00,BATCH_20260110,INR,2026-01-10T02:46:00+00:00,MCH_ZERO,"{'amount': '21896.00', 'settled_at': '2026-01-10T02:46:00+00:00'}",PAY_000738,2026-01-10T02:46:00+00:00,SET_000738,settlements.csv,settlements:SET_000738
67310.89,BATCH_20260111,INR,2026-01-11T07:59:00+00:00,MCH_SWIFT,"{'amount': '67310.89', 'settled_at': '2026-01-11T07:59:00+00:00'}",PAY_000739,2026-01-11T07:59:00+00:00,SET_000739,settlements.csv,settlements:SET_000739
54147.17,BATCH_20260111,INR,2026-01-11T02:00:00+00:00,MCH_CAFE,"{'amount': '54147.17', 'settled_at': '2026-01-11T02:00:00+00:00'}",PAY_000740,2026-01-11T02:00:00+00:00,SET_000740,settlements.csv,settlements:SET_000740
30751.50,BATCH_20260110,INR,2026-01-10T06:13:00+00:00,MCH_ZERO,"{'amount': '30751.50', 'settled_at': '2026-01-10T06:13:00+00:00'}",PAY_000741,2026-01-10T06:13:00+00:00,SET_000741,settlements.csv,settlements:SET_000741
76035.35,BATCH_20260112,INR,2026-01-12T05:23:00+00:00,MCH_SAAS,"{'amount': '76035.35', 'settled_at': '2026-01-12T05:23:00+00:00'}",PAY_000742,2026-01-12T05:23:00+00:00,SET_000742,settlements.csv,settlements:SET_000742
22305.20,BATCH_20260111,INR,2026-01-11T01:26:00+00:00,MCH_CAFE,"{'amount': '22305.20', 'settled_at': '2026-01-11T01:26:00+00:00'}",PAY_000743,2026-01-11T01:26:00+00:00,SET_000743,settlements.csv,settlements:SET_000743
38873.97,BATCH_20260111,INR,2026-01-11T03:25:00+00:00,MCH_SWIFT,"{'amount': '38873.97', 'settled_at': '2026-01-11T03:25:00+00:00'}",PAY_000744,2026-01-11T03:25:00+00:00,SET_000744,settlements.csv,settlements:SET_000744
30912.32,BATCH_20260111,INR,2026-01-11T05:32:00+00:00,MCH_SWIFT,"{'amount': '30912.32', 'settled_at': '2026-01-11T05:32:00+00:00'}",PAY_000745,2026-01-11T05:32:00+00:00,SET_000745,settlements.csv,settlements:SET_000745
23941.40,BATCH_20260120,INR,2026-01-20T00:39:00+00:00,MCH_CAFE,"{'amount': '23941.40', 'settled_at': '2026-01-20T00:39:00+00:00'}",PAY_000746,2026-01-20T00:39:00+00:00,SET_000746,settlements.csv,settlements:SET_000746
48427.60,BATCH_20260111,INR,2026-01-11T02:58:00+00:00,MCH_SWIFT,"{'amount': '48427.60', 'settled_at': '2026-01-11T02:58:00+00:00'}",PAY_000747,2026-01-11T02:58:00+00:00,SET_000747,settlements.csv,settlements:SET_000747
18866.37,BATCH_20260112,INR,2026-01-12T05:48:00+00:00,MCH_SAAS,"{'amount': '18866.37', 'settled_at': '2026-01-12T05:48:00+00:00'}",PAY_000748,2026-01-12T05:48:00+00:00,SET_000748,settlements.csv,settlements:SET_000748
37326.29,BATCH_20260112,INR,2026-01-12T03:09:00+00:00,MCH_SAAS,"{'amount': '37326.29', 'settled_at': '2026-01-12T03:09:00+00:00'}",PAY_000749,2026-01-12T03:09:00+00:00,SET_000749,settlements.csv,settlements:SET_000749
61876.46,BATCH_20260112,INR,2026-01-12T06:23:00+00:00,MCH_TRAVEL,"{'amount': '61876.46', 'settled_at': '2026-01-12T06:23:00+00:00'}",PAY_000750,2026-01-12T06:23:00+00:00,SET_000750,settlements.csv,settlements:SET_000750
52942.50,BATCH_20260110,INR,2026-01-10T07:22:00+00:00,MCH_ZERO,"{'amount': '52942.50', 'settled_at': '2026-01-10T07:22:00+00:00'}",PAY_000751,2026-01-10T07:22:00+00:00,SET_000751,settlements.csv,settlements:SET_000751
35050.91,BATCH_20260110,INR,2026-01-10T06:35:00+00:00,MCH_ZERO,"{'amount': '35050.91', 'settled_at': '2026-01-10T06:35:00+00:00'}",PAY_000752,2026-01-10T06:35:00+00:00,SET_000752,settlements.csv,settlements:SET_000752
70870.25,BATCH_20260110,INR,2026-01-10T05:29:00+00:00,MCH_ZERO,"{'amount': '70870.25', 'settled_at': '2026-01-10T05:29:00+00:00'}",PAY_000753,2026-01-10T05:29:00+00:00,SET_000753,settlements.csv,settlements:SET_000753
40895.76,BATCH_20260112,INR,2026-01-12T08:34:00+00:00,MCH_SAAS,"{'amount': '40895.76', 'settled_at': '2026-01-12T08:34:00+00:00'}",PAY_000754,2026-01-12T08:34:00+00:00,SET_000754,settlements.csv,settlements:SET_000754
28115.58,BATCH_20260111,INR,2026-01-11T07:38:00+00:00,MCH_SWIFT,"{'amount': '28115.58', 'settled_at': '2026-01-11T07:38:00+00:00'}",PAY_000755,2026-01-11T07:38:00+00:00,SET_000755,settlements.csv,settlements:SET_000755
71984.12,BATCH_20260112,INR,2026-01-12T10:02:00+00:00,MCH_SAAS,"{'amount': '71984.12', 'settled_at': '2026-01-12T10:02:00+00:00'}",PAY_000756,2026-01-12T10:02:00+00:00,SET_000756,settlements.csv,settlements:SET_000756
21287.84,BATCH_20260111,INR,2026-01-11T04:08:00+00:00,MCH_CAFE,"{'amount': '21287.84', 'settled_at': '2026-01-11T04:08:00+00:00'}",PAY_000757,2026-01-11T04:08:00+00:00,SET_000757,settlements.csv,settlements:SET_000757
27035.39,BATCH_20260111,INR,2026-01-11T09:11:00+00:00,MCH_SWIFT,"{'amount': '27035.39', 'settled_at': '2026-01-11T09:11:00+00:00'}",PAY_000758,2026-01-11T09:11:00+00:00,SET_000758,settlements.csv,settlements:SET_000758
1167.25,BATCH_20260110,INR,2026-01-10T10:19:00+00:00,MCH_ZERO,"{'amount': '1167.25', 'settled_at': '2026-01-10T10:19:00+00:00'}",PAY_000759,2026-01-10T10:19:00+00:00,SET_000759,settlements.csv,settlements:SET_000759
73311.00,BATCH_20260112,INR,2026-01-12T10:24:00+00:00,MCH_TRAVEL,"{'amount': '73311.00', 'settled_at': '2026-01-12T10:24:00+00:00'}",PAY_000760,2026-01-12T10:24:00+00:00,SET_000760,settlements.csv,settlements:SET_000760
33378.76,BATCH_20260110,INR,2026-01-10T03:38:00+00:00,MCH_ZERO,"{'amount': '33378.76', 'settled_at': '2026-01-10T03:38:00+00:00'}",PAY_000761,2026-01-10T03:38:00+00:00,SET_000761,settlements.csv,settlements:SET_000761
34100.88,BATCH_20260111,INR,2026-01-11T07:45:00+00:00,MCH_SWIFT,"{'amount': '34100.88', 'settled_at': '2026-01-11T07:45:00+00:00'}",PAY_000762,2026-01-11T07:45:00+00:00,SET_000762,settlements.csv,settlements:SET_000762
14568.16,BATCH_20260112,INR,2026-01-12T04:33:00+00:00,MCH_SAAS,"{'amount': '14568.16', 'settled_at': '2026-01-12T04:33:00+00:00'}",PAY_000763,2026-01-12T04:33:00+00:00,SET_000763,settlements.csv,settlements:SET_000763
46758.17,BATCH_20260111,INR,2026-01-11T10:56:00+00:00,MCH_HEALTH,"{'amount': '46758.17', 'settled_at': '2026-01-11T10:56:00+00:00'}",PAY_000764,2026-01-11T10:56:00+00:00,SET_000764,settlements.csv,settlements:SET_000764
15664.49,BATCH_20260112,INR,2026-01-12T05:51:00+00:00,MCH_TRAVEL,"{'amount': '15664.49', 'settled_at': '2026-01-12T05:51:00+00:00'}",PAY_000765,2026-01-12T05:51:00+00:00,SET_000765,settlements.csv,settlements:SET_000765
17602.52,BATCH_20260112,INR,2026-01-12T10:08:00+00:00,MCH_SAAS,"{'amount': '17602.52', 'settled_at': '2026-01-12T10:08:00+00:00'}",PAY_000767,2026-01-12T10:08:00+00:00,SET_000767,settlements.csv,settlements:SET_000767
33375.72,BATCH_20260112,INR,2026-01-12T06:25:00+00:00,MCH_TRAVEL,"{'amount': '33375.72', 'settled_at': '2026-01-12T06:25:00+00:00'}",PAY_000768,2026-01-12T06:25:00+00:00,SET_000768,settlements.csv,settlements:SET_000768
78780.00,BATCH_20260110,INR,2026-01-10T08:26:00+00:00,MCH_ZERO,"{'amount': '78780.00', 'settled_at': '2026-01-10T08:26:00+00:00'}",PAY_000769,2026-01-10T08:26:00+00:00,SET_000769,settlements.csv,settlements:SET_000769
19305.94,BATCH_20260112,INR,2026-01-12T04:36:00+00:00,MCH_TRAVEL,"{'amount': '19305.94', 'settled_at': '2026-01-12T04:36:00+00:00'}",PAY_000770,2026-01-12T04:36:00+00:00,SET_000770,settlements.csv,settlements:SET_000770
48107.04,BATCH_20260111,INR,2026-01-11T07:35:00+00:00,MCH_CAFE,"{'amount': '48107.04', 'settled_at': '2026-01-11T07:35:00+00:00'}",PAY_000771,2026-01-11T07:35:00+00:00,SET_000771,settlements.csv,settlements:SET_000771
65082.98,BATCH_20260111,INR,2026-01-11T10:55:00+00:00,MCH_SWIFT,"{'amount': '65082.98', 'settled_at': '2026-01-11T10:55:00+00:00'}",PAY_000772,2026-01-11T10:55:00+00:00,SET_000772,settlements.csv,settlements:SET_000772
10050.17,BATCH_20260112,INR,2026-01-12T08:57:00+00:00,MCH_SAAS,"{'amount': '10050.17', 'settled_at': '2026-01-12T08:57:00+00:00'}",PAY_000773,2026-01-12T08:57:00+00:00,SET_000773,settlements.csv,settlements:SET_000773
46907.38,BATCH_20260112,INR,2026-01-12T07:09:00+00:00,MCH_TRAVEL,"{'amount': '46907.38', 'settled_at': '2026-01-12T07:09:00+00:00'}",PAY_000774,2026-01-12T07:09:00+00:00,SET_000774,settlements.csv,settlements:SET_000774
39464.53,BATCH_20260112,INR,2026-01-12T08:01:00+00:00,MCH_TRAVEL,"{'amount': '39464.53', 'settled_at': '2026-01-12T08:01:00+00:00'}",PAY_000775,2026-01-12T08:01:00+00:00,SET_000775,settlements.csv,settlements:SET_000775
16358.96,BATCH_20260111,INR,2026-01-11T06:16:00+00:00,MCH_CAFE,"{'amount': '16358.96', 'settled_at': '2026-01-11T06:16:00+00:00'}",PAY_000776,2026-01-11T06:16:00+00:00,SET_000776,settlements.csv,settlements:SET_000776
35781.78,BATCH_20260110,INR,2026-01-10T05:14:00+00:00,MCH_ZERO,"{'amount': '35781.78', 'settled_at': '2026-01-10T05:14:00+00:00'}",PAY_000777,2026-01-10T05:14:00+00:00,SET_000777,settlements.csv,settlements:SET_000777
85867.38,BATCH_20260111,INR,2026-01-11T07:30:00+00:00,MCH_CAFE,"{'amount': '85867.38', 'settled_at': '2026-01-11T07:30:00+00:00'}",PAY_000779,2026-01-11T07:30:00+00:00,SET_000779,settlements.csv,settlements:SET_000779
45488.86,BATCH_20260112,INR,2026-01-12T10:40:00+00:00,MCH_TRAVEL,"{'amount': '45488.86', 'settled_at': '2026-01-12T10:40:00+00:00'}",PAY_000780,2026-01-12T10:40:00+00:00,SET_000780,settlements.csv,settlements:SET_000780
64660.67,BATCH_20260111,INR,2026-01-11T06:55:00+00:00,MCH_SWIFT,"{'amount': '64660.67', 'settled_at': '2026-01-11T06:55:00+00:00'}",PAY_000781,2026-01-11T06:55:00+00:00,SET_000781,settlements.csv,settlements:SET_000781
69615.00,BATCH_20260110,INR,2026-01-10T06:52:00+00:00,MCH_ZERO,"{'amount': '69615.00', 'settled_at': '2026-01-10T06:52:00+00:00'}",PAY_000782,2026-01-10T06:52:00+00:00,SET_000782,settlements.csv,settlements:SET_000782
43333.32,BATCH_20260111,INR,2026-01-11T07:59:00+00:00,MCH_SWIFT,"{'amount': '43333.32', 'settled_at': '2026-01-11T07:59:00+00:00'}",PAY_000783,2026-01-11T07:59:00+00:00,SET_000783,settlements.csv,settlements:SET_000783
48953.01,BATCH_20260111,INR,2026-01-11T07:10:00+00:00,MCH_CAFE,"{'amount': '48953.01', 'settled_at': '2026-01-11T07:10:00+00:00'}",PAY_000784,2026-01-11T07:10:00+00:00,SET_000784,settlements.csv,settlements:SET_000784
16137.20,BATCH_20260111,INR,2026-01-11T11:14:00+00:00,MCH_CAFE,"{'amount': '16137.20', 'settled_at': '2026-01-11T11:14:00+00:00'}",PAY_000785,2026-01-11T11:14:00+00:00,SET_000785,settlements.csv,settlements:SET_000785
37399.32,BATCH_20260112,INR,2026-01-12T07:23:00+00:00,MCH_TRAVEL,"{'amount': '37399.32', 'settled_at': '2026-01-12T07:23:00+00:00'}",PAY_000786,2026-01-12T07:23:00+00:00,SET_000786,settlements.csv,settlements:SET_000786
32021.10,BATCH_20260111,INR,2026-01-11T10:38:00+00:00,MCH_HEALTH,"{'amount': '32021.10', 'settled_at': '2026-01-11T10:38:00+00:00'}",PAY_000787,2026-01-11T10:38:00+00:00,SET_000787,settlements.csv,settlements:SET_000787
24412.90,BATCH_20260112,INR,2026-01-12T06:43:00+00:00,MCH_SAAS,"{'amount': '24412.90', 'settled_at': '2026-01-12T06:43:00+00:00'}",PAY_000788,2026-01-12T06:43:00+00:00,SET_000788,settlements.csv,settlements:SET_000788
63505.66,BATCH_20260112,INR,2026-01-12T07:51:00+00:00,MCH_TRAVEL,"{'amount': '63505.66', 'settled_at': '2026-01-12T07:51:00+00:00'}",PAY_000789,2026-01-12T07:51:00+00:00,SET_000789,settlements.csv,settlements:SET_000789
51108.38,BATCH_20260111,INR,2026-01-11T11:46:00+00:00,MCH_SWIFT,"{'amount': '51108.38', 'settled_at': '2026-01-11T11:46:00+00:00'}",PAY_000790,2026-01-11T11:46:00+00:00,SET_000790,settlements.csv,settlements:SET_000790
52220.20,BATCH_20260111,INR,2026-01-11T11:13:00+00:00,MCH_HEALTH,"{'amount': '52220.20', 'settled_at': '2026-01-11T11:13:00+00:00'}",PAY_000792,2026-01-11T11:13:00+00:00,SET_000792,settlements.csv,settlements:SET_000792
17596.08,BATCH_20260112,INR,2026-01-12T14:22:00+00:00,MCH_TRAVEL,"{'amount': '17596.08', 'settled_at': '2026-01-12T14:22:00+00:00'}",PAY_000795,2026-01-12T14:22:00+00:00,SET_000795,settlements.csv,settlements:SET_000795
3764.25,BATCH_20260112,INR,2026-01-12T11:37:00+00:00,MCH_TRAVEL,"{'amount': '3764.25', 'settled_at': '2026-01-12T11:37:00+00:00'}",PAY_000796,2026-01-12T11:37:00+00:00,SET_000796,settlements.csv,settlements:SET_000796
86949.50,BATCH_20260110,INR,2026-01-10T14:39:00+00:00,MCH_ZERO,"{'amount': '86949.50', 'settled_at': '2026-01-10T14:39:00+00:00'}",PAY_000797,2026-01-10T14:39:00+00:00,SET_000797,settlements.csv,settlements:SET_000797
70503.08,BATCH_20260111,INR,2026-01-11T14:50:00+00:00,MCH_HEALTH,"{'amount': '70503.08', 'settled_at': '2026-01-11T14:50:00+00:00'}",PAY_000799,2026-01-11T14:50:00+00:00,SET_000799,settlements.csv,settlements:SET_000799
48592.23,BATCH_20260111,INR,2026-01-11T11:52:00+00:00,MCH_CAFE,"{'amount': '48592.23', 'settled_at': '2026-01-11T11:52:00+00:00'}",PAY_000800,2026-01-11T11:52:00+00:00,SET_000800,settlements.csv,settlements:SET_000800
55326.25,BATCH_20260112,INR,2026-01-12T09:15:00+00:00,MCH_SAAS,"{'amount': '55326.25', 'settled_at': '2026-01-12T09:15:00+00:00'}",PAY_000801,2026-01-12T09:15:00+00:00,SET_000801,settlements.csv,settlements:SET_000801
86996.72,BATCH_20260111,INR,2026-01-11T15:26:00+00:00,MCH_HEALTH,"{'amount': '86996.72', 'settled_at': '2026-01-11T15:26:00+00:00'}",PAY_000802,2026-01-11T15:26:00+00:00,SET_000802,settlements.csv,settlements:SET_000802
20367.75,BATCH_20260111,INR,2026-01-11T14:23:00+00:00,MCH_HEALTH,"{'amount': '20367.75', 'settled_at': '2026-01-11T14:23:00+00:00'}",PAY_000803,2026-01-11T14:23:00+00:00,SET_000803,settlements.csv,settlements:SET_000803
35544.23,BATCH_20260111,INR,2026-01-11T08:22:00+00:00,MCH_HEALTH,"{'amount': '35544.23', 'settled_at': '2026-01-11T08:22:00+00:00'}",PAY_000804,2026-01-11T08:22:00+00:00,SET_000804,settlements.csv,settlements:SET_000804
45013.14,BATCH_20260111,INR,2026-01-11T09:36:00+00:00,MCH_CAFE,"{'amount': '45013.14', 'settled_at': '2026-01-11T09:36:00+00:00'}",PAY_000805,2026-01-11T09:36:00+00:00,SET_000805,settlements.csv,settlements:SET_000805
44394.55,BATCH_20260112,INR,2026-01-12T11:36:00+00:00,MCH_SAAS,"{'amount': '44394.55', 'settled_at': '2026-01-12T11:36:00+00:00'}",PAY_000806,2026-01-12T11:36:00+00:00,SET_000806,settlements.csv,settlements:SET_000806
83707.59,BATCH_20260111,INR,2026-01-11T09:42:00+00:00,MCH_SWIFT,"{'amount': '83707.59', 'settled_at': '2026-01-11T09:42:00+00:00'}",PAY_000807,2026-01-11T09:42:00+00:00,SET_000807,settlements.csv,settlements:SET_000807
22054.83,BATCH_20260111,INR,2026-01-11T14:50:00+00:00,MCH_CAFE,"{'amount': '22054.83', 'settled_at': '2026-01-11T14:50:00+00:00'}",PAY_000808,2026-01-11T14:50:00+00:00,SET_000808,settlements.csv,settlements:SET_000808
66410.84,BATCH_20260111,INR,2026-01-11T14:09:00+00:00,MCH_HEALTH,"{'amount': '66410.84', 'settled_at': '2026-01-11T14:09:00+00:00'}",PAY_000809,2026-01-11T14:09:00+00:00,SET_000809,settlements.csv,settlements:SET_000809
73175.82,BATCH_20260112,INR,2026-01-12T10:08:00+00:00,MCH_SAAS,"{'amount': '73175.82', 'settled_at': '2026-01-12T10:08:00+00:00'}",PAY_000810,2026-01-12T10:08:00+00:00,SET_000810,settlements.csv,settlements:SET_000810
87095.03,BATCH_20260112,INR,2026-01-12T11:27:00+00:00,MCH_TRAVEL,"{'amount': '87095.03', 'settled_at': '2026-01-12T11:27:00+00:00'}",PAY_000811,2026-01-12T11:27:00+00:00,SET_000811,settlements.csv,settlements:SET_000811
38762.84,BATCH_20260111,INR,2026-01-11T12:31:00+00:00,MCH_HEALTH,"{'amount': '38762.84', 'settled_at': '2026-01-11T12:31:00+00:00'}",PAY_000812,2026-01-11T12:31:00+00:00,SET_000812,settlements.csv,settlements:SET_000812
34280.81,BATCH_20260111,INR,2026-01-11T10:38:00+00:00,MCH_CAFE,"{'amount': '34280.81', 'settled_at': '2026-01-11T10:38:00+00:00'}",PAY_000813,2026-01-11T10:38:00+00:00,SET_000813,settlements.csv,settlements:SET_000813
52600.11,BATCH_20260112,INR,2026-01-12T16:39:00+00:00,MCH_TRAVEL,"{'amount': '52600.11', 'settled_at': '2026-01-12T16:39:00+00:00'}",PAY_000814,2026-01-12T16:39:00+00:00,SET_000814,settlements.csv,settlements:SET_000814
27090.25,BATCH_20260112,INR,2026-01-12T15:50:00+00:00,MCH_SAAS,"{'amount': '27090.25', 'settled_at': '2026-01-12T15:50:00+00:00'}",PAY_000815,2026-01-12T15:50:00+00:00,SET_000815,settlements.csv,settlements:SET_000815
69715.63,BATCH_20260112,INR,2026-01-12T16:58:00+00:00,MCH_TRAVEL,"{'amount': '69715.63', 'settled_at': '2026-01-12T16:58:00+00:00'}",PAY_000816,2026-01-12T16:58:00+00:00,SET_000816,settlements.csv,settlements:SET_000816
49547.02,BATCH_20260112,INR,2026-01-12T17:11:00+00:00,MCH_TRAVEL,"{'amount': '49547.02', 'settled_at': '2026-01-12T17:11:00+00:00'}",PAY_000817,2026-01-12T17:11:00+00:00,SET_000817,settlements.csv,settlements:SET_000817
82066.38,BATCH_20260111,INR,2026-01-11T15:01:00+00:00,MCH_CAFE,"{'amount': '82066.38', 'settled_at': '2026-01-11T15:01:00+00:00'}",PAY_000818,2026-01-11T15:01:00+00:00,SET_000818,settlements.csv,settlements:SET_000818
14610.10,BATCH_20260112,INR,2026-01-12T11:18:00+00:00,MCH_SAAS,"{'amount': '14610.10', 'settled_at': '2026-01-12T11:18:00+00:00'}",PAY_000819,2026-01-12T11:18:00+00:00,SET_000819,settlements.csv,settlements:SET_000819
17446.55,BATCH_20260112,INR,2026-01-12T16:18:00+00:00,MCH_TRAVEL,"{'amount': '17446.55', 'settled_at': '2026-01-12T16:18:00+00:00'}",PAY_000820,2026-01-12T16:18:00+00:00,SET_000820,settlements.csv,settlements:SET_000820
15055.60,BATCH_20260111,INR,2026-01-11T17:25:00+00:00,MCH_SWIFT,"{'amount': '15055.60', 'settled_at': '2026-01-11T17:25:00+00:00'}",PAY_000821,2026-01-11T17:25:00+00:00,SET_000821,settlements.csv,settlements:SET_000821
82960.67,BATCH_20260112,INR,2026-01-12T10:34:00+00:00,MCH_SAAS,"{'amount': '82960.67', 'settled_at': '2026-01-12T10:34:00+00:00'}",PAY_000822,2026-01-12T10:34:00+00:00,SET_000822,settlements.csv,settlements:SET_000822
35899.16,BATCH_20260111,INR,2026-01-11T10:34:00+00:00,MCH_CAFE,"{'amount': '35899.16', 'settled_at': '2026-01-11T10:34:00+00:00'}",PAY_000823,2026-01-11T10:34:00+00:00,SET_000823,settlements.csv,settlements:SET_000823
11334.59,BATCH_20260110,INR,2026-01-10T15:43:00+00:00,MCH_ZERO,"{'amount': '11334.59', 'settled_at': '2026-01-10T15:43:00+00:00'}",PAY_000824,2026-01-10T15:43:00+00:00,SET_000824,settlements.csv,settlements:SET_000824
10464.56,BATCH_20260112,INR,2026-01-12T15:06:00+00:00,MCH_SAAS,"{'amount': '10464.56', 'settled_at': '2026-01-12T15:06:00+00:00'}",PAY_000825,2026-01-12T15:06:00+00:00,SET_000825,settlements.csv,settlements:SET_000825
31505.50,BATCH_20260110,INR,2026-01-10T14:05:00+00:00,MCH_ZERO,"{'amount': '31505.50', 'settled_at': '2026-01-10T14:05:00+00:00'}",PAY_000826,2026-01-10T14:05:00+00:00,SET_000826,settlements.csv,settlements:SET_000826
28147.15,BATCH_20260112,INR,2026-01-12T18:07:00+00:00,MCH_SAAS,"{'amount': '28147.15', 'settled_at': '2026-01-12T18:07:00+00:00'}",PAY_000827,2026-01-12T18:07:00+00:00,SET_000827,settlements.csv,settlements:SET_000827
32786.69,BATCH_20260112,INR,2026-01-12T12:27:00+00:00,MCH_SAAS,"{'amount': '32786.69', 'settled_at': '2026-01-12T12:27:00+00:00'}",PAY_000828,2026-01-12T12:27:00+00:00,SET_000828,settlements.csv,settlements:SET_000828
70248.96,BATCH_20260111,INR,2026-01-11T13:26:00+00:00,MCH_CAFE,"{'amount': '70248.96', 'settled_at': '2026-01-11T13:26:00+00:00'}",PAY_000829,2026-01-11T13:26:00+00:00,SET_000829,settlements.csv,settlements:SET_000829
15981.85,BATCH_20260112,INR,2026-01-12T17:50:00+00:00,MCH_TRAVEL,"{'amount': '15981.85', 'settled_at': '2026-01-12T17:50:00+00:00'}",PAY_000832,2026-01-12T17:50:00+00:00,SET_000832,settlements.csv,settlements:SET_000832
38861.76,BATCH_20260111,INR,2026-01-11T18:50:00+00:00,MCH_CAFE,"{'amount': '38861.76', 'settled_at': '2026-01-11T18:50:00+00:00'}",PAY_000833,2026-01-11T18:50:00+00:00,SET_000833,settlements.csv,settlements:SET_000833
41072.15,BATCH_20260112,INR,2026-01-12T18:57:00+00:00,MCH_TRAVEL,"{'amount': '41072.15', 'settled_at': '2026-01-12T18:57:00+00:00'}",PAY_000834,2026-01-12T18:57:00+00:00,SET_000834,settlements.csv,settlements:SET_000834
38510.60,BATCH_20260112,INR,2026-01-12T18:01:00+00:00,MCH_SAAS,"{'amount': '38510.60', 'settled_at': '2026-01-12T18:01:00+00:00'}",PAY_000835,2026-01-12T18:01:00+00:00,SET_000835,settlements.csv,settlements:SET_000835
70645.91,BATCH_20260111,INR,2026-01-11T14:06:00+00:00,MCH_HEALTH,"{'amount': '70645.91', 'settled_at': '2026-01-11T14:06:00+00:00'}",PAY_000836,2026-01-11T14:06:00+00:00,SET_000836,settlements.csv,settlements:SET_000836
57301.81,BATCH_20260112,INR,2026-01-12T16:22:00+00:00,MCH_TRAVEL,"{'amount': '57301.81', 'settled_at': '2026-01-12T16:22:00+00:00'}",PAY_000837,2026-01-12T16:22:00+00:00,SET_000837,settlements.csv,settlements:SET_000837
74103.02,BATCH_20260111,INR,2026-01-11T18:25:00+00:00,MCH_CAFE,"{'amount': '74103.02', 'settled_at': '2026-01-11T18:25:00+00:00'}",PAY_000838,2026-01-11T18:25:00+00:00,SET_000838,settlements.csv,settlements:SET_000838
58166.75,BATCH_20260111,INR,2026-01-11T16:31:00+00:00,MCH_CAFE,"{'amount': '58166.75', 'settled_at': '2026-01-11T16:31:00+00:00'}",PAY_000839,2026-01-11T16:31:00+00:00,SET_000839,settlements.csv,settlements:SET_000839
11154.73,BATCH_20260120,INR,2026-01-20T11:44:00+00:00,MCH_SWIFT,"{'amount': '11154.73', 'settled_at': '2026-01-20T11:44:00+00:00'}",PAY_000840,2026-01-20T11:44:00+00:00,SET_000840,settlements.csv,settlements:SET_000840
3310.50,BATCH_20260110,INR,2026-01-10T19:49:00+00:00,MCH_ZERO,"{'amount': '3310.50', 'settled_at': '2026-01-10T19:49:00+00:00'}",PAY_000841,2026-01-10T19:49:00+00:00,SET_000841,settlements.csv,settlements:SET_000841
23528.64,BATCH_20260111,INR,2026-01-11T13:57:00+00:00,MCH_SWIFT,"{'amount': '23528.64', 'settled_at': '2026-01-11T13:57:00+00:00'}",PAY_000842,2026-01-11T13:57:00+00:00,SET_000842,settlements.csv,settlements:SET_000842
22099.33,BATCH_20260111,INR,2026-01-11T20:08:00+00:00,MCH_CAFE,"{'amount': '22099.33', 'settled_at': '2026-01-11T20:08:00+00:00'}",PAY_000843,2026-01-11T20:08:00+00:00,SET_000843,settlements.csv,settlements:SET_000843
63874.17,BATCH_20260112,INR,2026-01-12T17:10:00+00:00,MCH_TRAVEL,"{'amount': '63874.17', 'settled_at': '2026-01-12T17:10:00+00:00'}",PAY_000844,2026-01-12T17:10:00+00:00,SET_000844,settlements.csv,settlements:SET_000844
16966.58,BATCH_20260112,INR,2026-01-12T16:16:00+00:00,MCH_SAAS,"{'amount': '16966.58', 'settled_at': '2026-01-12T16:16:00+00:00'}",PAY_000845,2026-01-12T16:16:00+00:00,SET_000845,settlements.csv,settlements:SET_000845
3934.70,BATCH_20260111,INR,2026-01-11T18:28:00+00:00,MCH_SWIFT,"{'amount': '3934.70', 'settled_at': '2026-01-11T18:28:00+00:00'}",PAY_000846,2026-01-11T18:28:00+00:00,SET_000846,settlements.csv,settlements:SET_000846
11243.57,BATCH_20260112,INR,2026-01-12T16:31:00+00:00,MCH_SAAS,"{'amount': '11243.57', 'settled_at': '2026-01-12T16:31:00+00:00'}",PAY_000847,2026-01-12T16:31:00+00:00,SET_000847,settlements.csv,settlements:SET_000847
49599.00,BATCH_20260112,INR,2026-01-12T14:40:00+00:00,MCH_TRAVEL,"{'amount': '49599.00', 'settled_at': '2026-01-12T14:40:00+00:00'}",PAY_000848,2026-01-12T14:40:00+00:00,SET_000848,settlements.csv,settlements:SET_000848
4245.65,BATCH_20260111,INR,2026-01-11T13:50:00+00:00,MCH_HEALTH,"{'amount': '4245.65', 'settled_at': '2026-01-11T13:50:00+00:00'}",PAY_000849,2026-01-11T13:50:00+00:00,SET_000849,settlements.csv,settlements:SET_000849
22531.61,BATCH_20260110,INR,2026-01-10T13:53:00+00:00,MCH_ZERO,"{'amount': '22531.61', 'settled_at': '2026-01-10T13:53:00+00:00'}",PAY_000850,2026-01-10T13:53:00+00:00,SET_000850,settlements.csv,settlements:SET_000850
11830.10,BATCH_20260111,INR,2026-01-11T15:02:00+00:00,MCH_SWIFT,"{'amount': '11830.10', 'settled_at': '2026-01-11T15:02:00+00:00'}",PAY_000852,2026-01-11T15:02:00+00:00,SET_000852,settlements.csv,settlements:SET_000852
5952.06,BATCH_20260111,INR,2026-01-11T18:15:00+00:00,MCH_CAFE,"{'amount': '5952.06', 'settled_at': '2026-01-11T18:15:00+00:00'}",PAY_000853,2026-01-11T18:15:00+00:00,SET_000853,settlements.csv,settlements:SET_000853
78861.96,BATCH_20260111,INR,2026-01-11T19:24:00+00:00,MCH_CAFE,"{'amount': '78861.96', 'settled_at': '2026-01-11T19:24:00+00:00'}",PAY_000854,2026-01-11T19:24:00+00:00,SET_000854,settlements.csv,settlements:SET_000854
11706.48,BATCH_20260110,INR,2026-01-10T21:29:00+00:00,MCH_ZERO,"{'amount': '11706.48', 'settled_at': '2026-01-10T21:29:00+00:00'}",PAY_000856,2026-01-10T21:29:00+00:00,SET_000856,settlements.csv,settlements:SET_000856
47314.61,BATCH_20260112,INR,2026-01-12T21:34:00+00:00,MCH_TRAVEL,"{'amount': '47314.61', 'settled_at': '2026-01-12T21:34:00+00:00'}",PAY_000857,2026-01-12T21:34:00+00:00,SET_000857,settlements.csv,settlements:SET_000857
63288.10,BATCH_20260112,INR,2026-01-12T17:48:00+00:00,MCH_SAAS,"{'amount': '63288.10', 'settled_at': '2026-01-12T17:48:00+00:00'}",PAY_000858,2026-01-12T17:48:00+00:00,SET_000858,settlements.csv,settlements:SET_000858
23448.48,BATCH_20260111,INR,2026-01-11T16:52:00+00:00,MCH_CAFE,"{'amount': '23448.48', 'settled_at': '2026-01-11T16:52:00+00:00'}",PAY_000859,2026-01-11T16:52:00+00:00,SET_000859,settlements.csv,settlements:SET_000859
10105.75,BATCH_20260112,INR,2026-01-12T14:59:00+00:00,MCH_SAAS,"{'amount': '10105.75', 'settled_at': '2026-01-12T14:59:00+00:00'}",PAY_000860,2026-01-12T14:59:00+00:00,SET_000860,settlements.csv,settlements:SET_000860
4007.49,BATCH_20260111,INR,2026-01-11T19:25:00+00:00,MCH_SWIFT,"{'amount': '4007.49', 'settled_at': '2026-01-11T19:25:00+00:00'}",PAY_000862,2026-01-11T19:25:00+00:00,SET_000862,settlements.csv,settlements:SET_000862
47549.15,BATCH_20260111,INR,2026-01-11T17:26:00+00:00,MCH_HEALTH,"{'amount': '47549.15', 'settled_at': '2026-01-11T17:26:00+00:00'}",PAY_000863,2026-01-11T17:26:00+00:00,SET_000863,settlements.csv,settlements:SET_000863
7411.00,BATCH_20260111,INR,2026-01-11T21:42:00+00:00,MCH_CAFE,"{'amount': '7411.00', 'settled_at': '2026-01-11T21:42:00+00:00'}",PAY_000865,2026-01-11T21:42:00+00:00,SET_000865,settlements.csv,settlements:SET_000865
22973.25,BATCH_20260111,INR,2026-01-11T17:33:00+00:00,MCH_CAFE,"{'amount': '22973.25', 'settled_at': '2026-01-11T17:33:00+00:00'}",PAY_000866,2026-01-11T17:33:00+00:00,SET_000866,settlements.csv,settlements:SET_000866
83250.98,BATCH_20260111,INR,2026-01-11T21:49:00+00:00,MCH_CAFE,"{'amount': '83250.98', 'settled_at': '2026-01-11T21:49:00+00:00'}",PAY_000867,2026-01-11T21:49:00+00:00,SET_000867,settlements.csv,settlements:SET_000867
40161.78,BATCH_20260112,INR,2026-01-12T20:59:00+00:00,MCH_TRAVEL,"{'amount': '40161.78', 'settled_at': '2026-01-12T20:59:00+00:00'}",PAY_000868,2026-01-12T20:59:00+00:00,SET_000868,settlements.csv,settlements:SET_000868
25963.30,BATCH_20260111,INR,2026-01-11T22:12:00+00:00,MCH_HEALTH,"{'amount': '25963.30', 'settled_at': '2026-01-11T22:12:00+00:00'}",PAY_000869,2026-01-11T22:12:00+00:00,SET_000869,settlements.csv,settlements:SET_000869
55682.00,BATCH_20260110,INR,2026-01-10T17:15:00+00:00,MCH_ZERO,"{'amount': '55682.00', 'settled_at': '2026-01-10T17:15:00+00:00'}",PAY_000870,2026-01-10T17:15:00+00:00,SET_000870,settlements.csv,settlements:SET_000870
67584.00,BATCH_20260110,INR,2026-01-10T23:20:00+00:00,MCH_ZERO,"{'amount': '67584.00', 'settled_at': '2026-01-10T23:20:00+00:00'}",PAY_000871,2026-01-10T23:20:00+00:00,SET_000871,settlements.csv,settlements:SET_000871
80995.89,BATCH_20260111,INR,2026-01-11T22:24:00+00:00,MCH_HEALTH,"{'amount': '80995.89', 'settled_at': '2026-01-11T22:24:00+00:00'}",PAY_000872,2026-01-11T22:24:00+00:00,SET_000872,settlements.csv,settlements:SET_000872
19340.88,BATCH_20260111,INR,2026-01-11T20:31:00+00:00,MCH_CAFE,"{'amount': '19340.88', 'settled_at': '2026-01-11T20:31:00+00:00'}",PAY_000873,2026-01-11T20:31:00+00:00,SET_000873,settlements.csv,settlements:SET_000873
6420.39,BATCH_20260111,INR,2026-01-11T22:45:00+00:00,MCH_HEALTH,"{'amount': '6420.39', 'settled_at': '2026-01-11T22:45:00+00:00'}",PAY_000874,2026-01-11T22:45:00+00:00,SET_000874,settlements.csv,settlements:SET_000874
10793.15,BATCH_20260111,INR,2026-01-11T18:57:00+00:00,MCH_HEALTH,"{'amount': '10793.15', 'settled_at': '2026-01-11T18:57:00+00:00'}",PAY_000876,2026-01-11T18:57:00+00:00,SET_000876,settlements.csv,settlements:SET_000876
6071.20,BATCH_20260113,INR,2026-01-13T00:04:00+00:00,MCH_SAAS,"{'amount': '6071.20', 'settled_at': '2026-01-13T00:04:00+00:00'}",PAY_000877,2026-01-13T00:04:00+00:00,SET_000877,settlements.csv,settlements:SET_000877
27458.63,BATCH_20260111,INR,2026-01-11T23:17:00+00:00,MCH_SWIFT,"{'amount': '27458.63', 'settled_at': '2026-01-11T23:17:00+00:00'}",PAY_000879,2026-01-11T23:17:00+00:00,SET_000879,settlements.csv,settlements:SET_000879
2591.04,BATCH_20260112,INR,2026-01-12T00:11:00+00:00,MCH_HEALTH,"{'amount': '2591.04', 'settled_at': '2026-01-12T00:11:00+00:00'}",PAY_000880,2026-01-12T00:11:00+00:00,SET_000880,settlements.csv,settlements:SET_000880
52056.83,BATCH_20260112,INR,2026-01-12T22:38:00+00:00,MCH_SAAS,"{'amount': '52056.83', 'settled_at': '2026-01-12T22:38:00+00:00'}",PAY_000881,2026-01-12T22:38:00+00:00,SET_000881,settlements.csv,settlements:SET_000881
86927.03,BATCH_20260112,INR,2026-01-12T19:37:00+00:00,MCH_TRAVEL,"{'amount': '86927.03', 'settled_at': '2026-01-12T19:37:00+00:00'}",PAY_000882,2026-01-12T19:37:00+00:00,SET_000882,settlements.csv,settlements:SET_000882
2076.88,BATCH_20260111,INR,2026-01-11T20:38:00+00:00,MCH_SWIFT,"{'amount': '2076.88', 'settled_at': '2026-01-11T20:38:00+00:00'}",PAY_000883,2026-01-11T20:38:00+00:00,SET_000883,settlements.csv,settlements:SET_000883
83021.25,BATCH_20260112,INR,2026-01-12T18:53:00+00:00,MCH_SAAS,"{'amount': '83021.25', 'settled_at': '2026-01-12T18:53:00+00:00'}",PAY_000884,2026-01-12T18:53:00+00:00,SET_000884,settlements.csv,settlements:SET_000884
15564.00,BATCH_20260111,INR,2026-01-11T01:12:00+00:00,MCH_ZERO,"{'amount': '15564.00', 'settled_at': '2026-01-11T01:12:00+00:00'}",PAY_000886,2026-01-11T01:12:00+00:00,SET_000886,settlements.csv,settlements:SET_000886
59218.50,BATCH_20260110,INR,2026-01-10T18:10:00+00:00,MCH_ZERO,"{'amount': '59218.50', 'settled_at': '2026-01-10T18:10:00+00:00'}",PAY_000887,2026-01-10T18:10:00+00:00,SET_000887,settlements.csv,settlements:SET_000887
1300.70,BATCH_20260112,INR,2026-01-12T01:25:00+00:00,MCH_CAFE,"{'amount': '1300.70', 'settled_at': '2026-01-12T01:25:00+00:00'}",PAY_000888,2026-01-12T01:25:00+00:00,SET_000888,settlements.csv,settlements:SET_000888
74693.72,BATCH_20260113,INR,2026-01-13T00:17:00+00:00,MCH_TRAVEL,"{'amount': '74693.72', 'settled_at': '2026-01-13T00:17:00+00:00'}",PAY_000889,2026-01-13T00:17:00+00:00,SET_000889,settlements.csv,settlements:SET_000889
65891.84,BATCH_20260112,INR,2026-01-12T18:41:00+00:00,MCH_SAAS,"{'amount': '65891.84', 'settled_at': '2026-01-12T18:41:00+00:00'}",PAY_000890,2026-01-12T18:41:00+00:00,SET_000890,settlements.csv,settlements:SET_000890
2732.40,BATCH_20260111,INR,2026-01-11T22:47:00+00:00,MCH_HEALTH,"{'amount': '2732.40', 'settled_at': '2026-01-11T22:47:00+00:00'}",PAY_000891,2026-01-11T22:47:00+00:00,SET_000891,settlements.csv,settlements:SET_000891
53924.72,BATCH_20260113,INR,2026-01-13T00:49:00+00:00,MCH_TRAVEL,"{'amount': '53924.72', 'settled_at': '2026-01-13T00:49:00+00:00'}",PAY_000892,2026-01-13T00:49:00+00:00,SET_000892,settlements.csv,settlements:SET_000892
21446.00,BATCH_20260110,INR,2026-01-10T21:56:00+00:00,MCH_ZERO,"{'amount': '21446.00', 'settled_at': '2026-01-10T21:56:00+00:00'}",PAY_000893,2026-01-10T21:56:00+00:00,SET_000893,settlements.csv,settlements:SET_000893
28471.60,BATCH_20260111,INR,2026-01-11T23:05:00+00:00,MCH_HEALTH,"{'amount': '28471.60', 'settled_at': '2026-01-11T23:05:00+00:00'}",PAY_000894,2026-01-11T23:05:00+00:00,SET_000894,settlements.csv,settlements:SET_000894
86307.61,BATCH_20260112,INR,2026-01-12T23:04:00+00:00,MCH_SAAS,"{'amount': '86307.61', 'settled_at': '2026-01-12T23:04:00+00:00'}",PAY_000895,2026-01-12T23:04:00+00:00,SET_000895,settlements.csv,settlements:SET_000895
11371.39,BATCH_20260112,INR,2026-01-12T21:09:00+00:00,MCH_TRAVEL,"{'amount': '11371.39', 'settled_at': '2026-01-12T21:09:00+00:00'}",PAY_000896,2026-01-12T21:09:00+00:00,SET_000896,settlements.csv,settlements:SET_000896
63510.78,BATCH_20260111,INR,2026-01-11T22:22:00+00:00,MCH_HEALTH,"{'amount': '63510.78', 'settled_at': '2026-01-11T22:22:00+00:00'}",PAY_000897,2026-01-11T22:22:00+00:00,SET_000897,settlements.csv,settlements:SET_000897
6332.68,BATCH_20260111,INR,2026-01-11T21:30:00+00:00,MCH_HEALTH,"{'amount': '6332.68', 'settled_at': '2026-01-11T21:30:00+00:00'}",PAY_000898,2026-01-11T21:30:00+00:00,SET_000898,settlements.csv,settlements:SET_000898
4396.20,BATCH_20260111,INR,2026-01-11T20:30:00+00:00,MCH_HEALTH,"{'amount': '4396.20', 'settled_at': '2026-01-11T20:30:00+00:00'}",PAY_000899,2026-01-11T20:30:00+00:00,SET_000899,settlements.csv,settlements:SET_000899
29074.80,BATCH_20260111,INR,2026-01-11T23:44:00+00:00,MCH_HEALTH,"{'amount': '29074.80', 'settled_at': '2026-01-11T23:44:00+00:00'}",PAY_000900,2026-01-11T23:44:00+00:00,SET_000900,settlements.csv,settlements:SET_000900
52182.58,BATCH_20260112,INR,2026-01-12T02:39:00+00:00,MCH_SWIFT,"{'amount': '52182.58', 'settled_at': '2026-01-12T02:39:00+00:00'}",PAY_000901,2026-01-12T02:39:00+00:00,SET_000901,settlements.csv,settlements:SET_000901
14179.50,BATCH_20260110,INR,2026-01-10T21:02:00+00:00,MCH_ZERO,"{'amount': '14179.50', 'settled_at': '2026-01-10T21:02:00+00:00'}",PAY_000902,2026-01-10T21:02:00+00:00,SET_000902,settlements.csv,settlements:SET_000902
56380.28,BATCH_20260112,INR,2026-01-12T02:59:00+00:00,MCH_SWIFT,"{'amount': '56380.28', 'settled_at': '2026-01-12T02:59:00+00:00'}",PAY_000903,2026-01-12T02:59:00+00:00,SET_000903,settlements.csv,settlements:SET_000903
12976.15,BATCH_20260112,INR,2026-01-12T21:11:00+00:00,MCH_SAAS,"{'amount': '12976.15', 'settled_at': '2026-01-12T21:11:00+00:00'}",PAY_000904,2026-01-12T21:11:00+00:00,SET_000904,settlements.csv,settlements:SET_000904
56809.87,BATCH_20260112,INR,2026-01-12T00:22:00+00:00,MCH_SWIFT,"{'amount': '56809.87', 'settled_at': '2026-01-12T00:22:00+00:00'}",PAY_000905,2026-01-12T00:22:00+00:00,SET_000905,settlements.csv,settlements:SET_000905
22288.06,BATCH_20260111,INR,2026-01-11T23:28:00+00:00,MCH_HEALTH,"{'amount': '22288.06', 'settled_at': '2026-01-11T23:28:00+00:00'}",PAY_000906,2026-01-11T23:28:00+00:00,SET_000906,settlements.csv,settlements:SET_000906
39204.09,BATCH_20260112,INR,2026-01-12T01:34:00+00:00,MCH_SWIFT,"{'amount': '39204.09', 'settled_at': '2026-01-12T01:34:00+00:00'}",PAY_000907,2026-01-12T01:34:00+00:00,SET_000907,settlements.csv,settlements:SET_000907
51815.25,BATCH_20260111,INR,2026-01-11T02:48:00+00:00,MCH_ZERO,"{'amount': '51815.25', 'settled_at': '2026-01-11T02:48:00+00:00'}",PAY_000908,2026-01-11T02:48:00+00:00,SET_000908,settlements.csv,settlements:SET_000908
56161.51,BATCH_20260112,INR,2026-01-12T00:38:00+00:00,MCH_SWIFT,"{'amount': '56161.51', 'settled_at': '2026-01-12T00:38:00+00:00'}",PAY_000909,2026-01-12T00:38:00+00:00,SET_000909,settlements.csv,settlements:SET_000909
51661.96,BATCH_20260112,INR,2026-01-12T20:53:00+00:00,MCH_SAAS,"{'amount': '51661.96', 'settled_at': '2026-01-12T20:53:00+00:00'}",PAY_000910,2026-01-12T20:53:00+00:00,SET_000910,settlements.csv,settlements:SET_000910
67947.97,BATCH_20260112,INR,2026-01-12T00:05:00+00:00,MCH_CAFE,"{'amount': '67947.97', 'settled_at': '2026-01-12T00:05:00+00:00'}",PAY_000911,2026-01-12T00:05:00+00:00,SET_000911,settlements.csv,settlements:SET_000911
52299.94,BATCH_20260113,INR,2026-01-13T03:03:00+00:00,MCH_TRAVEL,"{'amount': '52299.94', 'settled_at': '2026-01-13T03:03:00+00:00'}",PAY_000913,2026-01-13T03:03:00+00:00,SET_000913,settlements.csv,settlements:SET_000913
16703.31,BATCH_20260113,INR,2026-01-13T01:17:00+00:00,MCH_TRAVEL,"{'amount': '16703.31', 'settled_at': '2026-01-13T01:17:00+00:00'}",PAY_000914,2026-01-13T01:17:00+00:00,SET_000914,settlements.csv,settlements:SET_000914
3305.36,BATCH_20260112,INR,2026-01-12T01:28:00+00:00,MCH_SWIFT,"{'amount': '3305.36', 'settled_at': '2026-01-12T01:28:00+00:00'}",PAY_000915,2026-01-12T01:28:00+00:00,SET_000915,settlements.csv,settlements:SET_000915
54646.00,BATCH_20260113,INR,2026-01-13T01:29:00+00:00,MCH_TRAVEL,"{'amount': '54646.00', 'settled_at': '2026-01-13T01:29:00+00:00'}",PAY_000916,2026-01-13T01:29:00+00:00,SET_000916,settlements.csv,settlements:SET_000916
65542.46,BATCH_20260113,INR,2026-01-13T01:33:00+00:00,MCH_TRAVEL,"{'amount': '65542.46', 'settled_at': '2026-01-13T01:33:00+00:00'}",PAY_000917,2026-01-13T01:33:00+00:00,SET_000917,settlements.csv,settlements:SET_000917
959.58,BATCH_20260112,INR,2026-01-12T02:55:00+00:00,MCH_HEALTH,"{'amount': '959.58', 'settled_at': '2026-01-12T02:55:00+00:00'}",PAY_000918,2026-01-12T02:55:00+00:00,SET_000918,settlements.csv,settlements:SET_000918
36765.67,BATCH_20260112,INR,2026-01-12T00:53:00+00:00,MCH_CAFE,"{'amount': '36765.67', 'settled_at': '2026-01-12T00:53:00+00:00'}",PAY_000919,2026-01-12T00:53:00+00:00,SET_000919,settlements.csv,settlements:SET_000919
38240.95,BATCH_20260111,INR,2026-01-11T04:03:00+00:00,MCH_ZERO,"{'amount': '38240.95', 'settled_at': '2026-01-11T04:03:00+00:00'}",PAY_000920,2026-01-11T04:03:00+00:00,SET_000920,settlements.csv,settlements:SET_000920
10759.00,BATCH_20260113,INR,2026-01-13T01:05:00+00:00,MCH_SAAS,"{'amount': '10759.00', 'settled_at': '2026-01-13T01:05:00+00:00'}",PAY_000921,2026-01-13T01:05:00+00:00,SET_000921,settlements.csv,settlements:SET_000921
10205.54,BATCH_20260113,INR,2026-01-13T02:21:00+00:00,MCH_SAAS,"{'amount': '10205.54', 'settled_at': '2026-01-13T02:21:00+00:00'}",PAY_000922,2026-01-13T02:21:00+00:00,SET_000922,settlements.csv,settlements:SET_000922
56528.18,BATCH_20260113,INR,2026-01-13T00:30:00+00:00,MCH_SAAS,"{'amount': '56528.18', 'settled_at': '2026-01-13T00:30:00+00:00'}",PAY_000923,2026-01-13T00:30:00+00:00,SET_000923,settlements.csv,settlements:SET_000923
59141.43,BATCH_20260113,INR,2026-01-13T05:33:00+00:00,MCH_TRAVEL,"{'amount': '59141.43', 'settled_at': '2026-01-13T05:33:00+00:00'}",PAY_000925,2026-01-13T05:33:00+00:00,SET_000925,settlements.csv,settlements:SET_000925
4454.41,BATCH_20260113,INR,2026-01-13T04:48:00+00:00,MCH_SAAS,"{'amount': '4454.41', 'settled_at': '2026-01-13T04:48:00+00:00'}",PAY_000926,2026-01-13T04:48:00+00:00,SET_000926,settlements.csv,settlements:SET_000926
16142.00,BATCH_20260110,INR,2026-01-10T23:43:00+00:00,MCH_ZERO,"{'amount': '16142.00', 'settled_at': '2026-01-10T23:43:00+00:00'}",PAY_000927,2026-01-10T23:43:00+00:00,SET_000927,settlements.csv,settlements:SET_000927
39379.13,BATCH_20260112,INR,2026-01-12T01:04:00+00:00,MCH_CAFE,"{'amount': '39379.13', 'settled_at': '2026-01-12T01:04:00+00:00'}",PAY_000928,2026-01-12T01:04:00+00:00,SET_000928,settlements.csv,settlements:SET_000928
64721.71,BATCH_20260112,INR,2026-01-12T06:05:00+00:00,MCH_SWIFT,"{'amount': '64721.71', 'settled_at': '2026-01-12T06:05:00+00:00'}",PAY_000929,2026-01-12T06:05:00+00:00,SET_000929,settlements.csv,settlements:SET_000929
16333.50,BATCH_20260111,INR,2026-01-11T06:02:00+00:00,MCH_ZERO,"{'amount': '16333.50', 'settled_at': '2026-01-11T06:02:00+00:00'}",PAY_000930,2026-01-11T06:02:00+00:00,SET_000930,settlements.csv,settlements:SET_000930
40071.63,BATCH_20260112,INR,2026-01-12T01:22:00+00:00,MCH_HEALTH,"{'amount': '40071.63', 'settled_at': '2026-01-12T01:22:00+00:00'}",PAY_000931,2026-01-12T01:22:00+00:00,SET_000931,settlements.csv,settlements:SET_000931
38640.75,BATCH_20260112,INR,2026-01-12T00:32:00+00:00,MCH_SWIFT,"{'amount': '38640.75', 'settled_at': '2026-01-12T00:32:00+00:00'}",PAY_000932,2026-01-12T00:32:00+00:00,SET_000932,settlements.csv,settlements:SET_000932
85645.55,BATCH_20260112,INR,2026-01-12T04:32:00+00:00,MCH_HEALTH,"{'amount': '85645.55', 'settled_at': '2026-01-12T04:32:00+00:00'}",PAY_000933,2026-01-12T04:32:00+00:00,SET_000933,settlements.csv,settlements:SET_000933
6175.63,BATCH_20260112,INR,2026-01-12T01:42:00+00:00,MCH_HEALTH,"{'amount': '6175.63', 'settled_at': '2026-01-12T01:42:00+00:00'}",PAY_000934,2026-01-12T01:42:00+00:00,SET_000934,settlements.csv,settlements:SET_000934
3478.02,BATCH_20260113,INR,2026-01-13T00:50:00+00:00,MCH_TRAVEL,"{'amount': '3478.02', 'settled_at': '2026-01-13T00:50:00+00:00'}",PAY_000935,2026-01-13T00:50:00+00:00,SET_000935,settlements.csv,settlements:SET_000935
46052.59,BATCH_20260112,INR,2026-01-12T06:59:00+00:00,MCH_SWIFT,"{'amount': '46052.59', 'settled_at': '2026-01-12T06:59:00+00:00'}",PAY_000936,2026-01-12T06:59:00+00:00,SET_000936,settlements.csv,settlements:SET_000936
16065.75,BATCH_20260111,INR,2026-01-11T02:51:00+00:00,MCH_ZERO,"{'amount': '16065.75', 'settled_at': '2026-01-11T02:51:00+00:00'}",PAY_000937,2026-01-11T02:51:00+00:00,SET_000937,settlements.csv,settlements:SET_000937
78261.96,BATCH_20260112,INR,2026-01-12T00:09:00+00:00,MCH_HEALTH,"{'amount': '78261.96', 'settled_at': '2026-01-12T00:09:00+00:00'}",PAY_000939,2026-01-12T00:09:00+00:00,SET_000939,settlements.csv,settlements:SET_000939
3362.16,BATCH_20260113,INR,2026-01-13T01:22:00+00:00,MCH_SAAS,"{'amount': '3362.16', 'settled_at': '2026-01-13T01:22:00+00:00'}",PAY_000940,2026-01-13T01:22:00+00:00,SET_000940,settlements.csv,settlements:SET_000940
71173.55,BATCH_20260111,INR,2026-01-11T01:24:00+00:00,MCH_ZERO,"{'amount': '71173.55', 'settled_at': '2026-01-11T01:24:00+00:00'}",PAY_000941,2026-01-11T01:24:00+00:00,SET_000941,settlements.csv,settlements:SET_000941
22042.96,BATCH_20260113,INR,2026-01-13T00:32:00+00:00,MCH_TRAVEL,"{'amount': '22042.96', 'settled_at': '2026-01-13T00:32:00+00:00'}",PAY_000942,2026-01-13T00:32:00+00:00,SET_000942,settlements.csv,settlements:SET_000942
50232.35,BATCH_20260112,INR,2026-01-12T04:46:00+00:00,MCH_CAFE,"{'amount': '50232.35', 'settled_at': '2026-01-12T04:46:00+00:00'}",PAY_000943,2026-01-12T04:46:00+00:00,SET_000943,settlements.csv,settlements:SET_000943
19648.37,BATCH_20260111,INR,2026-01-11T06:50:00+00:00,MCH_ZERO,"{'amount': '19648.37', 'settled_at': '2026-01-11T06:50:00+00:00'}",PAY_000944,2026-01-11T06:50:00+00:00,SET_000944,settlements.csv,settlements:SET_000944
35596.00,BATCH_20260111,INR,2026-01-11T02:06:00+00:00,MCH_ZERO,"{'amount': '35596.00', 'settled_at': '2026-01-11T02:06:00+00:00'}",PAY_000945,2026-01-11T02:06:00+00:00,SET_000945,settlements.csv,settlements:SET_000945
3981.04,BATCH_20260113,INR,2026-01-13T01:54:00+00:00,MCH_SAAS,"{'amount': '3981.04', 'settled_at': '2026-01-13T01:54:00+00:00'}",PAY_000946,2026-01-13T01:54:00+00:00,SET_000946,settlements.csv,settlements:SET_000946
71689.63,BATCH_20260121,INR,2026-01-21T00:15:00+00:00,MCH_SWIFT,"{'amount': '71689.63', 'settled_at': '2026-01-21T00:15:00+00:00'}",PAY_000947,2026-01-21T00:15:00+00:00,SET_000947,settlements.csv,settlements:SET_000947
64634.05,BATCH_20260113,INR,2026-01-13T04:26:00+00:00,MCH_TRAVEL,"{'amount': '64634.05', 'settled_at': '2026-01-13T04:26:00+00:00'}",PAY_000948,2026-01-13T04:26:00+00:00,SET_000948,settlements.csv,settlements:SET_000948
54721.65,BATCH_20260121,INR,2026-01-21T00:14:00+00:00,MCH_HEALTH,"{'amount': '54721.65', 'settled_at': '2026-01-21T00:14:00+00:00'}",PAY_000949,2026-01-21T00:14:00+00:00,SET_000949,settlements.csv,settlements:SET_000949
69712.38,BATCH_20260112,INR,2026-01-12T02:41:00+00:00,MCH_CAFE,"{'amount': '69712.38', 'settled_at': '2026-01-12T02:41:00+00:00'}",PAY_000951,2026-01-12T02:41:00+00:00,SET_000951,settlements.csv,settlements:SET_000951
5246.03,BATCH_20260112,INR,2026-01-12T07:53:00+00:00,MCH_CAFE,"{'amount': '5246.03', 'settled_at': '2026-01-12T07:53:00+00:00'}",PAY_000952,2026-01-12T07:53:00+00:00,SET_000952,settlements.csv,settlements:SET_000952
41176.33,BATCH_20260121,INR,2026-01-21T00:55:00+00:00,MCH_HEALTH,"{'amount': '41176.33', 'settled_at': '2026-01-21T00:55:00+00:00'}",PAY_000953,2026-01-21T00:55:00+00:00,SET_000953,settlements.csv,settlements:SET_000953
85582.92,BATCH_20260112,INR,2026-01-12T02:04:00+00:00,MCH_SWIFT,"{'amount': '85582.92', 'settled_at': '2026-01-12T02:04:00+00:00'}",PAY_000954,2026-01-12T02:04:00+00:00,SET_000954,settlements.csv,settlements:SET_000954
551.70,BATCH_20260113,INR,2026-01-13T07:56:00+00:00,MCH_TRAVEL,"{'amount': '551.70', 'settled_at': '2026-01-13T07:56:00+00:00'}",PAY_000955,2026-01-13T07:56:00+00:00,SET_000955,settlements.csv,settlements:SET_000955
63220.08,BATCH_20260112,INR,2026-01-12T09:05:00+00:00,MCH_HEALTH,"{'amount': '63220.08', 'settled_at': '2026-01-12T09:05:00+00:00'}",PAY_000956,2026-01-12T09:05:00+00:00,SET_000956,settlements.csv,settlements:SET_000956
77132.12,BATCH_20260113,INR,2026-01-13T09:11:00+00:00,MCH_SAAS,"{'amount': '77132.12', 'settled_at': '2026-01-13T09:11:00+00:00'}",PAY_000957,2026-01-13T09:11:00+00:00,SET_000957,settlements.csv,settlements:SET_000957
25030.15,BATCH_20260112,INR,2026-01-12T07:18:00+00:00,MCH_CAFE,"{'amount': '25030.15', 'settled_at': '2026-01-12T07:18:00+00:00'}",PAY_000958,2026-01-12T07:18:00+00:00,SET_000958,settlements.csv,settlements:SET_000958
11871.83,BATCH_20260112,INR,2026-01-12T09:33:00+00:00,MCH_SWIFT,"{'amount': '11871.83', 'settled_at': '2026-01-12T09:33:00+00:00'}",PAY_000959,2026-01-12T09:33:00+00:00,SET_000959,settlements.csv,settlements:SET_000959
5007.32,BATCH_20260112,INR,2026-01-12T05:42:00+00:00,MCH_CAFE,"{'amount': '5007.32', 'settled_at': '2026-01-12T05:42:00+00:00'}",PAY_000960,2026-01-12T05:42:00+00:00,SET_000960,settlements.csv,settlements:SET_000960
51216.91,BATCH_20260113,INR,2026-01-13T04:58:00+00:00,MCH_TRAVEL,"{'amount': '51216.91', 'settled_at': '2026-01-13T04:58:00+00:00'}",PAY_000961,2026-01-13T04:58:00+00:00,SET_000961,settlements.csv,settlements:SET_000961
25179.79,BATCH_20260112,INR,2026-01-12T04:55:00+00:00,MCH_HEALTH,"{'amount': '25179.79', 'settled_at': '2026-01-12T04:55:00+00:00'}",PAY_000962,2026-01-12T04:55:00+00:00,SET_000962,settlements.csv,settlements:SET_000962
8664.88,BATCH_20260113,INR,2026-01-13T06:03:00+00:00,MCH_TRAVEL,"{'amount': '8664.88', 'settled_at': '2026-01-13T06:03:00+00:00'}",PAY_000963,2026-01-13T06:03:00+00:00,SET_000963,settlements.csv,settlements:SET_000963
87432.98,BATCH_20260122,INR,2026-01-22T02:18:00+00:00,MCH_TRAVEL,"{'amount': '87432.98', 'settled_at': '2026-01-22T02:18:00+00:00'}",PAY_000964,2026-01-22T02:18:00+00:00,SET_000964,settlements.csv,settlements:SET_000964
82199.93,BATCH_20260113,INR,2026-01-13T09:16:00+00:00,MCH_SAAS,"{'amount': '82199.93', 'settled_at': '2026-01-13T09:16:00+00:00'}",PAY_000965,2026-01-13T09:16:00+00:00,SET_000965,settlements.csv,settlements:SET_000965
15894.17,BATCH_20260112,INR,2026-01-12T03:31:00+00:00,MCH_CAFE,"{'amount': '15894.17', 'settled_at': '2026-01-12T03:31:00+00:00'}",PAY_000966,2026-01-12T03:31:00+00:00,SET_000966,settlements.csv,settlements:SET_000966
29160.11,BATCH_20260113,INR,2026-01-13T08:40:00+00:00,MCH_TRAVEL,"{'amount': '29160.11', 'settled_at': '2026-01-13T08:40:00+00:00'}",PAY_000967,2026-01-13T08:40:00+00:00,SET_000967,settlements.csv,settlements:SET_000967
33065.00,BATCH_20260111,INR,2026-01-11T04:45:00+00:00,MCH_ZERO,"{'amount': '33065.00', 'settled_at': '2026-01-11T04:45:00+00:00'}",PAY_000969,2026-01-11T04:45:00+00:00,SET_000969,settlements.csv,settlements:SET_000969
77964.75,BATCH_20260111,INR,2026-01-11T10:57:00+00:00,MCH_ZERO,"{'amount': '77964.75', 'settled_at': '2026-01-11T10:57:00+00:00'}",PAY_000971,2026-01-11T10:57:00+00:00,SET_000971,settlements.csv,settlements:SET_000971
44156.56,BATCH_20260112,INR,2026-01-12T11:06:00+00:00,MCH_SWIFT,"{'amount': '44156.56', 'settled_at': '2026-01-12T11:06:00+00:00'}",PAY_000972,2026-01-12T11:06:00+00:00,SET_000972,settlements.csv,settlements:SET_000972
82033.05,BATCH_20260111,INR,2026-01-11T04:04:00+00:00,MCH_ZERO,"{'amount': '82033.05', 'settled_at': '2026-01-11T04:04:00+00:00'}",PAY_000973,2026-01-11T04:04:00+00:00,SET_000973,settlements.csv,settlements:SET_000973
7288.97,BATCH_20260113,INR,2026-01-13T05:34:00+00:00,MCH_SAAS,"{'amount': '7288.97', 'settled_at': '2026-01-13T05:34:00+00:00'}",PAY_000975,2026-01-13T05:34:00+00:00,SET_000975,settlements.csv,settlements:SET_000975
7461.86,BATCH_20260113,INR,2026-01-13T05:37:00+00:00,MCH_TRAVEL,"{'amount': '7461.86', 'settled_at': '2026-01-13T05:37:00+00:00'}",PAY_000976,2026-01-13T05:37:00+00:00,SET_000976,settlements.csv,settlements:SET_000976
53096.32,BATCH_20260112,INR,2026-01-12T10:35:00+00:00,MCH_HEALTH,"{'amount': '53096.32', 'settled_at': '2026-01-12T10:35:00+00:00'}",PAY_000977,2026-01-12T10:35:00+00:00,SET_000977,settlements.csv,settlements:SET_000977
54997.19,BATCH_20260122,INR,2026-01-22T03:47:00+00:00,MCH_SAAS,"{'amount': '54997.19', 'settled_at': '2026-01-22T03:47:00+00:00'}",PAY_000978,2026-01-22T03:47:00+00:00,SET_000978,settlements.csv,settlements:SET_000978
42447.15,BATCH_20260112,INR,2026-01-12T05:47:00+00:00,MCH_HEALTH,"{'amount': '42447.15', 'settled_at': '2026-01-12T05:47:00+00:00'}",PAY_000979,2026-01-12T05:47:00+00:00,SET_000979,settlements.csv,settlements:SET_000979
25159.95,BATCH_20260112,INR,2026-01-12T10:12:00+00:00,MCH_HEALTH,"{'amount': '25159.95', 'settled_at': '2026-01-12T10:12:00+00:00'}",PAY_000980,2026-01-12T10:12:00+00:00,SET_000980,settlements.csv,settlements:SET_000980
61807.81,BATCH_20260113,INR,2026-01-13T07:06:00+00:00,MCH_SAAS,"{'amount': '61807.81', 'settled_at': '2026-01-13T07:06:00+00:00'}",PAY_000981,2026-01-13T07:06:00+00:00,SET_000981,settlements.csv,settlements:SET_000981
69799.44,BATCH_20260112,INR,2026-01-12T09:24:00+00:00,MCH_HEALTH,"{'amount': '69799.44', 'settled_at': '2026-01-12T09:24:00+00:00'}",PAY_000983,2026-01-12T09:24:00+00:00,SET_000983,settlements.csv,settlements:SET_000983
1327.59,BATCH_20260112,INR,2026-01-12T08:28:00+00:00,MCH_CAFE,"{'amount': '1327.59', 'settled_at': '2026-01-12T08:28:00+00:00'}",PAY_000984,2026-01-12T08:28:00+00:00,SET_000984,settlements.csv,settlements:SET_000984
72151.44,BATCH_20260112,INR,2026-01-12T08:34:00+00:00,MCH_HEALTH,"{'amount': '72151.44', 'settled_at': '2026-01-12T08:34:00+00:00'}",PAY_000985,2026-01-12T08:34:00+00:00,SET_000985,settlements.csv,settlements:SET_000985
27254.57,BATCH_20260111,INR,2026-01-11T10:50:00+00:00,MCH_ZERO,"{'amount': '27254.57', 'settled_at': '2026-01-11T10:50:00+00:00'}",PAY_000986,2026-01-11T10:50:00+00:00,SET_000986,settlements.csv,settlements:SET_000986
38777.78,BATCH_20260121,INR,2026-01-21T04:44:00+00:00,MCH_HEALTH,"{'amount': '38777.78', 'settled_at': '2026-01-21T04:44:00+00:00'}",PAY_000987,2026-01-21T04:44:00+00:00,SET_000987,settlements.csv,settlements:SET_000987
28325.57,BATCH_20260113,INR,2026-01-13T08:55:00+00:00,MCH_SAAS,"{'amount': '28325.57', 'settled_at': '2026-01-13T08:55:00+00:00'}",PAY_000988,2026-01-13T08:55:00+00:00,SET_000988,settlements.csv,settlements:SET_000988
47727.49,BATCH_20260112,INR,2026-01-12T06:11:00+00:00,MCH_SWIFT,"{'amount': '47727.49', 'settled_at': '2026-01-12T06:11:00+00:00'}",PAY_000989,2026-01-12T06:11:00+00:00,SET_000989,settlements.csv,settlements:SET_000989
1558.89,BATCH_20260112,INR,2026-01-12T08:18:00+00:00,MCH_CAFE,"{'amount': '1558.89', 'settled_at': '2026-01-12T08:18:00+00:00'}",PAY_000990,2026-01-12T08:18:00+00:00,SET_000990,settlements.csv,settlements:SET_000990
56746.45,BATCH_20260112,INR,2026-01-12T06:23:00+00:00,MCH_CAFE,"{'amount': '56746.45', 'settled_at': '2026-01-12T06:23:00+00:00'}",PAY_000991,2026-01-12T06:23:00+00:00,SET_000991,settlements.csv,settlements:SET_000991
25753.88,BATCH_20260112,INR,2026-01-12T11:24:00+00:00,MCH_SWIFT,"{'amount': '25753.88', 'settled_at': '2026-01-12T11:24:00+00:00'}",PAY_000992,2026-01-12T11:24:00+00:00,SET_000992,settlements.csv,settlements:SET_000992
31884.22,BATCH_20260112,INR,2026-01-12T07:27:00+00:00,MCH_HEALTH,"{'amount': '31884.22', 'settled_at': '2026-01-12T07:27:00+00:00'}",PAY_000993,2026-01-12T07:27:00+00:00,SET_000993,settlements.csv,settlements:SET_000993
89095.00,BATCH_20260111,INR,2026-01-11T09:37:00+00:00,MCH_ZERO,"{'amount': '89095.00', 'settled_at': '2026-01-11T09:37:00+00:00'}",PAY_000994,2026-01-11T09:37:00+00:00,SET_000994,settlements.csv,settlements:SET_000994
58770.91,BATCH_20260121,INR,2026-01-21T05:43:00+00:00,MCH_CAFE,"{'amount': '58770.91', 'settled_at': '2026-01-21T05:43:00+00:00'}",PAY_000995,2026-01-21T05:43:00+00:00,SET_000995,settlements.csv,settlements:SET_000995
19231.00,BATCH_20260111,INR,2026-01-11T12:01:00+00:00,MCH_ZERO,"{'amount': '19231.00', 'settled_at': '2026-01-11T12:01:00+00:00'}",PAY_000996,2026-01-11T12:01:00+00:00,SET_000996,settlements.csv,settlements:SET_000996
77146.80,BATCH_20260112,INR,2026-01-12T10:52:00+00:00,MCH_CAFE,"{'amount': '77146.80', 'settled_at': '2026-01-12T10:52:00+00:00'}",PAY_000997,2026-01-12T10:52:00+00:00,SET_000997,settlements.csv,settlements:SET_000997
42467.52,BATCH_20260112,INR,2026-01-12T14:10:00+00:00,MCH_SWIFT,"{'amount': '42467.52', 'settled_at': '2026-01-12T14:10:00+00:00'}",PAY_000998,2026-01-12T14:10:00+00:00,SET_000998,settlements.csv,settlements:SET_000998
10769.79,BATCH_20260121,INR,2026-01-21T06:10:00+00:00,MCH_SWIFT,"{'amount': '10769.79', 'settled_at': '2026-01-21T06:10:00+00:00'}",PAY_000999,2026-01-21T06:10:00+00:00,SET_000999,settlements.csv,settlements:SET_000999
65706.28,BATCH_20260113,INR,2026-01-13T12:29:00+00:00,MCH_TRAVEL,"{'amount': '65706.28', 'settled_at': '2026-01-13T12:29:00+00:00'}",PAY_001000,2026-01-13T12:29:00+00:00,SET_001000,settlements.csv,settlements:SET_001000
